failed_attempts,num_target_servers,num_source_ports,ssh_client_diversity,avg_time_between_attempts,time_variance,total_duration_minutes,attempts_per_minute,port_entropy,target_entropy,session_duration,failures_per_ip,attempts_frequency,port_variability,target_diversity_ratio,attempts_efficiency,global_entropy,is_night,is_weekend,fail2ban_triggered,speed_category_code,is_attack
-0.19476042461207432,-0.48317500023919485,-0.187729609385173,-0.8815382388578968,-0.24734837766340942,-0.2055868561504778,-0.3842455271584316,-0.13813243023355096,-0.5693651455269977,-0.547929868847325,1.552201128909715,-0.20070034495295755,-0.17356687266010842,-0.15631339825045992,-0.3423368460633143,-0.6802093996032224,-0.5806749931798404,0,0,0,0,0
-0.19476042461207432,-0.48317500023919485,-0.187729609385173,-0.8815382388578968,-0.2980723536343653,-0.20558864080657702,-0.37009449776035575,-0.13971543601251946,-0.5693651455269977,-0.547929868847325,0.871153852564564,-0.1712272380681801,-0.17356399316585067,-0.15631339825045992,-0.3423368460633143,-0.6802093996032224,-0.5806749931798404,0,0,0,0,0
-0.19904782285894865,-0.48317500023919485,-0.187729609385173,-0.8815382388578968,-0.16011194731147851,-0.20558701505492413,-0.36622709158480765,-0.1415403388984309,-0.5693651455269977,-0.547929868847325,5.638484786943837,-0.20499850637365424,-0.1735716718283139,-0.15631339825045992,-0.3423368460633143,-1.1698105816007176,-0.5806749931798404,0,0,0,0,0
-0.19476042461207432,-0.48317500023919485,-0.187729609385173,-0.8815382388578968,-0.22533899320784936,-0.205588009209909,-0.38131801926122055,-0.13985561415631523,-0.5693651455269977,-0.547929868847325,3.368327199144184,-0.19517413741206177,-0.17356927224247534,-0.15631339825045992,-0.3423368460633143,-0.6802093996032224,-0.5806749931798404,0,1,0,0,0
-0.19904782285894865,-0.48317500023919485,-0.187729609385173,-0.8815382388578968,-0.2443444810267317,-0.205587521563164,-0.389968105709867,-0.1415403388984309,-0.5693651455269977,-0.547929868847325,2.6872799228042874,-0.20131436801305708,-0.1735716718283139,-0.15631339825045992,-0.3423368460633143,-1.1698105816007176,-0.5806749931798404,0,0,0,0,0
-0.19476042461207432,-0.48317500023919485,-0.187729609385173,-0.8815382388578968,-0.14827398482878817,-0.20558785660758766,-0.38215332166728727,-0.13880248320376037,-0.5693651455269977,-0.547929868847325,0.871153852569819,-0.1982442527125594,-0.1735639931658507,-0.15631339825045992,-0.3423368460633143,-0.6802093996032224,-0.5806749931798404,0,0,0,0,0
-0.14759904389645687,0.7323595915575218,-0.1405128332736627,0.6616359210683995,2.826451771538175,7.359748700587947,2.4570525509261545,-0.14133600200351248,0.8789200700343248,1.9282907803005933,-0.05565858225680323,-0.19087597599136505,-0.17306948047016477,-0.1388733577987611,0.5988702580717964,-0.26593147637457243,1.3095208974738999,0,0,0,0,1
-0.19047302636520003,-0.48317500023919485,-0.187729609385173,-0.8815382388578968,-0.25080056372646886,-0.20558852465838787,-0.3891823097986532,-0.13580927486712022,-0.5693651455269977,-0.547929868847325,5.4114690281638715,-0.19763022965245988,-0.17356860035764066,-0.15631339825045992,-0.3423368460633143,-0.19060821760572702,-0.5806749931798404,0,0,0,0,0
1.6573956180376295,3.163428775150955,1.6494322247717732,0.6616359210683995,-0.32866684805344987,-0.20550347738161653,-0.2694255458365058,0.024092926793529604,2.9613962048416163,2.738790710467915,-0.2546539751098073,0.31200891023015015,0.23338898215419984,1.3636663468157846,3.1972804677647804,-0.18377657320576204,2.9778117533594495,0,1,0,1,1
-0.14331164564958257,0.17984386801355973,-0.13622039908170722,0.6616359210683995,-0.06936318471972784,-0.14740912959142066,-0.13737576473264498,-0.1391021664034373,0.9255715891756859,1.3704620535032195,-0.24501615770080848,-0.12640355468091438,-0.1675802208776941,-0.13681143603360435,0.08301663045244766,-0.2605512436053692,1.1270577499749308,0,0,0,0,1
-0.19476042461207432,-0.48317500023919485,-0.187729609385173,-0.8815382388578968,-0.33224717778067014,-0.2055894715356195,-0.39644902136256227,-0.1415403388984309,-0.5693651455269977,-0.547929868847325,-0.2639249413589106,-0.21298080615494813,3.1436181910244345,-0.15631339825045992,-0.3423368460633143,-0.6802093996032224,-0.5806749931798404,0,0,0,1,0
-0.17332343337770276,-0.26216871082161,-0.1662674384253956,-0.8815382388578968,0.011685523004153191,-0.19003309898016155,-0.25522106663003136,-0.13947603211146878,0.474931125862668,0.5468422163896468,-0.25361724353658016,-0.16999919194798102,-0.1684995290006549,-0.15002576615254637,-0.2383066110771454,-0.33049426960501144,0.5186356830789769,0,0,0,0,1
-0.19047302636520003,-0.48317500023919485,-0.187729609385173,-0.8815382388578968,-0.2731528065778483,-0.2055876158915437,-0.3663211506557146,-0.1376156697589769,-0.5693651455269977,-0.547929868847325,2.914295681584253,-0.10491274757743084,-0.17356618706124965,-0.15631339825045992,-0.3423368460633143,-0.19060821760572702,-0.5806749931798404,0,0,0,0,0
-0.19047302636520003,-0.48317500023919485,-0.1834371751932175,-0.8815382388578968,-0.32082808012058756,-0.2055894715356195,-0.3955112240534246,-0.03791530798024796,-0.16537620135534079,-0.547929868847325,-0.2638564950561403,-0.1816656300898721,0.07169190226061098,-0.15550260220781462,-0.3423368460633143,-0.5170090056040573,-0.3170465883815328,0,0,0,0,0
-0.19904782285894865,-0.48317500023919485,-0.187729609385173,-0.8815382388578968,-0.1566469609627255,-0.20558822809161686,-0.3806960401713681,-0.1415403388984309,-0.5693651455269977,-0.547929868847325,0.41712233500200563,-0.20684057555395285,-0.1735716718283139,-0.15631339825045992,-0.3423368460633143,-1.1698105816007176,-0.5806749931798404,0,1,0,0,0
2.429127302475006,3.2739319198597476,2.396315774172027,0.6616359210683995,-0.3129209787201358,-0.20420884036258455,0.5748994714692618,-0.11087632072717418,3.1577905450247443,2.838200167071093,-0.19302986424231547,2.4174939833114393,-0.09821167133914921,2.0990004736703978,3.411594157116643,-0.1760174539038149,3.1439130740980645,0,0,0,0,1
-0.19476042461207432,-0.48317500023919485,-0.187729609385173,-0.8815382388578968,-0.19016171794521494,-0.2055877904719342,-0.37397200168442296,-0.1371157016595854,-0.5693651455269977,-0.547929868847325,1.3251853701218672,-0.20131436801305708,-0.17356618706578406,-0.15631339825045992,-0.3423368460633143,-0.6802093996032224,-0.5806749931798404,0,0,0,0,0
-0.19047302636520003,-0.48317500023919485,-0.187729609385173,-0.8815382388578968,-0.10241191507629854,-0.20558660177237043,-0.38428534070980014,-0.13726811628135838,-0.5693651455269977,-0.547929868847325,4.503405993044011,-0.1650870074671848,-0.1735680153159301,-0.15631339825045992,-0.3423368460633143,-0.19060821760572702,-0.5806749931798404,0,0,0,0,0
-0.16474863688395414,-0.15166556611281756,-0.15768257004148462,-0.8815382388578968,-0.33181821823422003,-0.20558945730874972,-0.3962024221061402,1.4347705805155226,0.6426016869879729,0.8335186950636215,-0.2639069430032847,-0.16815712276768244,3.2070040254935557,-0.14658384573871647,-0.16730812466650266,-0.29940848027183714,0.7374670308116977,0,1,0,2,1
2.2619187708469077,4.710472801074049,2.233203274877719,2.2048100809946956,-0.2639037333439752,-0.12812342320807754,2.8196445905611576,-0.13286818710971954,3.1204872843636293,2.6333193997074757,-0.029194351551340002,1.8980304744672365,-0.15225840933062101,1.9357247033646576,4.494412112667369,-0.1767679015068578,3.041373586918203,0,0,0,0,1
-0.19476042461207432,-0.48317500023919485,-0.187729609385173,-0.8815382388578968,-0.18673507865009192,-0.20558879921901224,-0.3758525967483976,-0.1396609252435278,-0.5693651455269977,-0.547929868847325,1.5522011289018325,-0.1982442527125594,-0.1735668726601084,-0.15631339825045992,-0.3423368460633143,-0.6802093996032224,-0.5806749931798404,0,0,0,0,0
-0.19904782285894865,-0.48317500023919485,-0.187729609385173,-0.8815382388578968,-0.24672505939354838,-0.20558770660923584,-0.3804018666959864,-0.1415403388984309,-0.5693651455269977,-0.547929868847325,4.957437510667001,-0.18719183763076788,-0.1735716718283139,-0.15631339825045992,-0.3423368460633143,-1.1698105816007176,-0.5806749931798404,0,1,0,0,0
-0.19047302636520003,-0.3726718555304024,-0.1834371751932175,-0.8815382388578968,8.41351040591881,-0.2055894715356195,0.3217993177364626,-0.14140503851573,-0.16537620135534079,0.14279441310814822,-0.21150269356094567,-0.20070034495295755,-0.17323916146737117,-0.15550260220781462,-0.2985796657141114,-0.5170090056040573,-0.05341818358322518,0,0,0,0,0
-0.19476042461207432,-0.48317500023919485,-0.187729609385173,-0.8815382388578968,-0.2750528649372166,-0.20558885051207942,-0.3822036869777384,-0.13975893231869319,-0.5693651455269977,-0.547929868847325,3.8223587167041146,-0.2037704602534552,-0.17356953886295262,-0.15631339825045992,-0.3423368460633143,-0.6802093996032224,-0.5806749931798404,0,0,0,0,0
-0.19476042461207432,-0.48317500023919485,-0.187729609385173,-0.8815382388578968,-0.13971091560928953,-0.20558883950399476,-0.39128714967882455,-0.13903798009111895,-0.5693651455269977,-0.547929868847325,5.63848478694121,-0.20499850637365424,-0.17357019515969468,-0.15631339825045992,-0.3423368460633143,-0.6802093996032224,-0.5806749931798404,0,0,0,0,0
-0.17332343337770276,-0.26216871082161,-0.1662674384253956,-0.8815382388578968,-0.33217441134520237,-0.2055894711584727,-0.396419141448298,9.61544299394012,0.474931125862668,0.5468422163896468,-0.2639227605358022,-0.2037704602534552,10.702459702597592,-0.15002576615254637,-0.2383066110771454,-0.33049426960501144,0.5186356830789769,0,0,0,2,1
-0.19904782285894865,-0.48317500023919485,-0.187729609385173,-0.8815382388578968,-0.11029930878210051,-0.20558683154276744,-0.37863310478577983,-0.1415403388984309,-0.5693651455269977,-0.547929868847325,3.1413114403668456,-0.17859551478937447,-0.1735716718283139,-0.15631339825045992,-0.3423368460633143,-1.1698105816007176,-0.5806749931798404,0,0,0,0,0
-0.19904782285894865,-0.48317500023919485,-0.187729609385173,-0.8815382388578968,-0.2310954026296271,-0.20558724402969233,-0.37376551645422185,-0.1415403388984309,-0.5693651455269977,-0.547929868847325,2.0062326464617635,-0.20561252943375377,-0.1735716718283139,-0.15631339825045992,-0.3423368460633143,-1.1698105816007176,-0.5806749931798404,0,1,0,0,0
0.40976272819720394,0.8428627362663142,0.41750361168054995,0.6616359210683995,-0.28238749998710505,-0.19942046723813156,0.18090976196094882,-0.1295898347487522,2.319053644376044,1.5964534466861142,-0.22178569290989306,0.8443669033364428,-0.1442028129227352,0.2552726553485751,0.5406624990079753,-0.19745578658471297,2.1226471843018033,0,1,0,0,1
-0.19904782285894865,-0.48317500023919485,-0.187729609385173,-0.8815382388578968,-0.07438915494807431,-0.2055880928193892,-0.386086247867109,-0.1415403388984309,-0.5693651455269977,-0.547929868847325,1.5522011289044602,-0.19087597599136505,-0.1735716718283139,-0.15631339825045992,-0.3423368460633143,-1.1698105816007176,-0.5806749931798404,0,0,0,0,0
9.940649030998804,-0.48317500023919485,9.959584820397586,-0.8815382388578968,-0.33216650564845707,-0.20558848866219345,-0.38078690633854523,7.195558941361007,3.9583912300643567,-0.547929868847325,-0.26278182242370374,9.952784976852874,17.817425041175028,10.589179473890724,-0.3423368460633143,-0.19102208166489656,2.37397316695726,0,1,1,3,1
-0.19476042461207432,-0.48317500023919485,-0.187729609385173,-0.8815382388578968,-0.16945002095268272,-0.20558733031138782,-0.3656043872444628,-0.13813055838106622,-0.5693651455269977,-0.547929868847325,5.638484786943837,-0.2080686216741519,-0.17357019515969468,-0.15631339825045992,-0.3423368460633143,-0.6802093996032224,-0.5806749931798404,0,0,0,0,0
-0.19904782285894865,-0.48317500023919485,-0.187729609385173,-0.8815382388578968,-0.24306294499732162,-0.20558863125514676,-0.3652079630378523,-0.1415403388984309,-0.5693651455269977,-0.547929868847325,3.595342957926776,-0.20315643719335566,-0.1735716718283139,-0.15631339825045992,-0.3423368460633143,-1.1698105816007176,-0.5806749931798404,0,1,0,0,0
-0.17332343337770276,-0.26216871082161,-0.1662674384253956,-0.8815382388578968,-0.060349914959781856,-0.19288528123015866,-0.2848007417557922,-0.13892912243822253,0.474931125862668,0.5468422163896468,-0.25577615289281475,-0.18227965314997163,-0.1671561677176475,-0.15002576615254637,-0.2383066110771454,-0.33049426960501144,0.5186356830789769,0,1,0,0,1
-0.19904782285894865,-0.48317500023919485,-0.187729609385173,-0.8815382388578968,-0.16735298026947443,-0.20558744272253657,-0.37735379521310475,-0.1415403388984309,-0.5693651455269977,-0.547929868847325,5.865500545721176,-0.2080686216741519,-0.1735716718283139,-0.15631339825045992,-0.3423368460633143,-1.1698105816007176,-0.5806749931798404,0,0,0,0,0
0.18681801935973963,1.6163847492278614,0.1900045995069094,-0.8815382388578968,0.1918441655974811,0.39297405448477774,3.434216107108566,-0.1403987441008474,2.0442942004840257,2.093850167276871,0.015660914486244355,0.2278877509965145,-0.1707660067668372,0.07711362614908347,1.3312230461175436,-0.19060821760572702,2.1331903907971803,0,0,0,0,1
-0.19047302636520003,-0.48317500023919485,-0.187729609385173,-0.8815382388578968,-0.30576851016952283,-0.20558898031156958,-0.36609449187189075,-0.1374436106750729,-0.5693651455269977,-0.547929868847325,3.8223587167014865,-0.21113873697464955,-0.17356740589759131,-0.15631339825045992,-0.3423368460633143,-0.19060821760572702,-0.5806749931798404,0,0,0,0,0
-0.19047302636520003,-0.48317500023919485,-0.187729609385173,-0.8815382388578968,-0.0772695239549082,-0.205586817849772,-0.3773374909217817,-0.13736502708495968,-0.5693651455269977,-0.547929868847325,5.184453269394417,-0.19087597599136505,-0.17356847237975767,-0.15631339825045992,-0.3423368460633143,-0.19060821760572702,-0.5806749931798404,0,1,0,0,0
-0.19476042461207432,-0.48317500023919485,-0.187729609385173,-0.8815382388578968,-0.33224717778067014,-0.2055894715356195,-0.39644902136256227,-0.1415403388984309,-0.5693651455269977,-0.547929868847325,-0.2639249413589106,-0.20131436801305708,3.1436181910244345,-0.15631339825045992,-0.3423368460633143,-0.6802093996032224,-0.5806749931798404,0,1,0,1,0
0.4912232948878159,4.710472801074049,0.4990598613277041,-0.8815382388578968,-0.04209598857283074,0.11995192666321788,3.4161535189723304,-0.13948847758659308,2.3922442238727046,3.1104735640552987,0.014342594037653226,0.7921749432279828,-0.16852887087167248,0.32216881244535894,5.219873939999052,-0.19665267664273317,2.7482640094657214,0,0,0,0,1
-0.19904782285894865,-0.48317500023919485,-0.187729609385173,-0.8815382388578968,-0.296003329207287,-0.20558844813462296,-0.37507326710198013,-0.1415403388984309,-0.5693651455269977,-0.547929868847325,0.6441380937845985,-0.19394609129186272,-0.1735716718283139,-0.15631339825045992,-0.3423368460633143,-1.1698105816007176,-0.5806749931798404,0,0,0,0,0
-0.17332343337770276,-0.48317500023919485,-0.1662674384253956,-0.8815382388578968,-0.32619878219732346,-0.20558898991307753,-0.3939653884889573,-0.02415671567396363,0.474931125862668,-0.547929868847325,-0.26374367032649737,-0.1712272380681801,0.11079951225902397,-0.15002576615254637,-0.3423368460633143,-0.33049426960501144,0.10079454734872208,0,1,0,0,1
-0.17332343337770276,-0.3726718555304024,-0.1662674384253956,-0.8815382388578968,0.05989296439969029,-0.15836603347601932,-0.235425803393435,-0.13972980605018637,0.474931125862668,0.14279441310814822,-0.25217246164643564,-0.1368419467026064,-0.1691229295337944,-0.15002576615254637,-0.2985796657141114,-0.33049426960501144,0.3644229521470297,0,0,0,0,1
-0.19476042461207432,-0.48317500023919485,-0.187729609385173,-0.8815382388578968,-0.2474310094310294,-0.2055877029462078,-0.39191214708186256,-0.13880572103973546,-0.5693651455269977,-0.547929868847325,2.6872799228042874,-0.10491274757743084,-0.17356871849239022,-0.15631339825045992,-0.3423368460633143,-0.6802093996032224,-0.5806749931798404,0,0,0,0,0
-0.13473684915583392,0.17984386801355973,-0.12763553069779626,-0.8815382388578968,2.550368606529401,3.0993979431452297,2.917852308769511,-0.14132042993691568,1.0089754611870636,1.212902734883002,-0.02202653916763924,-0.2019283910731566,-0.17303120862020277,-0.1325557124957038,0.048081952531968994,-0.25180836535541395,1.1213484760409511,0,0,0,0,1
-0.17332343337770276,-0.26216871082161,-0.1662674384253956,0.6616359210683995,1.1180737858452967,0.025052572523778835,0.19909150979127468,-0.14105080408054319,0.474931125862668,0.4599390284081431,-0.22045867544506756,-0.18105160702977258,-0.17236861744812043,-0.15002576615254637,-0.24656454822102694,-0.33049426960501144,0.485467385079388,0,0,0,0,1
-0.19904782285894865,-0.48317500023919485,-0.187729609385173,-0.8815382388578968,-0.25746578111042245,-0.20558858239534444,-0.3656893557922059,-0.1415403388984309,-0.5693651455269977,-0.547929868847325,2.2332484052548662,-0.10491274757743084,-0.1735716718283139,-0.15631339825045992,-0.3423368460633143,-1.1698105816007176,-0.5806749931798404,0,0,0,0,0
0.0882078596816304,2.1689004727718233,0.09557104728388881,-0.8815382388578968,0.2732315299388711,0.7157821816639027,2.8854106418197873,-0.14054836908503707,1.8812678217771384,2.4189141480721768,-0.024394334551915284,0.03938267154595875,-0.17113373966569226,0.00845169893308353,2.0070218652876823,-0.2050082523703592,2.15087235382266,0,0,0,0,1
-0.1861856281183257,-0.48317500023919485,-0.187729609385173,-0.8815382388578968,-0.10710824431835235,-0.20558892972014453,-0.3835258361372253,-0.13134520742675485,-0.5693651455269977,-0.547929868847325,3.368327199141556,-0.17491137642877727,-0.17356447307079817,-0.15631339825045992,-0.3423368460633143,0.2989929643917683,-0.5806749931798404,0,1,0,0,0
-0.1561738403902055,0.29034701272235214,-0.14909770165757366,-0.8815382388578968,-0.2968759811202787,-0.2055505324609494,-0.37030517637822563,-0.12295484100923294,0.7726570781407114,1.4703168164192721,-0.2620168003363696,-0.14605229260409935,-0.12795700415243827,-0.14284636748402554,0.16908449239824247,-0.2796266143325444,1.0653828539205095,0,1,0,0,1
-0.19047302636520003,-0.48317500023919485,-0.1834371751932175,-0.8815382388578968,-0.2565699025393398,-0.2055894715356195,-0.39023399919559376,-0.12590414765990757,-0.16537620135534079,-0.547929868847325,-0.2634713302406281,-0.20070034495295755,-0.13536400238755317,-0.15550260220781462,-0.3423368460633143,-0.5170090056040573,-0.3170465883815328,0,0,0,0,0
0.28542817903784884,0.9533658809751068,0.2887305859218855,-0.8815382388578968,0.10044934410418187,0.15212879826497872,3.583510198768582,-0.14016076972635239,2.1787615057613623,1.683204192344482,0.026557329333494924,0.6325289476021049,-0.17018114272053234,0.15255033121321027,0.6470549653219853,-0.19060821760572702,2.0642077827218923,0,0,0,0,1
-0.1561738403902055,0.17984386801355973,-0.14909770165757366,-0.8815382388578968,0.3173083082356643,-0.052431038523934936,0.0836556810522829,-0.1405282755436503,0.7726570781407114,1.3321719600281774,-0.22888390289189958,-0.15587666156569185,-0.17108451562944837,-0.14284636748402554,0.07452679884610584,-0.2796266143325444,1.0126571729608476,0,1,0,0,1
-0.19476042461207432,-0.48317500023919485,-0.187729609385173,-0.8815382388578968,-0.19132864898842458,-0.20558676693275096,-0.37243981659476977,-0.13925129851168183,-0.5693651455269977,-0.547929868847325,3.368327199173086,-0.21543689839534627,-0.17356927224247534,-0.15631339825045992,-0.3423368460633143,-0.6802093996032224,-0.5806749931798404,0,1,0,0,0
-0.10043766318083941,0.6218564468487294,-0.09329605716215239,2.2048100809946956,0.008847306464050958,-0.09172156964280612,0.219826010296877,-0.13972692507040976,1.25810387299555,1.7130520837120218,-0.21894534215298958,-0.047194579928075006,-0.16911511469296026,-0.11413500772519418,0.44544213763463364,-0.23140831610551826,1.4748123247247023,0,1,0,0,1
-0.19476042461207432,-0.48317500023919485,-0.187729609385173,-0.8815382388578968,-0.2052788245686223,-0.20558790830039153,-0.3693077767134918,-0.13926670128300397,-0.5693651455269977,-0.547929868847325,5.86550054572643,-0.16815712276768244,-0.1735702498511016,-0.15631339825045992,-0.3423368460633143,-0.6802093996032224,-0.5806749931798404,0,0,0,0,0
-0.1518864421433312,-0.04116242140402514,-0.14480526746561817,-0.8815382388578968,3.267344347607571,6.715015955488063,2.559727856315467,-0.14135953577484753,0.82820698152033,0.8140038395302116,-0.04816469746920397,-0.17859551478937447,-0.17312731836971842,-0.14088648418639785,-0.12664159523030435,-0.2722084146053096,0.8511380300124783,0,0,0,0,1
-0.19476042461207432,-0.48317500023919485,-0.187729609385173,-0.8815382388578968,-0.23262882990526054,-0.20558795545400438,-0.3668335099523387,-0.1400196661878507,-0.5693651455269977,-0.547929868847325,0.41712233500463314,-0.1712272380681801,-0.17355887407729156,-0.15631339825045992,-0.3423368460633143,-0.6802093996032224,-0.5806749931798404,0,1,0,0,0
-0.14331164564958257,-0.26216871082161,-0.13622039908170722,-0.8815382388578968,-0.32141072471121807,-0.20555244556357438,-0.38576965204133784,-0.08239215612624311,0.9255715891756859,0.5217123586433449,-0.263145494312503,-0.11719320877942144,-0.02869188604701526,-0.13681143603360435,-0.24069456473596645,-0.2605512436053692,0.8031158617652108,0,1,0,0,1
-0.1861856281183257,-0.48317500023919485,-0.187729609385173,-0.8815382388578968,-0.11672368795149879,-0.20558787491695568,-0.38786973902013266,-0.13044869616864416,-0.5693651455269977,-0.547929868847325,1.0981696113471568,-0.19148999905146458,-0.17355247516474967,-0.15631339825045992,-0.3423368460633143,0.2989929643917683,-0.5806749931798404,0,0,0,0,0
-0.19047302636520003,-0.48317500023919485,-0.187729609385173,-0.8815382388578968,-0.19631018252946764,-0.20558854677604063,-0.384732002207758,-0.13843205857009316,-0.5693651455269977,-0.547929868847325,4.730421751821348,-0.19026195293126552,-0.17356818152095102,-0.15631339825045992,-0.3423368460633143,-0.19060821760572702,-0.5806749931798404,0,0,0,0,0
-0.19904782285894865,-0.48317500023919485,-0.187729609385173,-0.8815382388578968,-0.2933791807975695,-0.2055876463919389,-0.36913947321608676,-0.1415403388984309,-0.5693651455269977,-0.547929868847325,2.6872799228016597,-0.19885827577265897,-0.1735716718283139,-0.15631339825045992,-0.3423368460633143,-1.1698105816007176,-0.5806749931798404,0,0,0,0,0
-0.19476042461207432,-0.48317500023919485,-0.187729609385173,-0.8815382388578968,-0.1816358754243744,-0.20558746249558524,-0.3742636688989521,-0.1393751171023347,-0.5693651455269977,-0.547929868847325,3.1413114403615903,-0.19394609129186272,-0.17356911227020952,-0.15631339825045992,-0.3423368460633143,-0.6802093996032224,-0.5806749931798404,0,0,0,0,0
-0.19904782285894865,-0.48317500023919485,-0.187729609385173,-0.8815382388578968,-0.08089000375049078,-0.20558727925841785,-0.37149215396302365,-0.1415403388984309,-0.5693651455269977,-0.547929868847325,4.276390234264046,-0.16815712276768244,-0.1735716718283139,-0.15631339825045992,-0.3423368460633143,-1.1698105816007176,-0.5806749931798404,0,0,0,0,0
-0.19047302636520003,-0.48317500023919485,-0.187729609385173,-0.8815382388578968,-0.09942006225126851,-0.20558720068269326,-0.3820341629805916,-0.13849985153579372,-0.5693651455269977,-0.547929868847325,2.6872799228016597,-0.20684057555395285,-0.17356576515646652,-0.15631339825045992,-0.3423368460633143,-0.19060821760572702,-0.5806749931798404,0,0,0,0,0
-0.19904782285894865,-0.48317500023919485,-0.187729609385173,-0.8815382388578968,-0.20069017322248336,-0.20558821308912759,-0.37985612747609926,-0.1415403388984309,-0.5693651455269977,-0.547929868847325,0.19010657622204022,-0.2099106908544505,-0.1735716718283139,-0.15631339825045992,-0.3423368460633143,-1.1698105816007176,-0.5806749931798404,0,1,0,0,0
-0.19904782285894865,-0.48317500023919485,-0.187729609385173,-0.8815382388578968,-0.2831843275040496,-0.2055887369254502,-0.3734015557347231,-0.1415403388984309,-0.5693651455269977,-0.547929868847325,4.04937447548408,-0.22464724429683922,-0.1735716718283139,-0.15631339825045992,-0.3423368460633143,-1.1698105816007176,-0.5806749931798404,0,0,0,0,0
-0.19476042461207432,-0.48317500023919485,-0.187729609385173,-0.8815382388578968,-0.1903144910481003,-0.20558683658839044,-0.3707055156711323,-0.13830937423519474,-0.5693651455269977,-0.547929868847325,0.41712233500463314,-0.20622655249385333,-0.17355887407729156,-0.15631339825045992,-0.3423368460633143,-0.6802093996032224,-0.5806749931798404,0,1,0,0,0
-0.19047302636520003,-0.48317500023919485,-0.187729609385173,-0.8815382388578968,-0.19587688565277078,-0.20558700321437537,-0.3858325244934283,-0.13588296083321194,-0.5693651455269977,-0.547929868847325,4.049374475481452,-0.19087597599136505,-0.17356763042012416,-0.15631339825045992,-0.3423368460633143,-0.19060821760572702,-0.5806749931798404,0,0,0,0,0
-0.19904782285894865,-0.48317500023919485,-0.187729609385173,-0.8815382388578968,-0.15476022704569384,-0.2055881953645053,-0.369899380428314,-0.1415403388984309,-0.5693651455269977,-0.547929868847325,4.049374475481452,-0.21543689839534627,-0.1735716718283139,-0.15631339825045992,-0.3423368460633143,-1.1698105816007176,-0.5806749931798404,0,0,0,0,0
-0.19476042461207432,-0.48317500023919485,-0.187729609385173,-0.8815382388578968,-0.19154370138828553,-0.20558848769991334,-0.3641624401183182,-0.13963441425660744,-0.5693651455269977,-0.547929868847325,3.5953429579241494,-0.16999919194798102,-0.17356941339448737,-0.15631339825045992,-0.3423368460633143,-0.6802093996032224,-0.5806749931798404,0,1,0,0,0
-0.19904782285894865,-0.48317500023919485,-0.187729609385173,-0.8815382388578968,-0.25351034602666694,-0.2055873842981351,-0.3833951438605992,-0.1415403388984309,-0.5693651455269977,-0.547929868847325,0.871153852564564,-0.20315643719335566,-0.1735716718283139,-0.15631339825045992,-0.3423368460633143,-1.1698105816007176,-0.5806749931798404,0,0,0,0,0
-0.19904782285894865,-0.48317500023919485,-0.187729609385173,-0.8815382388578968,-0.1699799906721027,-0.2055871554386262,-0.37681564611689927,-0.1415403388984309,-0.5693651455269977,-0.547929868847325,3.8223587167014865,-0.18719183763076788,-0.1735716718283139,-0.15631339825045992,-0.3423368460633143,-1.1698105816007176,-0.5806749931798404,0,0,0,0,0
-0.19904782285894865,-0.48317500023919485,-0.187729609385173,-0.8815382388578968,-0.1369837644901845,-0.20558767093921448,-0.37567016825244254,-0.1415403388984309,-0.5693651455269977,-0.547929868847325,0.871153852564564,-0.20868264473425144,-0.1735716718283139,-0.15631339825045992,-0.3423368460633143,-1.1698105816007176,-0.5806749931798404,0,0,0,0,0
-0.19476042461207432,-0.48317500023919485,-0.187729609385173,-0.8815382388578968,-0.10316230307960135,-0.20558652826327906,-0.37148641867119575,-0.13837134805097967,-0.5693651455269977,-0.547929868847325,3.8223587167041146,-0.20254241413325613,-0.17356953886295262,-0.15631339825045992,-0.3423368460633143,-0.6802093996032224,-0.5806749931798404,0,0,0,0,0
-0.19476042461207432,-0.48317500023919485,-0.187729609385173,-0.8815382388578968,-0.09961530728187645,-0.20558850923940258,-0.3666771373901607,-0.13910927169412846,-0.5693651455269977,-0.547929868847325,0.8711538525619364,-0.17859551478937447,-0.17356399316585064,-0.15631339825045992,-0.3423368460633143,-0.6802093996032224,-0.5806749931798404,0,0,0,0,0
-0.19904782285894865,-0.48317500023919485,-0.187729609385173,-0.8815382388578968,-0.11017782600006697,-0.20558780636735915,-0.3696109885437174,-0.1415403388984309,-0.5693651455269977,-0.547929868847325,4.04937447548408,-0.20622655249385333,-0.1735716718283139,-0.15631339825045992,-0.3423368460633143,-1.1698105816007176,-0.5806749931798404,0,0,0,0,0
-0.19476042461207432,-0.48317500023919485,-0.187729609385173,-0.8815382388578968,-0.33224717778067014,-0.2055894715356195,-0.39644902136256227,-0.1415403388984309,-0.5693651455269977,-0.547929868847325,-0.2639249413589106,-0.2080686216741519,3.1436181910244345,-0.15631339825045992,-0.3423368460633143,-0.6802093996032224,-0.5806749931798404,0,0,0,1,0
-0.19476042461207432,-0.48317500023919485,-0.187729609385173,-0.8815382388578968,-0.26960328975784703,-0.2055889580506364,-0.37426248555639674,-0.13770067956854756,-0.5693651455269977,-0.547929868847325,5.4114690281638715,-0.19087597599136505,-0.17357013609297728,-0.15631339825045992,-0.3423368460633143,-0.6802093996032224,-0.5806749931798404,0,0,0,0,0
-0.19904782285894865,-0.48317500023919485,-0.187729609385173,-0.8815382388578968,-0.26811645608986895,-0.20558884552484585,-0.36855928981937663,-0.1415403388984309,-0.5693651455269977,-0.547929868847325,1.5522011289044602,-0.20131436801305708,-0.1735716718283139,-0.15631339825045992,-0.3423368460633143,-1.1698105816007176,-0.5806749931798404,0,0,0,0,0
-0.19476042461207432,-0.48317500023919485,-0.187729609385173,-0.8815382388578968,-0.17686967048668717,-0.20558679857997683,-0.3913246941937178,-0.1395672536490145,-0.5693651455269977,-0.547929868847325,5.638484786943837,-0.18719183763076788,-0.17357019515969468,-0.15631339825045992,-0.3423368460633143,-0.6802093996032224,-0.5806749931798404,0,0,0,0,0
-0.1861856281183257,-0.48317500023919485,-0.187729609385173,-0.8815382388578968,-0.17625873775637652,-0.20558749950185898,-0.36939766393714196,-0.13610429959435236,-0.5693651455269977,-0.547929868847325,5.411469028211167,-0.17368333030857822,-0.17356706462230406,-0.15631339825045992,-0.3423368460633143,0.2989929643917683,-0.5806749931798404,0,0,0,0,0
-0.17761083162457708,-0.26216871082161,-0.17055987261735106,0.6616359210683995,-0.22950817553989072,-0.20467108811233348,-0.3626991182026168,-0.13434185341731444,0.3686681339690545,0.5033028216816094,-0.2614616627263155,-0.17061321500808058,-0.15589884357656777,-0.15160687297385597,-0.24244392287355668,-0.3538086116048921,0.4326746824045709,0,0,0,0,1
0.35402655098783786,1.9478941833542387,0.3617019671851287,2.2048100809946956,-0.003149666971140318,0.3028207310328995,3.06303845218064,-0.13972849153797842,2.263093150738986,1.4844060591941548,-0.011429948027151962,0.1812219984289502,-0.1691187505982218,0.21034815942410537,1.1382638200080963,-0.19814054348261154,2.0433643409562765,0,0,0,0,1
-0.14331164564958257,0.29034701272235214,-0.13622039908170722,-0.8815382388578968,3.0407712583423008,5.111434006556246,2.9276745205502146,-0.14135031428576564,0.9255715891756859,1.4366181639664444,-0.02130965282960682,-0.15403459238539324,-0.1731046544117944,-0.13681143603360435,0.160545293465036,-0.2605512436053692,1.1523075208671678,0,0,0,0,1
-0.19904782285894865,-0.48317500023919485,-0.187729609385173,-0.8815382388578968,-0.20391641149871556,-0.205586854166077,-0.3909176061257965,-0.1415403388984309,-0.5693651455269977,-0.547929868847325,2.914295681581625,-0.17368333030857822,-0.1735716718283139,-0.15631339825045992,-0.3423368460633143,-1.1698105816007176,-0.5806749931798404,0,0,0,0,0
-0.1261620526620853,0.511353302139937,-0.11905066231388528,-0.8815382388578968,2.2451560397433648,2.492984813958994,2.9902729409338638,-0.1412964382038926,1.0819246520506076,1.6452047787741315,-0.016740829309549232,-0.10122860921683366,-0.17297224476750395,-0.1281435593332237,0.35233533220711705,-0.2450083489387821,1.3339489624795076,0,0,0,0,1
0.1139322491628763,2.610913051606993,0.1213256524356217,0.6616359210683995,-0.23226651226575915,-0.19033645496522061,0.19473912231576804,-0.13554048321616793,1.9312555426227322,2.7375333170974114,-0.22077633985715125,-0.08219389435374823,-0.15882675648505562,0.026868613630351573,2.675593505089612,-0.20384068198403768,2.3050997367610897,0,0,0,0,1
-0.10043766318083941,1.1743721703926917,-0.09329605716215239,-0.8815382388578968,0.03982531988447566,-0.12995925744601503,0.2757957697004294,-0.13987790628588773,1.25810387299555,2.1108225541245265,-0.2148603196935339,-0.14421022342380077,-0.1694861388750872,-0.11413500772519418,1.0051126334482137,-0.23140831610551826,1.626629189036823,0,0,0,0,1
-0.19476042461207432,-0.48317500023919485,-0.187729609385173,-0.8815382388578968,-0.15854572106220738,-0.20558843770088864,-0.3690758313328814,-0.13940662861154013,-0.5693651455269977,-0.547929868847325,1.5522011289044602,-0.10491274757743084,-0.1735668726601084,-0.15631339825045992,-0.3423368460633143,-0.6802093996032224,-0.5806749931798404,0,0,0,0,0
-0.19047302636520003,-0.48317500023919485,-0.187729609385173,-0.8815382388578968,-0.13400581727129862,-0.20558864045655686,-0.3695002522252135,-0.13547071997044682,-0.5693651455269977,-0.547929868847325,3.8223587167041146,-0.18719183763076788,-0.17356740589759131,-0.15631339825045992,-0.3423368460633143,-0.19060821760572702,-0.5806749931798404,0,0,0,0,0
-0.19047302636520003,-0.48317500023919485,-0.187729609385173,-0.8815382388578968,-0.22037859228921095,-0.2055880473871289,-0.3673843918647128,-0.13431693265444142,-0.5693651455269977,-0.547929868847325,1.5522011289044602,-0.20254241413325613,-0.1735620734919029,-0.15631339825045992,-0.3423368460633143,-0.19060821760572702,-0.5806749931798404,0,0,0,0,0
-0.19904782285894865,-0.48317500023919485,-0.187729609385173,-0.8815382388578968,-0.27309876091260055,-0.20558694201619573,-0.3842031746103092,-0.1415403388984309,-0.5693651455269977,-0.547929868847325,0.19010657627196267,-0.1982442527125594,-0.1735716718283139,-0.15631339825045992,-0.3423368460633143,-1.1698105816007176,-0.5806749931798404,0,1,0,0,0
-0.19476042461207432,-0.48317500023919485,-0.187729609385173,-0.8815382388578968,-0.25304093438938674,-0.2055888452921851,-0.3737422471024573,-0.13988654495607417,-0.5693651455269977,-0.547929868847325,2.4602641640269494,-0.16999919194798102,-0.1735684723813006,-0.15631339825045992,-0.3423368460633143,-0.6802093996032224,-0.5806749931798404,0,0,0,0,0
0.18681801935973963,3.6054413539861248,0.1942970336988649,0.6616359210683995,0.15842407770205638,0.8865095298120498,3.1899434880105404,-0.1403209889888719,2.053271732576729,2.9782485561388348,-0.0021676262443888436,0.1155215309983005,-0.1705749121580672,0.08054719774677982,3.9019281334833993,-0.20136868314413348,2.4765967079128632,0,0,0,0,1
-0.19476042461207432,-0.48317500023919485,-0.187729609385173,-0.8815382388578968,-0.15905354548016637,-0.2055873346279845,-0.381815762024834,-0.1379709324866478,-0.5693651455269977,-0.547929868847325,2.460264164021694,-0.1650870074671848,-0.1735684723813006,-0.15631339825045992,-0.3423368460633143,-0.6802093996032224,-0.5806749931798404,0,0,0,0,0
-0.19476042461207432,-0.48317500023919485,-0.187729609385173,-0.8815382388578968,-0.152434417085797,-0.20558698218158944,-0.36453903166363455,-0.1400141560533166,-0.5693651455269977,-0.547929868847325,4.276390234264046,-0.20499850637365424,-0.17356975215936532,-0.15631339825045992,-0.3423368460633143,-0.6802093996032224,-0.5806749931798404,0,0,0,0,0
-0.19476042461207432,-0.48317500023919485,-0.187729609385173,-0.8815382388578968,-0.33224717778067014,-0.2055894715356195,-0.39644902136256227,-0.1415403388984309,-0.5693651455269977,-0.547929868847325,-0.2639249413589106,-0.19026195293126552,3.1436181910244345,-0.15631339825045992,-0.3423368460633143,-0.6802093996032224,-0.5806749931798404,0,1,0,1,0
-0.19047302636520003,-0.48317500023919485,-0.187729609385173,-0.8815382388578968,-0.07093681700637508,-0.20558760008944585,-0.3840257429253685,-0.13584374232018762,-0.5693651455269977,-0.547929868847325,5.1844532693812795,-0.1835076992701707,-0.17356847237975767,-0.15631339825045992,-0.3423368460633143,-0.19060821760572702,-0.5806749931798404,0,1,0,0,0
-0.1861856281183257,-0.48317500023919485,-0.187729609385173,-0.8815382388578968,-0.3052601232098486,-0.20558858351191875,-0.38138576041531236,-0.13477436888781116,-0.5693651455269977,-0.547929868847325,1.5522011289018325,-0.20561252943375377,-0.17355727432369739,-0.15631339825045992,-0.3423368460633143,0.2989929643917683,-0.5806749931798404,0,0,0,0,0
1.6831200075188755,3.2739319198597476,1.6494322247717732,2.2048100809946956,-0.32815349235982405,-0.20548845417194433,-0.2539198506217744,0.0029410272740745848,2.6920625201779527,3.1247908701973426,-0.2577765978919532,0.31200891023015015,0.4484899897660289,1.2477191884755339,3.729314302024477,-0.17011328440583187,2.9493789399652517,0,0,0,1,1
-0.17761083162457708,-0.26216871082161,-0.17055987261735106,0.6616359210683995,-0.15230224574959472,-0.20558859276756067,-0.36787458865654465,-0.14004099154640007,-0.5693651455269977,-0.547929868847325,-0.2609295945416749,-0.10491274757743084,-0.15903534464666294,-0.15631339825045992,-0.3423368460633143,-0.3538086116048921,-0.5806749931798404,0,0,0,0,0
-0.13044945090895962,0.29034701272235214,-0.14480526746561817,0.6616359210683995,-0.28689434858878293,-0.20554468774522855,-0.3771147897433025,-0.11941488950365847,0.7116326612556192,1.4973595374834257,-0.2565153992320645,-0.14605229260409935,-0.1547574081609463,-0.1421732743176518,0.17593708613875692,0.13579257039260312,1.0358819344291494,0,0,0,0,1
-0.16903603513082843,-0.26216871082161,-0.17914474100126204,-0.8815382388578968,-0.22517390408723503,-0.20558830532003117,-0.3831530937011242,-0.138127736659201,-0.5693651455269977,-0.547929868847325,-0.2579342477244393,-0.19026195293126552,-0.16339178185024758,-0.15631339825045992,-0.3423368460633143,0.543793555390516,-0.5806749931798404,0,0,0,0,1
-0.17761083162457708,-0.3726718555304024,-0.1834371751932175,-0.8815382388578968,-0.19527512651626297,-0.2055872843439379,-0.3750870652624273,-0.1415403388984309,-0.5693651455269977,-0.547929868847325,-0.2554118504046619,-0.20868264473425144,-0.1684541311574519,-0.15631339825045992,-0.3423368460633143,0.46219335839093345,-0.5806749931798404,0,0,0,0,1
-0.19476042461207432,-0.3726718555304024,-0.17055987261735106,-0.8815382388578968,-0.10010348438938613,-0.20558839787587,-0.3673092078947227,-0.13573648112019562,-0.5693651455269977,-0.547929868847325,-0.2549389009072036,-0.18719183763076788,-0.17260201679678724,-0.15631339825045992,-0.3423368460633143,-1.0066101876015525,-0.5806749931798404,0,0,0,0,0
-0.11758725616833668,0.511353302139937,-0.1405128332736627,0.6616359210683995,-0.29076419228137274,-0.20556104628785757,-0.3714760151759061,-0.12686961241397157,0.5430473673535039,1.587348006267448,-0.2590377965518419,-0.14605229260409935,-0.13970460713502952,-0.14291788815675735,0.3340092844979608,0.2613313350073455,0.9602151950596652,0,0,0,0,0
-0.19904782285894865,-0.3726718555304024,-0.1834371751932175,-0.8815382388578968,-0.08609920543421487,-0.20558845847106552,-0.3658168330129625,-0.13927499590473444,-0.5693651455269977,-0.547929868847325,-0.2587224968868697,-0.17859551478937447,-0.1735716718283139,-0.15631339825045992,-0.3423368460633143,-1.1698105816007176,-0.5806749931798404,0,0,0,0,1
-0.13902424740270825,-0.04116242140402514,-0.1662674384253956,2.2048100809946956,1.0577678228887553,0.00675712754631222,0.053918289425458135,-0.14113512008955156,0.4715596014801493,0.5025249989143858,-0.25572715006963403,-0.18105160702977258,-0.15869161476969856,-0.1500460658562868,-0.175971827856562,0.7885941463892636,0.4995210185169143,0,0,0,0,0
-0.19047302636520003,-0.48317500023919485,-0.17485230680930655,0.6616359210683995,-0.2751179674576737,-0.20558826464440658,-0.38998562497378403,-0.13723483240738962,-0.5693651455269977,-0.547929868847325,-0.255569500237148,-0.19763022965245988,-0.1714860447532729,-0.15631339825045992,-0.3423368460633143,-0.7781296360027213,-0.5806749931798404,0,0,0,0,1
-0.1861856281183257,-0.48317500023919485,-0.1834371751932175,0.6616359210683995,-0.1063684577157164,-0.20558679494436272,-0.3858541952030224,-0.13705093388349746,-0.5693651455269977,-0.547929868847325,-0.25478125107471755,-0.1650870074671848,-0.1707128468962374,-0.15631339825045992,-0.3423368460633143,-0.19060821760572702,-0.5806749931798404,0,0,0,0,0
-0.18189822987145138,-0.26216871082161,-0.17055987261735106,0.6616359210683995,-0.24672127048345446,-0.20558780128533335,-0.3802900456157314,-0.14035097821060194,-0.5693651455269977,-0.547929868847325,-0.2617178437041054,-0.19517413741206177,-0.15779431219524492,-0.15631339825045992,-0.3423368460633143,-0.5170090056040573,-0.5806749931798404,0,0,0,0,1
-0.1604612386370798,-0.26216871082161,-0.17485230680930655,-0.8815382388578968,-0.21670646215974695,-0.2055871048476826,-0.3724178408468064,-0.1370426993402531,-0.5693651455269977,-0.547929868847325,-0.25478125107471755,-0.17368333030857822,-0.16499519703208446,-0.15631339825045992,-0.3423368460633143,0.5927536735902655,-0.5806749931798404,0,1,0,0,1
-0.19476042461207432,-0.26216871082161,-0.17914474100126204,0.6616359210683995,-0.30011396344519425,-0.20558865161378692,-0.38344024074140615,-0.13499932691135524,-0.5693651455269977,-0.547929868847325,-0.257461298226981,-0.20561252943375377,-0.1722237685926972,-0.15631339825045992,-0.3423368460633143,-0.92500999060197,-0.5806749931798404,0,0,0,0,0
0.2982903737784718,1.0638690256838992,0.2887305859218855,-0.8815382388578968,0.0005558735028979661,0.17730352239644304,3.175962551823113,-0.13998918252392203,2.519337955713789,1.6308455602702117,-0.2560424497346062,0.6325289476021049,-0.04534973777602505,0.1908279384153704,0.6928490292877475,-0.16461169466780687,2.266471819830075,0,1,0,0,0
-0.16474863688395414,-0.3726718555304024,-0.1619750042334401,0.6616359210683995,-0.3260641829018007,-0.20558890211941763,-0.39442431355572194,-0.040704966702539244,0.2676477006057685,-0.547929868847325,-0.2587224968868697,-0.1712272380681801,-0.16017565017115995,-0.1504338723481428,-0.3423368460633143,-0.19060821760572702,-0.0344710323904759,0,0,0,0,0
-0.14759904389645687,-0.04116242140402514,-0.15339013584952915,0.6616359210683995,-0.33185628578379384,-0.20558945637395418,-0.3961645698854369,1.227268661552443,0.8176889245645316,0.6095447470925607,-0.2576189480594671,-0.16815712276768244,-0.15699263044795864,-0.1437863703395345,-0.15902265383628145,0.005232255193271058,0.7662385272849852,0,0,0,0,0
-0.19047302636520003,-0.48317500023919485,-0.17485230680930655,-0.8815382388578968,-0.08541302639393526,-0.20558771721479105,-0.3753827058480631,-0.1415403388984309,-0.5693651455269977,-0.547929868847325,-0.26313669219648017,-0.20622655249385333,-0.15153054317148498,-0.15631339825045992,-0.3423368460633143,-0.7781296360027213,-0.5806749931798404,0,0,0,0,0
-0.19047302636520003,-0.3726718555304024,-0.17914474100126204,-0.8815382388578968,-0.1413501282270775,-0.20558712511892746,-0.3830337515522782,-0.13825320988840187,-0.5693651455269977,-0.547929868847325,-0.257461298226981,-0.20684057555395285,-0.17087586535708044,-0.15631339825045992,-0.3423368460633143,-0.6802093996032224,-0.5806749931798404,0,0,0,0,1
-0.1561738403902055,-0.26216871082161,-0.17914474100126204,-0.8815382388578968,10.444192107861705,-0.2055894715356195,0.17042268778493028,-0.14143375565615474,-0.08698726875348939,0.0668434822138485,-0.25966839588178625,-0.20070034495295755,-0.15310782319874727,-0.15486121714801834,-0.28391827927981356,1.2781953283867589,-0.03125258937120491,0,1,0,0,1
-0.17332343337770276,-0.3726718555304024,-0.1834371751932175,0.6616359210683995,-0.17872595000736155,-0.20558689548693404,-0.381953669465681,-0.13842572285234495,-0.5693651455269977,-0.547929868847325,-0.26313669219648017,-0.1650870074671848,-0.10744828585782722,-0.15631339825045992,-0.3423368460633143,0.7885941463892636,-0.5806749931798404,0,1,0,0,0
-0.18189822987145138,-0.48317500023919485,-0.17914474100126204,0.6616359210683995,-0.23920767205012222,-0.2055888514402737,-0.37335719753362284,-0.1415403388984309,-0.5693651455269977,-0.547929868847325,-0.2565153992320645,-0.20315643719335566,-0.168868105911472,-0.15631339825045992,-0.3423368460633143,-0.19060821760572702,-0.5806749931798404,0,0,0,0,0
-0.1561738403902055,-0.48317500023919485,-0.17914474100126204,-0.8815382388578968,-0.3124583538930348,-0.20558908103937032,-0.36627407691690567,-0.13736483209262781,-0.5693651455269977,-0.547929868847325,-0.26077194470918885,-0.21113873697464955,-0.14595143983120523,-0.15631339825045992,-0.3423368460633143,1.2781953283867589,-0.5806749931798404,0,1,0,0,0
-0.17761083162457708,-0.3726718555304024,-0.17914474100126204,-0.8815382388578968,-0.3030960092867493,-0.2055888191606105,-0.3725918881160278,-0.14015882305413818,-0.5693651455269977,-0.547929868847325,-0.2554118504046619,-0.1712272380681801,-0.1684541311574519,-0.15631339825045992,-0.3423368460633143,0.05419237339302063,-0.5806749931798404,0,1,0,0,0
-0.20762261935269727,-0.26216871082161,-0.17055987261735106,0.6616359210683995,-0.27418447703565824,-0.20558900883586434,-0.3706784979741549,-0.1415403388984309,-0.5693651455269977,-0.547929868847325,-0.2598260457142723,-0.20131436801305708,-0.17782175493254546,-0.15631339825045992,-0.3423368460633143,-1.4962113695990478,-0.5806749931798404,0,0,0,0,1
-0.1561738403902055,-0.26216871082161,-0.187729609385173,0.6616359210683995,-0.11301132492499037,-0.2055865893799962,-0.3858994948576318,-0.1384201388798229,-0.5693651455269977,-0.547929868847325,-0.2566730490645506,-0.1650870074671848,-0.16155722103927825,-0.15631339825045992,-0.3423368460633143,3.726201238374235,-0.5806749931798404,0,0,0,0,0
-0.13902424740270825,-0.04116242140402514,-0.15768257004148462,0.6616359210683995,-0.23051418175894842,-0.20454454360903038,-0.3700603216718872,-0.13292065737401224,0.49864931220426045,0.5789626560887889,-0.25919544638432795,-0.17061321500808058,-0.14778563180613818,-0.14773948148061372,-0.1638660700389061,0.35339309572482336,0.5463726965279758,0,0,0,0,1
-0.17332343337770276,-0.26216871082161,-0.187729609385173,0.6616359210683995,-0.30309472164085,-0.2055877667063869,-0.36649080314650556,-0.1415403388984309,-0.5693651455269977,-0.547929868847325,-0.255569500237148,-0.19885827577265897,-0.16731479060319082,-0.15631339825045992,-0.3423368460633143,1.7677965103842541,-0.5806749931798404,0,0,0,0,1
-0.17761083162457708,-0.26216871082161,-0.1834371751932175,-0.8815382388578968,-0.10344895917504032,-0.2055878524758411,-0.3849700432907397,-0.1415403388984309,-0.5693651455269977,-0.547929868847325,-0.25951074604930013,-0.19087597599136505,-0.16370495599591428,-0.15631339825045992,-0.3423368460633143,0.46219335839093345,-0.5806749931798404,0,0,0,0,1
-0.16474863688395414,-0.3726718555304024,-0.1834371751932175,0.6616359210683995,-0.295483166932008,-0.20558860820674008,-0.37607478551477314,-0.1399529498523992,-0.5693651455269977,-0.547929868847325,-0.25509655073968973,-0.1712272380681801,-0.16567595064330287,-0.15631339825045992,-0.3423368460633143,1.441395722385924,-0.5806749931798404,0,1,0,0,1
-0.17332343337770276,-0.3726718555304024,-0.17055987261735106,-0.8815382388578968,-0.18384884425856457,-0.20558788726102944,-0.3797317283953181,-0.1381497042454917,-0.5693651455269977,-0.547929868847325,-0.25935309621681407,-0.1650870074671848,-0.16213965621825274,-0.15631339825045992,-0.3423368460633143,-0.19060821760572702,-0.5806749931798404,0,1,0,0,0
-0.09186286668709079,0.6218564468487294,-0.08471118877824144,3.7479842409209922,0.07400418822514201,-0.0649338598863727,0.12030378359500637,-0.14009242584893886,0.9555589002815218,1.9999205522757615,-0.2588801467193558,-0.047194579928075006,-0.1304015799119585,-0.11805732715266905,0.5453938202937184,-0.2282698469901497,1.386871494868877,0,0,0,0,0
-0.1861856281183257,-0.3726718555304024,-0.17914474100126204,0.6616359210683995,-0.23829363328854258,-0.2055894715356195,-0.391240527021521,-0.12322668230178403,-0.14230267207662717,-0.547929868847325,-0.2588801467193558,-0.20070034495295755,-0.16839126079835126,-0.15502774216346285,-0.3423368460633143,-0.4354088086044747,-0.3019896473325973,0,1,0,0,0
-0.16474863688395414,-0.26216871082161,-0.17914474100126204,-0.8815382388578968,-0.16342717596709475,-0.20558708355571395,-0.36781913827348656,-0.1401805054442077,-0.5693651455269977,-0.547929868847325,-0.2588801467193558,-0.20499850637365424,-0.15975724241508016,-0.15631339825045992,-0.3423368460633143,0.7885941463892636,-0.5806749931798404,0,1,0,0,1
-0.18189822987145138,-0.48317500023919485,-0.187729609385173,0.6616359210683995,-0.21110642315050915,-0.20558820249651558,-0.3728985138069332,-0.13328799434936828,-0.5693651455269977,-0.547929868847325,-0.2604566450442167,-0.20254241413325613,-0.16352719079015268,-0.15631339825045992,-0.3423368460633143,0.7885941463892636,-0.5806749931798404,0,0,0,0,1
0.2811407807909745,0.9533658809751068,0.3059003226897074,-0.8815382388578968,0.10611566945269689,0.1652404463415233,2.7149962300384898,-0.14007561589099135,2.1927491208621173,1.5011137297858745,-0.2549389009072036,0.6325289476021049,-0.06497030829732652,0.16520940140097526,0.5663073241468009,-0.23245447247730777,2.0038372092421075,0,1,0,0,1
-0.16903603513082843,-0.48317500023919485,-0.17485230680930655,0.6616359210683995,-0.1784095915208895,-0.20558831721634885,-0.3811595541030849,-0.1415403388984309,-0.5693651455269977,-0.547929868847325,-0.2614025440391332,-0.20684057555395285,-0.14940899852969866,-0.15631339825045992,-0.3423368460633143,0.20107272799226913,-0.5806749931798404,0,0,0,0,1
-0.19476042461207432,-0.26216871082161,-0.17485230680930655,0.6616359210683995,-0.33224717778067014,-0.2055894715356195,-0.39644902136256227,-0.1415403388984309,-0.5693651455269977,-0.547929868847325,-0.25840719722189753,-0.19026195293126552,-0.17199280944713696,-0.15631339825045992,-0.3423368460633143,-0.9739701088017195,-0.5806749931798404,0,0,0,0,0
-0.1518864421433312,-0.26216871082161,-0.14909770165757366,0.6616359210683995,0.10986768037563213,-0.18730993238396781,-0.24992395652092267,-0.1400038210221786,0.34883943194092043,0.5979497133325942,-0.25840719722189753,-0.16999919194798102,-0.1562041856353676,-0.14709932632484993,-0.23345014370076092,-0.19060821760572702,0.4558590305637314,0,0,0,0,0
-0.1861856281183257,-0.48317500023919485,-0.17914474100126204,-0.8815382388578968,-0.16670217641239718,-0.20558697443765114,-0.3829032113150701,-0.1415403388984309,-0.5693651455269977,-0.547929868847325,-0.257461298226981,-0.17859551478937447,-0.16952796212146373,-0.15631339825045992,-0.3423368460633143,-0.4354088086044747,-0.5806749931798404,0,0,0,0,0
-0.16903603513082843,-0.26216871082161,-0.1834371751932175,-0.8815382388578968,-0.33224717778067014,-0.2055894715356195,-0.39644902136256227,-0.1415403388984309,-0.5693651455269977,-0.547929868847325,-0.257461298226981,-0.20131436801305708,-0.16413634917899686,-0.15631339825045992,-0.3423368460633143,1.114994934387594,-0.5806749931798404,0,0,0,0,1
-0.19047302636520003,-0.48317500023919485,-0.1834371751932175,0.6616359210683995,-0.19378586720452504,-0.2055875269640834,-0.36883016939608154,-0.13916865526087369,-0.5693651455269977,-0.547929868847325,-0.26061429487670273,-0.16815712276768244,-0.16831046665328972,-0.15631339825045992,-0.3423368460633143,-0.5170090056040573,-0.5806749931798404,0,0,0,0,1
-0.20333522110582294,-0.48317500023919485,-0.1834371751932175,-0.8815382388578968,-0.33224717778067014,-0.2055894715356195,-0.39644902136256227,-0.1415403388984309,-0.5693651455269977,-0.547929868847325,-0.26329434202896623,-0.20131436801305708,-0.18733594511815932,-0.15631339825045992,-0.3423368460633143,-1.4962113695990478,-0.5806749931798404,0,1,0,0,0
0.3197273650128433,1.0638690256838992,0.30160788849775194,-0.8815382388578968,0.09101978212774584,0.19373785560825652,3.465003115267021,-0.1401096327310298,2.0467609518192194,2.0751014955832843,-0.2587224968868697,0.6325289476021049,0.029043155736139702,0.1455904564217738,0.9039251517421092,-0.14840121915766705,2.1276443059545267,0,1,0,0,0
0.2039676123472369,3.8264476434037094,0.20717433627473134,2.2048100809946956,0.21871049886082977,0.9489475258042673,3.5208873513610004,-0.14051272396461092,2.4739632272725682,2.454018885812749,-0.262821392531508,0.1155215309983005,0.5670835469559102,0.12770332202907111,3.461114588562628,-0.19060821760572702,2.551042099731813,0,0,0,1,0
-0.1604612386370798,-0.26216871082161,-0.1834371751932175,0.6616359210683995,-0.22721588507217366,-0.20558862724645302,-0.36786789336214076,-0.1415403388984309,-0.5693651455269977,-0.547929868847325,-0.25698834872952275,-0.20315643719335566,-0.16226735196247719,-0.15631339825045992,-0.3423368460633143,1.7677965103842541,-0.5806749931798404,0,0,0,0,0
-0.17761083162457708,-0.26216871082161,-0.17914474100126204,-0.8815382388578968,-0.18517841202340649,-0.20558746127685812,-0.37944005893098526,-0.1415403388984309,-0.5693651455269977,-0.547929868847325,-0.2565153992320645,-0.2080686216741519,-0.1676922144322615,-0.15631339825045992,-0.3423368460633143,0.05419237339302063,-0.5806749931798404,0,1,0,0,0
-0.1861856281183257,-0.3726718555304024,-0.17055987261735106,0.6616359210683995,-0.2649000870103517,-0.20558870153773903,-0.37107655072186385,-0.1415403388984309,-0.5693651455269977,-0.547929868847325,-0.25462360124223143,-0.10491274757743084,-0.1707612878722116,-0.15631339825045992,-0.3423368460633143,-0.6802093996032224,-0.5806749931798404,0,1,0,0,1
-0.19476042461207432,-0.3726718555304024,-0.17055987261735106,0.6616359210683995,-0.17985611238837867,-0.20558863911663053,-0.3686971134245846,-0.1396895665974007,-0.5693651455269977,-0.547929868847325,-0.2590377965518419,-0.10491274757743084,-0.17178919473919368,-0.15631339825045992,-0.3423368460633143,-1.0066101876015525,-0.5806749931798404,0,0,0,0,0
-0.11758725616833668,0.29034701272235214,-0.13192796488975173,0.6616359210683995,2.236101242058901,3.793621681651301,3.029665526618323,-0.14139499456326962,1.1775774081107349,1.8176913785087798,-0.25588479990212015,-0.15403459238539324,-0.15298147013141672,-0.13177089799749753,0.2571087982416315,0.07051241279293709,1.4622013292134528,0,1,0,0,1
-0.16474863688395414,-0.3726718555304024,-0.17055987261735106,0.6616359210683995,-0.24489457411084722,-0.2055883958716813,-0.370576006522276,-0.1415403388984309,-0.5693651455269977,-0.547929868847325,-0.2587224968868697,-0.10491274757743084,-0.16017565017115995,-0.15631339825045992,-0.3423368460633143,0.13579257039260312,-0.5806749931798404,0,0,0,0,0
-0.19904782285894865,-0.26216871082161,-0.17485230680930655,0.6616359210683995,-0.33224717778067014,-0.2055894715356195,-0.39644902136256227,-0.1415403388984309,-0.5693651455269977,-0.547929868847325,-0.2552542005721758,-0.19026195293126552,-0.1735716718283139,-0.15631339825045992,-0.3423368460633143,-1.1698105816007176,-0.5806749931798404,0,0,0,0,0
-0.18189822987145138,-0.26216871082161,-0.17485230680930655,-0.8815382388578968,-0.12789924789453785,-0.20558751856355661,-0.3859308075810035,-0.13862398755762695,-0.5693651455269977,-0.547929868847325,-0.26297904236399405,-0.1982442527125594,-0.13681610548091502,-0.15631339825045992,-0.3423368460633143,-0.3864486904047251,-0.5806749931798404,0,1,0,0,0
-0.19047302636520003,-0.48317500023919485,-0.187729609385173,-0.8815382388578968,-0.29547589709732575,-0.20558852624558768,-0.3751998068322681,-0.13973660170998012,-0.5693651455269977,-0.547929868847325,-0.26313669219648017,-0.1712272380681801,-0.15153054317148498,-0.15631339825045992,-0.3423368460633143,-0.19060821760572702,-0.5806749931798404,0,1,0,0,0
-0.1561738403902055,-0.3726718555304024,-0.187729609385173,0.6616359210683995,-0.12002148026430481,-0.20558846414488935,-0.3764605885405603,-0.1362929669039218,-0.5693651455269977,-0.547929868847325,-0.2554118504046619,-0.18719183763076788,-0.1633365904865899,-0.15631339825045992,-0.3423368460633143,3.726201238374235,-0.5806749931798404,0,0,0,0,1
-0.19476042461207432,-0.26216871082161,-0.17485230680930655,-0.8815382388578968,-0.14292480162833665,-0.20558745136242532,-0.36623413836442875,-0.1400945805939317,-0.5693651455269977,-0.547929868847325,-0.2571459985620088,-0.20499850637365424,-0.1722864374761819,-0.15631339825045992,-0.3423368460633143,-0.9739701088017195,-0.5806749931798404,0,0,0,0,1
-0.17332343337770276,-0.3726718555304024,-0.17914474100126204,-0.8815382388578968,-0.22824587518123857,-0.20558733973413879,-0.39191059711256626,-0.139497494841264,-0.5693651455269977,-0.547929868847325,-0.25935309621681407,-0.10491274757743084,-0.16213965621825274,-0.15631339825045992,-0.3423368460633143,0.2989929643917683,-0.5806749931798404,0,0,0,0,0
-0.1604612386370798,-0.48317500023919485,-0.17914474100126204,0.6616359210683995,-0.2596517052467862,-0.20558896076858352,-0.37792432978459106,-0.13728753720122253,-0.5693651455269977,-0.547929868847325,-0.2604566450442167,-0.19087597599136505,-0.1509715894924511,-0.15631339825045992,-0.3423368460633143,1.0333947373880112,-0.5806749931798404,0,1,0,0,0
-0.19476042461207432,-0.26216871082161,-0.17914474100126204,0.6616359210683995,-0.15309192100079072,-0.20558756335658096,-0.38193026110916833,-0.13865203024008707,-0.5693651455269977,-0.547929868847325,-0.2636096416939384,-0.1650870074671848,-0.1461568795733325,-0.15631339825045992,-0.3423368460633143,-0.92500999060197,-0.5806749931798404,0,0,0,0,1
-0.13473684915583392,-0.3726718555304024,-0.1619750042334401,0.6616359210683995,-0.32539809415244825,-0.20558885857207912,-0.39393848726458325,-0.04142387641627139,0.27975218303527016,-0.547929868847325,-0.2626637426990219,-0.1712272380681801,-0.07012500250858161,-0.15034884543570384,-0.3423368460633143,0.6661938508898898,-0.026572090006441836,0,0,0,0,1
-0.13902424740270825,-0.3726718555304024,-0.1619750042334401,0.6616359210683995,0.0936438883562298,-0.1548432594243937,-0.23291190324333064,-0.1400392859449093,0.4279650450376858,0.09024601043306028,-0.2615601938716193,-0.1368419467026064,-0.12202821114025787,-0.14930773672963563,-0.30190859158654015,0.543793555390516,0.31371848248245965,0,0,0,0,0
-0.17761083162457708,-0.04116242140402514,-0.1662674384253956,0.6616359210683995,-0.3321805680210873,-0.20558947125654498,-0.39642398789953204,9.791558767518186,0.4295420594355002,0.46540513967618363,-0.2579342477244393,-0.2037704602534552,-0.16630032184398083,-0.1502990504290305,-0.18185065830184724,-0.47038032160429577,0.45793438897533173,0,1,0,0,0
-0.20333522110582294,-0.48317500023919485,-0.17914474100126204,-0.8815382388578968,-0.2709350087505566,-0.20558880304864693,-0.36979109557814327,-0.1415403388984309,-0.5693651455269977,-0.547929868847325,-0.2598260457142723,-0.22464724429683922,-0.1756967133804297,-0.15631339825045992,-0.3423368460633143,-1.4146111725994652,-0.5806749931798404,0,0,0,0,1
-0.17332343337770276,-0.48317500023919485,-0.17914474100126204,0.6616359210683995,-0.24402281822384855,-0.20558888981141216,-0.37972332989781565,-0.1397515906332926,-0.5693651455269977,-0.547929868847325,-0.2609295945416749,-0.16999919194798102,-0.15612807921033275,-0.15631339825045992,-0.3423368460633143,0.2989929643917683,-0.5806749931798404,0,1,0,0,0
-0.13473684915583392,0.17984386801355973,-0.13192796488975173,-0.8815382388578968,2.677221117913715,8.771485905578283,1.7634456789868875,-0.14140703009878455,0.6218432275819004,0.5599095078258335,-0.26219079320156363,-0.17859551478937447,-0.09829504861682944,-0.13957831343758026,-0.0967022993375296,-0.19060821760572702,0.6194925326406895,0,1,0,0,0
2.253343974353159,4.820975945782841,2.237495709069674,3.7479842409209922,-0.2748968006313853,-0.11934903012405146,2.6101061087692035,-0.13370826032458558,3.317045933763767,2.9960313632596183,-0.2602989952117306,1.8980304744672365,1.2003838687595008,2.051067658894323,5.1581312762520195,-0.18197327612428976,3.3080766711498497,0,0,0,1,0
-0.19904782285894865,-0.48317500023919485,-0.17914474100126204,-0.8815382388578968,-0.11298657625496279,-0.2055878682234301,-0.3676314397836254,-0.1415403388984309,-0.5693651455269977,-0.547929868847325,-0.2563577493995784,-0.21543689839534627,-0.1735716718283139,-0.15631339825045992,-0.3423368460633143,-1.1698105816007176,-0.5806749931798404,0,1,0,0,1
-0.19904782285894865,-0.48317500023919485,-0.17485230680930655,0.6616359210683995,-0.28462848223363296,-0.2055875779636861,-0.368599017152233,-0.1380324568327414,-0.5693651455269977,-0.547929868847325,-0.25478125107471755,-0.10491274757743084,-0.1735716718283139,-0.15631339825045992,-0.3423368460633143,-1.1698105816007176,-0.5806749931798404,0,0,0,0,0
-0.20762261935269727,-0.3726718555304024,-0.17914474100126204,-0.8815382388578968,-0.1811667886121129,-0.20558824508248616,-0.3805546665444388,-0.1415403388984309,-0.5693651455269977,-0.547929868847325,-0.2609295945416749,-0.2099106908544505,-0.17938620270097427,-0.15631339825045992,-0.3423368460633143,-1.6594117635982129,-0.5806749931798404,0,0,0,0,1
-0.13044945090895962,0.17984386801355973,-0.13622039908170722,-0.8815382388578968,0.42225703811450055,-0.03956415269190926,0.13995286838648952,-0.14057707708507663,0.5692863927145277,1.2971051287062223,-0.25840719722189753,-0.15587666156569185,-0.14830987372948287,-0.14145929856752779,0.06675164172653787,-0.05072216560644271,0.8665609634244305,0,1,0,0,0
-0.14759904389645687,0.17984386801355973,-0.1405128332736627,-0.8815382388578968,0.17961280260688642,-0.07784090395691573,0.1483341555858906,-0.14073401210506414,0.9413653893384862,1.2806854045971297,-0.262821392531508,-0.15587666156569185,-0.07901994177075336,-0.13812140032313244,0.06311099528101136,-0.26593147637457243,1.1030991956859355,0,0,0,0,0
-0.07471327369959353,0.8428627362663142,-0.08471118877824144,3.7479842409209922,0.09500310845149747,-0.05779441047080558,0.21927034328326633,-0.13952313064674887,1.4431724514144433,2.1130918860284904,-0.26108724437416103,-0.047194579928075006,-0.0845813794853632,-0.10582446956762336,0.753400305851286,-0.07762332945245884,1.7482643072898632,0,0,0,0,1
-0.16903603513082843,-0.3726718555304024,-0.17485230680930655,-0.8815382388578968,-0.19935411153205904,-0.20558684959851614,-0.38586624422278887,-0.13759840805647564,-0.5693651455269977,-0.547929868847325,-0.2588801467193558,-0.1650870074671848,-0.1614840460917344,-0.15631339825045992,-0.3423368460633143,0.20107272799226913,-0.5806749931798404,0,1,0,0,0
-0.1604612386370798,-0.48317500023919485,-0.187729609385173,0.6616359210683995,-0.18005341176864703,-0.205587557499675,-0.3619181800382901,-0.1401576489772428,-0.5693651455269977,-0.547929868847325,-0.25572715006963403,-0.20499850637365424,-0.1640059208620612,-0.15631339825045992,-0.3423368460633143,3.23660005637674,-0.5806749931798404,0,0,0,0,1
-0.1604612386370798,-0.26216871082161,-0.17485230680930655,0.6616359210683995,-0.26253024962576726,-0.20558879383190334,-0.3908915507115928,-0.13504891647531309,-0.5693651455269977,-0.547929868847325,-0.2612448942066471,-0.19763022965245988,-0.14433101681785873,-0.15631339825045992,-0.3423368460633143,0.5927536735902655,-0.5806749931798404,0,0,0,0,0
-0.17761083162457708,-0.48317500023919485,-0.1834371751932175,0.6616359210683995,-0.2367178506159457,-0.20558763831253277,-0.3657891332757826,-0.14028166354382265,-0.5693651455269977,-0.547929868847325,-0.2577765978919532,-0.1712272380681801,-0.1664866870721141,-0.15631339825045992,-0.3423368460633143,0.46219335839093345,-0.5806749931798404,0,0,0,0,1
-0.13902424740270825,-0.26216871082161,-0.17055987261735106,2.2048100809946956,-0.23756679071159834,-0.20469326767485965,-0.36042805001701467,-0.13486290617025498,0.4577590853110601,0.552376135065391,-0.2614025440391332,-0.17061321500808058,-0.12524632523108342,-0.15115986451096527,-0.23778075289351494,1.114994934387594,0.5095419657458903,0,0,0,0,1
0.40976272819720394,1.0638690256838992,0.4303809142564164,0.6616359210683995,-0.2763888766309944,-0.20111832663300216,0.15663477727479946,-0.12806699696588802,2.882953860660185,1.5558902251033913,-0.25478125107471755,0.8443669033364428,-0.038253958376693584,0.3460188575445975,0.6572360408126918,-0.21743567963298704,2.4751460895440647,0,0,0,0,1
-0.16474863688395414,-0.26216871082161,-0.187729609385173,0.6616359210683995,-0.1719562730896839,-0.20558848687424053,-0.3841631191348233,-0.13895021352732415,-0.5693651455269977,-0.547929868847325,-0.25856484705438365,-0.19026195293126552,-0.16056945776519682,-0.15631339825045992,-0.3423368460633143,2.7469988743792446,-0.5806749931798404,0,0,0,0,0
-0.16903603513082843,-0.48317500023919485,-0.1834371751932175,-0.8815382388578968,-0.24853167049756192,-0.2055874398572291,-0.38269587125587107,-0.1415403388984309,-0.5693651455269977,-0.547929868847325,-0.2571459985620088,-0.20315643719335566,-0.16457503136338975,-0.15631339825045992,-0.3423368460633143,1.114994934387594,-0.5806749931798404,0,1,0,0,0
-0.18189822987145138,-0.26216871082161,-0.17055987261735106,0.6616359210683995,-0.22601382865254901,-0.20477725283893533,-0.35772256416930986,-0.1362850081850031,0.35453378923346973,0.5238819115437632,-0.257461298226981,-0.17061321500808058,-0.168180058885847,-0.15167779119415833,-0.24048840392762194,-0.5170090056040573,0.43130553748262573,0,1,0,0,1
-0.19047302636520003,-0.48317500023919485,-0.17485230680930655,-0.8815382388578968,-0.0951590434299394,-0.2055880006424514,-0.38781091066547296,-0.1415403388984309,-0.5693651455269977,-0.547929868847325,-0.2617178437041054,-0.19087597599136505,-0.1656829920117794,-0.15631339825045992,-0.3423368460633143,-0.7781296360027213,-0.5806749931798404,0,0,0,0,1
-0.1604612386370798,-0.04116242140402514,-0.1662674384253956,2.2048100809946956,-0.20352852605456695,-0.20460053195737105,-0.3685595588986285,-0.13639230553244136,0.5038328887519505,0.5188023216575748,-0.255569500237148,-0.17061321500808058,-0.16418634999062928,-0.14985175073469267,-0.17339391882150001,0.08916388639284183,0.5267939430037734,0,0,0,0,1
-0.17332343337770276,-0.26216871082161,-0.17485230680930655,0.6616359210683995,-0.2581675752183921,-0.2055886984766146,-0.3681972000430932,-0.1415403388984309,-0.5693651455269977,-0.547929868847325,-0.2623484430340497,-0.10491274757743084,-0.14045496770665586,-0.15631339825045992,-0.3423368460633143,0.005232255193271058,-0.5806749931798404,0,1,0,0,0
-0.19476042461207432,-0.3726718555304024,-0.187729609385173,-0.8815382388578968,-0.27706814454676776,-0.20558872951215934,-0.36769194470516725,-0.1415403388984309,-0.5693651455269977,-0.547929868847325,-0.25509655073968973,-0.20131436801305708,-0.17258470668018752,-0.15631339825045992,-0.3423368460633143,-0.6802093996032224,-0.5806749931798404,0,0,0,0,1
-0.16474863688395414,-0.26216871082161,-0.17485230680930655,0.6616359210683995,-0.28984796186488326,-0.20558730421838212,-0.36786828059437376,-0.1415403388984309,-0.5693651455269977,-0.547929868847325,-0.2602989952117306,-0.19885827577265897,-0.15435551042149132,-0.15631339825045992,-0.3423368460633143,0.39691320079126746,-0.5806749931798404,0,1,0,0,1
-0.17332343337770276,-0.26216871082161,-0.17914474100126204,0.6616359210683995,-0.13726966539751118,-0.20558893943907738,-0.38225476314895684,-0.1316269539788609,-0.5693651455269977,-0.547929868847325,-0.2566730490645506,-0.17491137642877727,-0.1663630013548925,-0.15631339825045992,-0.3423368460633143,0.2989929643917683,-0.5806749931798404,0,0,0,0,1
2.424839904228132,3.38443506456854,2.404900642555938,0.6616359210683995,-0.3154428259253628,-0.20405053396501455,0.7495286585316508,-0.11204623733570361,2.7827838840473054,2.3314530293495483,-0.26108724437416103,2.4174939833114393,1.7044303596849903,1.8788104214507135,2.941008247081677,-0.18091314469488554,2.705787510418527,0,1,0,1,0
0.5126602861221875,4.710472801074049,0.5033522955196595,0.6616359210683995,-0.06986264458564856,0.12649010886259948,2.9485414797329343,-0.1393655932727556,1.878343072212966,2.746133446467196,-0.2565153992320645,0.7921749432279828,0.02162631372062486,0.24159838962189012,4.66593379397314,-0.17258608820704632,2.27385340164904,0,1,0,0,1
-0.12187465441521099,-0.15166556611281756,-0.13192796488975173,-0.8815382388578968,-0.32353090683616126,-0.2055611253858821,-0.3868051375176529,-0.07335878060069301,0.6488818305725681,0.4442672177560358,-0.2620331433690775,-0.11719320877942144,-0.09075694570993738,-0.13919845268065018,-0.21662605814213415,0.005232255193271058,0.5929997984451609,0,1,0,0,1
-0.19047302636520003,-0.26216871082161,-0.187729609385173,-0.8815382388578968,-0.2893168870451345,-0.20558714323097782,-0.3859320882878308,-0.1415403388984309,-0.5693651455269977,-0.547929868847325,-0.2602989952117306,-0.1982442527125594,-0.16876763147660825,-0.15631339825045992,-0.3423368460633143,-0.19060821760572702,-0.5806749931798404,0,1,0,0,0
-0.16474863688395414,-0.3726718555304024,-0.17914474100126204,-0.8815382388578968,-0.2739306832985179,-0.2055894715356195,-0.38996599915650254,-0.12443890627741849,-0.1619902886190541,-0.547929868847325,-0.262821392531508,-0.20070034495295755,-0.11053718512327354,-0.15508701101900463,-0.3423368460633143,0.7885941463892636,-0.314837065605399,0,0,0,0,0
-0.18189822987145138,-0.3726718555304024,-0.187729609385173,0.6616359210683995,-0.1665900018120888,-0.2055864085281542,-0.36661860652790706,-0.1415403388984309,-0.5693651455269977,-0.547929868847325,-0.2554118504046619,-0.20499850637365424,-0.1694776392916243,-0.15631339825045992,-0.3423368460633143,0.7885941463892636,-0.5806749931798404,0,1,0,0,0
-0.14331164564958257,-0.15166556611281756,-0.1619750042334401,0.6616359210683995,0.1547551681327149,-0.15128412477446,-0.2194572233996659,-0.139670428400465,0.6110954535114836,0.22011045396681858,-0.25856484705438365,-0.1368419467026064,-0.15244307397574863,-0.14802135267340716,-0.24502658841406905,0.4213932598911421,0.4827879868842022,0,0,0,0,0
-0.19904782285894865,-0.48317500023919485,-0.17914474100126204,-0.8815382388578968,-0.10729351027644218,-0.20558850080319732,-0.3797412649996857,-0.1415403388984309,-0.5693651455269977,-0.547929868847325,-0.2617178437041054,-0.20684057555395285,-0.1735716718283139,-0.15631339825045992,-0.3423368460633143,-1.1698105816007176,-0.5806749931798404,0,0,0,0,1
-0.17761083162457708,-0.3726718555304024,-0.1834371751932175,0.6616359210683995,-0.2658303145205546,-0.20558798026569722,-0.390994551247348,-0.1415403388984309,-0.5693651455269977,-0.547929868847325,-0.2579342477244393,-0.20131436801305708,-0.16630032184398083,-0.15631339825045992,-0.3423368460633143,0.46219335839093345,-0.5806749931798404,0,0,0,0,0
-0.17761083162457708,-0.48317500023919485,-0.15339013584952915,-0.8815382388578968,-0.3266300777923382,-0.20558892634968498,-0.3942912023004099,-0.024931450591591926,0.6517562363584973,-0.547929868847325,-0.26329434202896623,-0.1712272380681801,-0.10475030537908674,-0.14528497335820031,-0.3423368460633143,-0.6802093996032224,0.21618414520982726,0,0,0,0,1
-0.19904782285894865,-0.3726718555304024,-0.17914474100126204,0.6616359210683995,-0.15664621637734125,-0.2055883453908138,-0.378533440446254,-0.1415403388984309,-0.5693651455269977,-0.547929868847325,-0.262821392531508,-0.20684057555395285,-0.1735716718283139,-0.15631339825045992,-0.3423368460633143,-1.1698105816007176,-0.5806749931798404,0,1,0,0,1
-0.1561738403902055,-0.26216871082161,-0.1834371751932175,-0.8815382388578968,-0.22166889005543702,-0.20558786698492734,-0.3625147717128564,-0.14021653701191655,-0.5693651455269977,-0.547929868847325,-0.2615601938716193,-0.1712272380681801,-0.13675491419398816,-0.15631339825045992,-0.3423368460633143,2.0941972983825847,-0.5806749931798404,0,1,0,0,0
-0.1604612386370798,-0.48317500023919485,-0.1834371751932175,0.6616359210683995,-0.18562902525133754,-0.20558847122674984,-0.38375988477350864,-0.1382191906362852,-0.5693651455269977,-0.547929868847325,-0.2577765978919532,-0.19026195293126552,-0.16081869926715425,-0.15631339825045992,-0.3423368460633143,1.7677965103842541,-0.5806749931798404,0,0,0,0,1
-0.18189822987145138,-0.3726718555304024,-0.187729609385173,0.6616359210683995,-0.1656845331282014,-0.20558746281003523,-0.3828028872199971,-0.13880988037111397,-0.5693651455269977,-0.547929868847325,-0.2560424497346062,-0.1650870074671848,-0.16915022582651082,-0.15631339825045992,-0.3423368460633143,0.7885941463892636,-0.5806749931798404,0,0,0,0,1
-0.13473684915583392,-0.15166556611281756,-0.15768257004148462,0.6616359210683995,1.459814988078481,-0.03824838961796347,0.2756700798803711,-0.14104655261895518,0.2951337247188142,0.4292646742974869,-0.25462360124223143,-0.18105160702977258,-0.1595197520478024,-0.14937328493321234,-0.21852687158379858,0.46219335839093345,0.3564307130900759,0,1,0,0,0
-0.20333522110582294,-0.26216871082161,-0.1834371751932175,-0.8815382388578968,-0.33224717778067014,-0.2055894715356195,-0.39644902136256227,-0.1415403388984309,-0.5693651455269977,-0.547929868847325,-0.2636096416939384,-0.20131436801305708,-0.2009864640832953,-0.15631339825045992,-0.3423368460633143,-1.4962113695990478,-0.5806749931798404,0,1,0,0,1
-0.17761083162457708,-0.48317500023919485,-0.17914474100126204,0.6616359210683995,-0.25979612809950087,-0.20558732851686112,-0.38391448979161,-0.13901526815613366,-0.5693651455269977,-0.547929868847325,-0.262821392531508,-0.20070034495295755,-0.13417511763766368,-0.15631339825045992,-0.3423368460633143,0.05419237339302063,-0.5806749931798404,0,0,0,0,1
2.2876431603281535,4.820975945782841,2.237495709069674,3.7479842409209922,-0.24914631717251695,-0.13939524138913698,2.839847859359063,-0.13215915316197524,3.253932999320534,2.741256378367333,-0.2552542005721758,1.8980304744672365,0.4092729572097334,2.015221143147915,4.762703225271268,-0.16815736975399007,3.1696516330917475,0,1,0,1,1
-0.1861856281183257,-0.48317500023919485,-0.187729609385173,-0.8815382388578968,-0.2557081144495846,-0.20558759305194826,-0.3791982400677956,-0.13999216690119867,-0.5693651455269977,-0.547929868847325,-0.2566730490645506,-0.19517413741206177,-0.1699673365916032,-0.15631339825045992,-0.3423368460633143,0.2989929643917683,-0.5806749931798404,0,0,0,0,1
-0.19047302636520003,-0.48317500023919485,-0.17485230680930655,0.6616359210683995,-0.33224717778067014,-0.2055894715356195,-0.39644902136256227,-0.1415403388984309,-0.5693651455269977,-0.547929868847325,-0.26077194470918885,-0.2080686216741519,-0.16804762542889215,-0.15631339825045992,-0.3423368460633143,-0.7781296360027213,-0.5806749931798404,0,1,0,0,0
-0.18189822987145138,-0.26216871082161,-0.17485230680930655,0.6616359210683995,-0.242574027241789,-0.20558720334583372,-0.391749686228195,-0.13903790156252321,-0.5693651455269977,-0.547929868847325,-0.25730364839449493,-0.10491274757743084,-0.16830837970161378,-0.15631339825045992,-0.3423368460633143,-0.3864486904047251,-0.5806749931798404,0,0,0,0,1
-0.1561738403902055,-0.15166556611281756,-0.1662674384253956,0.6616359210683995,-0.2096807087793347,-0.20444952229539726,-0.3706347848230799,-0.13600347070997976,0.3546616953744983,0.40221816309438135,-0.257461298226981,-0.17061321500808058,-0.1600926394721467,-0.15074989966930105,-0.2219536486624342,0.22904993839212612,0.3849536599399582,0,1,0,0,0
-0.19047302636520003,-0.3726718555304024,-0.187729609385173,0.6616359210683995,-0.24298862674129112,-0.20558747830005833,-0.3785117779927082,-0.1415403388984309,-0.5693651455269977,-0.547929868847325,-0.26219079320156363,-0.18719183763076788,-0.1635347887334493,-0.15631339825045992,-0.3423368460633143,-0.19060821760572702,-0.5806749931798404,0,0,0,0,1
-0.10472506142771373,0.511353302139937,-0.1147582281219298,0.6616359210683995,1.5977493549444661,2.864069264263587,2.3269538290573375,-0.141306973100106,1.397249935291687,1.3632919862958717,-0.25919544638432795,-0.10122860921683366,-0.13305075179346634,-0.12079085801403376,0.2630398692743847,-0.035997318027570564,1.4321211859205918,0,0,0,0,0
-0.1861856281183257,-0.26216871082161,-0.1834371751932175,0.6616359210683995,-0.22791746880689676,-0.20558817424523668,-0.382805015328401,-0.1415403388984309,-0.5693651455269977,-0.547929868847325,-0.26219079320156363,-0.18719183763076788,-0.15851634718601698,-0.15631339825045992,-0.3423368460633143,-0.19060821760572702,-0.5806749931798404,0,0,0,0,0
-0.18189822987145138,-0.26216871082161,-0.17485230680930655,-0.8815382388578968,-0.1395101351219506,-0.20558873927199423,-0.36554935943089084,-0.13974998398218416,-0.5693651455269977,-0.547929868847325,-0.2588801467193558,-0.17859551478937447,-0.16666445712169703,-0.15631339825045992,-0.3423368460633143,-0.3864486904047251,-0.5806749931798404,0,1,0,0,1
-0.13044945090895962,-0.04116242140402514,-0.12763553069779626,0.6616359210683995,-0.3243233390948764,-0.20554637957694868,-0.3848882657468328,-0.07246280295127949,0.9186197492814019,0.4606654099027759,-0.2614025440391332,-0.11719320877942144,-0.11834270428862192,-0.13391577546339942,-0.1826013095237586,-0.19060821760572702,0.7752795857947433,0,0,0,0,0
-0.14759904389645687,0.40085015743114455,-0.13192796488975173,0.6616359210683995,-0.10620780167666227,-0.1529967144628052,-0.20409602665262888,-0.13901126931509233,1.083107748652352,1.6455095517177925,-0.25919544638432795,-0.12640355468091438,-0.15146935180930612,-0.1330980862535319,0.2829549971240917,-0.3864486904047251,1.3348373305804984,0,0,0,0,0
-0.16903603513082843,-0.48317500023919485,-0.187729609385173,-0.8815382388578968,-0.13843910977099075,-0.2055881074975878,-0.3786828334981687,-0.1415403388984309,-0.5693651455269977,-0.547929868847325,-0.2565153992320645,-0.20868264473425144,-0.16534043147384056,-0.15631339825045992,-0.3423368460633143,2.2573976923817494,-0.5806749931798404,0,1,0,0,0
-0.1561738403902055,-0.48317500023919485,-0.187729609385173,0.6616359210683995,-0.19760970137538558,-0.20558775999142723,-0.3765150589965994,-0.13949516253442099,-0.5693651455269977,-0.547929868847325,-0.26077194470918885,-0.16815712276768244,-0.14595143983120523,-0.15631339825045992,-0.3423368460633143,3.726201238374235,-0.5806749931798404,0,0,0,0,0
-0.19476042461207432,-0.3726718555304024,-0.17055987261735106,-0.8815382388578968,-0.28461512081391416,-0.2055876703048389,-0.3838772085752934,-0.1415403388984309,-0.5693651455269977,-0.547929868847325,-0.2620331433690775,-0.1982442527125594,-0.1689708537106263,-0.15631339825045992,-0.3423368460633143,-1.0066101876015525,-0.5806749931798404,0,0,0,0,0
-0.19476042461207432,-0.26216871082161,-0.17055987261735106,-0.8815382388578968,-0.09179560888881538,-0.2055888530424243,-0.3908947378695853,-0.1388287606749617,-0.5693651455269977,-0.547929868847325,-0.2615601938716193,-0.20499850637365424,-0.16988999606488134,-0.15631339825045992,-0.3423368460633143,-1.0066101876015525,-0.5806749931798404,0,1,0,0,0
-0.16903603513082843,-0.3726718555304024,-0.17055987261735106,-0.8815382388578968,-0.26149718786686155,-0.20558819284786167,-0.37722625669947335,-0.1415403388984309,-0.5693651455269977,-0.547929868847325,-0.2636096416939384,-0.18719183763076788,0.018331873956555857,-0.15631339825045992,-0.3423368460633143,-0.027407823606561847,-0.5806749931798404,0,0,0,0,1
9.949223827492553,-0.48317500023919485,9.959584820397586,0.6616359210683995,-0.3321752430424305,-0.20558847828730986,-0.3817103275738108,6.412664434988991,3.581586636479191,-0.547929868847325,-0.2554118504046619,9.952784976852874,2.249072081757757,9.694928383795215,-0.3423368460633143,-0.1901943535465575,2.128084274796579,0,0,0,1,1
-0.16474863688395414,-0.3726718555304024,-0.17485230680930655,-0.8815382388578968,-0.1133588863120659,-0.2055883546116472,-0.3715352200330296,-0.13897710354742251,-0.5693651455269977,-0.547929868847325,-0.26219079320156363,-0.17859551478937447,-0.1334241394488555,-0.15631339825045992,-0.3423368460633143,0.39691320079126746,-0.5806749931798404,0,1,0,0,0
-0.18189822987145138,-0.48317500023919485,-0.1834371751932175,0.6616359210683995,-0.10545628367760432,-0.2055858683309586,-0.38492027479549884,-0.13661797491085861,-0.5693651455269977,-0.547929868847325,-0.25824954738941147,-0.1650870074671848,-0.16743157027745273,-0.15631339825045992,-0.3423368460633143,0.13579257039260312,-0.5806749931798404,0,1,0,0,1
-0.16474863688395414,-0.48317500023919485,-0.1834371751932175,-0.8815382388578968,-0.04318892126661324,-0.20558733417501746,-0.3789309318053574,-0.13690025895535088,-0.5693651455269977,-0.547929868847325,-0.25840719722189753,-0.19087597599136505,-0.1609407727788984,-0.15631339825045992,-0.3423368460633143,1.441395722385924,-0.5806749931798404,0,0,0,0,0
-0.19047302636520003,-0.26216871082161,-0.17055987261735106,-0.8815382388578968,-0.23932494663324094,-0.20558773970818772,-0.3798936581805284,-0.1415403388984309,-0.5693651455269977,-0.547929868847325,-0.2576189480594671,-0.20561252943375377,-0.17080849826492134,-0.15631339825045992,-0.3423368460633143,-0.8434097936023875,-0.5806749931798404,0,0,0,0,1
-0.1604612386370798,-0.3726718555304024,-0.187729609385173,-0.8815382388578968,-0.2180230382141833,-0.2055887457330166,-0.3588039615096763,-0.13970839353386197,-0.5693651455269977,-0.547929868847325,-0.2549389009072036,-0.16999919194798102,-0.16484477654457383,-0.15631339825045992,-0.3423368460633143,3.23660005637674,-0.5806749931798404,0,0,0,0,0
-0.19476042461207432,-0.26216871082161,-0.1834371751932175,0.6616359210683995,-0.23916867630259578,-0.20558743180437175,-0.38506880482805417,-0.1415403388984309,-0.5693651455269977,-0.547929868847325,-0.255569500237148,-0.20315643719335566,-0.1725288582907934,-0.15631339825045992,-0.3423368460633143,-0.8434097936023875,-0.5806749931798404,0,0,0,0,0
9.979235615220674,-0.48317500023919485,9.96387725458954,0.6616359210683995,-0.33216711133873583,-0.20558864385757916,-0.37767376264305974,4.995224881532334,3.0697207292075337,-0.547929868847325,-0.2577765978919532,9.952784976852874,3.190379090415353,8.483794957216903,-0.3423368460633143,-0.1877123931241195,1.7940593106200156,0,1,0,2,1
-0.19476042461207432,-0.3726718555304024,-0.17914474100126204,-0.8815382388578968,-0.2546621222339122,-0.20558868074256195,-0.36337549021038595,-0.1415403388984309,-0.5693651455269977,-0.547929868847325,-0.2587224968868697,-0.20131436801305708,-0.17189716912116965,-0.15631339825045992,-0.3423368460633143,-0.92500999060197,-0.5806749931798404,0,0,0,0,1
-0.19904782285894865,-0.3726718555304024,-0.17055987261735106,0.6616359210683995,-0.1612159793259634,-0.20558651751982346,-0.3696420014843358,-0.13860073279792554,-0.5693651455269977,-0.547929868847325,-0.25698834872952275,-0.20622655249385333,-0.1735716718283139,-0.15631339825045992,-0.3423368460633143,-1.1698105816007176,-0.5806749931798404,0,1,0,0,1
-0.1861856281183257,-0.26216871082161,-0.17055987261735106,0.6616359210683995,-0.19247339077782732,-0.20558855582633537,-0.3627478942668085,-0.1394110158335956,-0.5693651455269977,-0.547929868847325,-0.25951074604930013,-0.16999919194798102,-0.1676516423288741,-0.15631339825045992,-0.3423368460633143,-0.6802093996032224,-0.5806749931798404,0,1,0,0,0
-0.1604612386370798,-0.48317500023919485,-0.1834371751932175,-0.8815382388578968,-0.09511723287684172,-0.20558894224072014,-0.3911706269097302,-0.1395362468200136,-0.5693651455269977,-0.547929868847325,-0.2590377965518419,-0.20499850637365424,-0.15752937802623182,-0.15631339825045992,-0.3423368460633143,1.7677965103842541,-0.5806749931798404,0,1,0,0,1
-0.19904782285894865,-0.26216871082161,-0.17914474100126204,0.6616359210683995,-0.2706903811308193,-0.20558672083902466,-0.3877193901241508,-0.1415403388984309,-0.5693651455269977,-0.547929868847325,-0.26187549353659145,-0.1982442527125594,-0.1735716718283139,-0.15631339825045992,-0.3423368460633143,-1.1698105816007176,-0.5806749931798404,0,0,0,0,1
-0.10901245967458804,0.6218564468487294,-0.07612632039433047,3.7479842409209922,0.07571533962221001,-0.10075632900714006,0.3325041868704404,-0.14003767223004854,1.021596198950301,1.4084939718115153,-0.25919544638432795,-0.047194579928075006,-0.13489261179505033,-0.11320761543229899,0.3393269695775152,-0.4354088086044747,1.2042355211844569,0,0,0,0,1
-0.17332343337770276,-0.3726718555304024,-0.1834371751932175,0.6616359210683995,-0.24719940889749142,-0.20558827692408224,-0.37870814645133477,-0.13967793491316127,-0.5693651455269977,-0.547929868847325,-0.2617178437041054,-0.19517413741206177,-0.14990563237871046,-0.15631339825045992,-0.3423368460633143,0.7885941463892636,-0.5806749931798404,0,0,0,0,1
-0.16474863688395414,-0.3726718555304024,-0.17914474100126204,-0.8815382388578968,-0.26928469941851396,-0.2055888996312708,-0.37135007768664974,-0.1415403388984309,-0.5693651455269977,-0.547929868847325,-0.2552542005721758,-0.20131436801305708,-0.16553243556572014,-0.15631339825045992,-0.3423368460633143,0.7885941463892636,-0.5806749931798404,0,0,0,0,0
-0.1604612386370798,-0.26216871082161,-0.1834371751932175,-0.8815382388578968,-0.1810037140400499,-0.2055878507170475,-0.38228934742229287,-0.1415403388984309,-0.5693651455269977,-0.547929868847325,-0.255569500237148,-0.2099106908544505,-0.16418634999062928,-0.15631339825045992,-0.3423368460633143,1.7677965103842541,-0.5806749931798404,0,0,0,0,0
-0.1861856281183257,-0.48317500023919485,-0.17055987261735106,-0.8815382388578968,-0.1401307145362946,-0.20558876931724535,-0.37431552728493517,-0.13878777170905393,-0.5693651455269977,-0.547929868847325,-0.2617178437041054,-0.17859551478937447,-0.16173865210351218,-0.15631339825045992,-0.3423368460633143,-0.6802093996032224,-0.5806749931798404,0,1,0,0,0
-0.19047302636520003,-0.3726718555304024,-0.17914474100126204,-0.8815382388578968,-0.2971782565826762,-0.20558756670470757,-0.36421050022039286,-0.1415403388984309,-0.5693651455269977,-0.547929868847325,-0.25856484705438365,-0.19885827577265897,-0.17032111831253463,-0.15631339825045992,-0.3423368460633143,-0.6802093996032224,-0.5806749931798404,0,0,0,0,0
-0.17332343337770276,-0.48317500023919485,-0.17914474100126204,0.6616359210683995,-0.22689669473791013,-0.20558768937697883,-0.37791445041553673,-0.1415403388984309,-0.5693651455269977,-0.547929868847325,-0.2626637426990219,-0.20561252943375377,-0.13219300410042098,-0.15631339825045992,-0.3423368460633143,0.2989929643917683,-0.5806749931798404,0,1,0,0,0
-0.1261620526620853,0.17984386801355973,-0.13622039908170722,0.6616359210683995,2.303004855183931,8.529437367663995,2.540370183614824,-0.14140779456459382,1.09547194936682,0.6655554956695332,-0.25856484705438365,-0.17859551478937447,-0.14594196694419007,-0.1345950275875729,-0.07327805130681447,0.019220860393199445,0.9688871619150607,0,1,0,0,0
-0.17332343337770276,-0.48317500023919485,-0.17055987261735106,-0.8815382388578968,-0.16920698970423137,-0.2055864392221584,-0.3655598409373453,-0.13837983606985374,-0.5693651455269977,-0.547929868847325,-0.25856484705438365,-0.20622655249385333,-0.16382001128097606,-0.15631339825045992,-0.3423368460633143,-0.19060821760572702,-0.5806749931798404,0,0,0,0,0
0.12250704565662492,2.279403617480616,0.09557104728388881,0.6616359210683995,0.1917906807293244,0.7448903388566938,2.3470954677172515,-0.14080080477179627,2.2019099838893124,2.0494672469964152,-0.255569500237148,0.03938267154595875,-0.0953606565142755,0.03000965465571103,1.796739629272482,-0.08980797425330143,2.2191050767260085,0,0,0,0,1
-0.14759904389645687,0.40085015743114455,-0.13622039908170722,0.6616359210683995,0.23401203671453516,-0.027895403547138264,0.05517281518634782,-0.14079324049137856,0.5957523208051226,1.3323834681125095,-0.2626637426990219,-0.15587666156569185,-0.09081433637252807,-0.1411140414622099,0.19369099277919102,-0.33049426960501144,0.8972963266749576,0,0,0,0,1
-0.1604612386370798,-0.3726718555304024,-0.17914474100126204,-0.8815382388578968,-0.2655992547389349,-0.20558860634622386,-0.36029118503670876,-0.1415403388984309,-0.5693651455269977,-0.547929868847325,-0.25478125107471755,-0.20315643719335566,-0.16499519703208446,-0.15631339825045992,-0.3423368460633143,1.0333947373880112,-0.5806749931798404,0,1,0,0,0
-0.10472506142771373,0.8428627362663142,-0.09329605716215239,3.7479842409209922,0.02282079017541929,-0.06632725312151364,0.29328035014257947,-0.1400959388680359,0.9148763516373946,2.074588223766935,-0.25572715006963403,-0.047194579928075006,-0.15018872502191835,-0.12205677509204522,0.7375455338459639,-0.2722084146053096,1.3888219263181212,0,0,0,0,1
-0.1861856281183257,-0.3726718555304024,-0.17055987261735106,0.6616359210683995,-0.30104107724658924,-0.20558802881020516,-0.36807876144530854,-0.1415403388984309,-0.5693651455269977,-0.547929868847325,-0.2549389009072036,-0.19885827577265897,-0.17066270673373388,-0.15631339825045992,-0.3423368460633143,-0.6802093996032224,-0.5806749931798404,0,1,0,0,0
-0.18189822987145138,-0.48317500023919485,-0.1834371751932175,-0.8815382388578968,-0.2649636407547975,-0.20558823014452404,-0.3781133362900406,-0.1415403388984309,-0.5693651455269977,-0.547929868847325,-0.26329434202896623,-0.18719183763076788,-0.11851457866893217,-0.15631339825045992,-0.3423368460633143,0.13579257039260312,-0.5806749931798404,0,0,0,0,0
-0.1861856281183257,-0.48317500023919485,-0.17055987261735106,0.6616359210683995,-0.29437592468822404,-0.20558864461436216,-0.36831202421719056,-0.13948649433309562,-0.5693651455269977,-0.547929868847325,-0.2612448942066471,-0.1712272380681801,-0.16382478682482884,-0.15631339825045992,-0.3423368460633143,-0.6802093996032224,-0.5806749931798404,0,0,0,0,1
-0.08328807019334215,0.6218564468487294,-0.08041875458628595,2.2048100809946956,-0.04974863852985738,-0.09102156491317161,0.13877494258426998,-0.14020209166924505,1.5918456245883126,1.729278805414014,-0.2598260457142723,-0.047194579928075006,-0.11619554992118757,-0.09992592739225989,0.4510959069257485,-0.19060821760572702,1.6987932267550063,0,1,0,0,0
0.178243222865991,1.6163847492278614,0.20717433627473134,0.6616359210683995,0.13357254279570732,0.24537946883535602,3.377762470626998,-0.14053347789150267,2.22399708801157,2.2413329324663995,-0.2577765978919532,0.2278877509965145,-0.04887594011919734,0.10437538814971223,1.4246529446079712,-0.25311049615859876,2.306747596787912,0,1,0,0,1
-0.20333522110582294,-0.48317500023919485,-0.1834371751932175,-0.8815382388578968,-0.1937252306425835,-0.2055867236457912,-0.38487052655524207,-0.1383237182579146,-0.5693651455269977,-0.547929868847325,-0.25935309621681407,-0.1650870074671848,-0.1754770077633241,-0.15631339825045992,-0.3423368460633143,-1.4962113695990478,-0.5806749931798404,0,1,0,0,0
-0.10901245967458804,0.511353302139937,-0.13622039908170722,-0.8815382388578968,2.6555187263273528,3.596474878542702,3.576477216730124,-0.1413691565902586,0.6564179902082702,1.0627915882842411,-0.2623484430340497,-0.15403459238539324,-0.05766320740251071,-0.14032263700669245,0.1678568095911738,0.2989929643917683,0.8339895198048746,0,1,0,0,0
-0.17332343337770276,-0.26216871082161,-0.17055987261735106,0.6616359210683995,-0.31270177806660676,-0.2055886709210491,-0.3857869208722608,-0.1349370525911026,-0.5693651455269977,-0.547929868847325,-0.2626637426990219,-0.20561252943375377,-0.13219300410042098,-0.15631339825045992,-0.3423368460633143,-0.19060821760572702,-0.5806749931798404,0,0,0,0,0
-0.13044945090895962,0.29034701272235214,-0.11905066231388528,0.6616359210683995,-0.005787453393127808,-0.13145425503494262,-0.13504876993945,-0.13933101197392433,0.7237211615624476,1.2051029926007828,-0.2590377965518419,-0.12640355468091438,-0.1450520384023902,-0.1342542581587392,0.1018796210879533,-0.29940848027183714,0.9322250324096625,0,1,0,0,1
-0.13902424740270825,0.17984386801355973,-0.12763553069779626,0.6616359210683995,-0.04579447961012176,-0.13438239681285402,-0.13469520093785922,-0.1396863334919288,1.168905880742715,1.6854628219317693,-0.25620009956709233,-0.12640355468091438,-0.1577809006348632,-0.13014838885829214,0.15285985195228102,-0.31300851310510086,1.40607499805348,0,0,0,0,1
-0.16903603513082843,-0.26216871082161,-0.17055987261735106,0.6616359210683995,-0.16791643763482672,-0.2055862610342721,-0.36718401519571386,-0.13975976053551006,-0.5693651455269977,-0.547929868847325,-0.2623484430340497,-0.20499850637365424,-0.13493551701971285,-0.15631339825045992,-0.3423368460633143,-0.027407823606561847,-0.5806749931798404,0,0,0,0,0
-0.18189822987145138,-0.15166556611281756,-0.1619750042334401,-0.8815382388578968,-0.07578225458274604,-0.19607303107744753,-0.29590887050190134,-0.13883751451291135,0.47612577004335926,0.4067191333104354,-0.2602989952117306,-0.18227965314997163,-0.1639635911249026,-0.14896943579261476,-0.22138337838054198,-0.6802093996032224,0.4659345543753813,0,0,0,0,1
-0.1861856281183257,-0.26216871082161,-0.17485230680930655,-0.8815382388578968,-0.27351777115235587,-0.2055888348829905,-0.3805131168814549,-0.13851945411296077,-0.5693651455269977,-0.547929868847325,-0.25462360124223143,-0.19087597599136505,-0.1707612878722116,-0.15631339825045992,-0.3423368460633143,-0.5822891632037233,-0.5806749931798404,0,0,0,0,0
-0.19476042461207432,-0.3726718555304024,-0.187729609385173,0.6616359210683995,-0.21049441141704314,-0.2055874264452502,-0.3687174703524278,-0.13965844505167427,-0.5693651455269977,-0.547929868847325,-0.2609295945416749,-0.21543689839534627,-0.17066440639198371,-0.15631339825045992,-0.3423368460633143,-0.6802093996032224,-0.5806749931798404,0,0,0,0,0
-0.18189822987145138,-0.26216871082161,-0.17055987261735106,-0.8815382388578968,-0.2079855641275038,-0.2055868812067844,-0.37192821383364527,-0.1415403388984309,-0.5693651455269977,-0.547929868847325,-0.2579342477244393,-0.20561252943375377,-0.16775459184084746,-0.15631339825045992,-0.3423368460633143,-0.5170090056040573,-0.5806749931798404,0,0,0,0,1
-0.16903603513082843,-0.3726718555304024,-0.17914474100126204,0.6616359210683995,-0.17033802001687293,-0.20558795258458062,-0.38096531126390354,-0.13903145019922758,-0.5693651455269977,-0.547929868847325,-0.2623484430340497,-0.1650870074671848,-0.13493551701971285,-0.15631339825045992,-0.3423368460633143,0.543793555390516,-0.5806749931798404,0,1,0,0,1
-0.20762261935269727,-0.3726718555304024,-0.17485230680930655,0.6616359210683995,-0.17350882987891103,-0.20558630303322445,-0.3777501371538788,-0.1415403388984309,-0.5693651455269977,-0.547929868847325,-0.25572715006963403,-0.17859551478937447,-0.17569739426525893,-0.15631339825045992,-0.3423368460633143,-1.561491527198714,-0.5806749931798404,0,0,0,0,1
-0.19047302636520003,-0.48317500023919485,-0.187729609385173,-0.8815382388578968,-0.11547120548857152,-0.20558841490412882,-0.37342122002446415,-0.13685151223634434,-0.5693651455269977,-0.547929868847325,-0.2623484430340497,-0.18719183763076788,-0.16253277045442788,-0.15631339825045992,-0.3423368460633143,-0.19060821760572702,-0.5806749931798404,0,1,0,0,0
-0.1518864421433312,-0.3726718555304024,-0.17485230680930655,0.6616359210683995,-0.13571829060821927,-0.20558839483260566,-0.3680798277363713,-0.13568006637418073,-0.5693651455269977,-0.547929868847325,-0.2577765978919532,-0.18719183763076788,-0.15798470536467432,-0.15631339825045992,-0.3423368460633143,0.9844346191882619,-0.5806749931798404,0,0,0,0,0
0.4483493124190728,0.8428627362663142,0.43467334844837185,2.2048100809946956,-0.29545897849767516,-0.19954644063901986,0.2894094724937592,-0.12857117867806644,2.312990806919576,1.3419775225541983,-0.26219079320156363,0.8443669033364428,0.584213001833963,0.26597836701240607,0.4358761612682621,-0.16396325532014902,2.0215650947033303,0,1,0,1,1
-0.17761083162457708,-0.3726718555304024,-0.17485230680930655,0.6616359210683995,-0.12002580817592234,-0.20558781491583597,-0.3654250780870414,-0.1415403388984309,-0.5693651455269977,-0.547929868847325,-0.25998369554675843,-0.21543689839534627,-0.16252173890741867,-0.15631339825045992,-0.3423368460633143,-0.19060821760572702,-0.5806749931798404,0,1,0,0,0
-0.17761083162457708,-0.3726718555304024,-0.17055987261735106,-0.8815382388578968,-0.266034720253554,-0.20558737834811325,-0.38402759022659017,-0.1415403388984309,-0.5693651455269977,-0.547929868847325,-0.26219079320156363,-0.1982442527125594,-0.14847946409115242,-0.15631339825045992,-0.3423368460633143,-0.3538086116048921,-0.5806749931798404,0,0,0,0,1
-0.19904782285894865,-0.48317500023919485,-0.187729609385173,-0.8815382388578968,-0.2682084389650537,-0.20558735652622828,-0.39173123923166636,-0.1415403388984309,-0.5693651455269977,-0.547929868847325,-0.2598260457142723,-0.20131436801305708,-0.1735716718283139,-0.15631339825045992,-0.3423368460633143,-1.1698105816007176,-0.5806749931798404,0,0,0,0,1
-0.18189822987145138,-0.48317500023919485,-0.1834371751932175,-0.8815382388578968,-0.19512826050609577,-0.20558737779877662,-0.3758428317607633,-0.1415403388984309,-0.5693651455269977,-0.547929868847325,-0.2552542005721758,-0.2080686216741519,-0.16955205369701704,-0.15631339825045992,-0.3423368460633143,0.13579257039260312,-0.5806749931798404,0,0,0,0,0
-0.19047302636520003,-0.3726718555304024,-0.17485230680930655,0.6616359210683995,-0.24477307870701934,-0.20558809391841615,-0.38952157098609536,-0.1415403388984309,-0.5693651455269977,-0.547929868847325,-0.2577765978919532,-0.20131436801305708,-0.17073767792583397,-0.15631339825045992,-0.3423368460633143,-0.7781296360027213,-0.5806749931798404,0,0,0,0,1
-0.17332343337770276,-0.3726718555304024,-0.17055987261735106,-0.8815382388578968,-0.29791731929874266,-0.20558833249429148,-0.3793390848499744,-0.13598615868748978,-0.5693651455269977,-0.547929868847325,-0.262821392531508,-0.20561252943375377,-0.12629580679953364,-0.15631339825045992,-0.3423368460633143,-0.19060821760572702,-0.5806749931798404,0,0,0,0,1
-0.13044945090895962,0.7323595915575218,-0.12763553069779626,2.2048100809946956,3.341634496759417,9.031144682548257,2.7904806386030563,-0.14133394117412332,0.6415956219406731,2.413487163741921,-0.255569500237148,-0.19087597599136505,-0.1568866552279857,-0.13808563090261822,0.7832925482068793,-0.19060821760572702,1.3398363158289024,0,0,0,0,0
-0.17332343337770276,-0.3726718555304024,-0.17485230680930655,-0.8815382388578968,-0.33224717778067014,-0.2055894715356195,-0.39644902136256227,-0.1415403388984309,-0.5693651455269977,-0.547929868847325,-0.2587224968868697,-0.19026195293126552,-0.16352465558544843,-0.15631339825045992,-0.3423368460633143,0.005232255193271058,-0.5806749931798404,0,0,0,0,0
-0.10472506142771373,0.7323595915575218,-0.11046579392997433,0.6616359210683995,2.9340595497968467,3.046246874626981,2.5460405279370657,-0.14134187835229825,0.8448030282911942,1.234993795876363,-0.26329434202896623,-0.10122860921683366,0.12924234054828554,-0.12935048560808987,0.3353492963028699,-0.09268798120622787,1.0226470373105827,0,1,0,0,0
-0.20333522110582294,-0.48317500023919485,-0.17485230680930655,0.6616359210683995,-0.23352421610462273,-0.2055880286396187,-0.38287900870492986,-0.1415403388984309,-0.5693651455269977,-0.547929868847325,-0.2609295945416749,-0.18719183763076788,-0.1764789372646441,-0.15631339825045992,-0.3423368460633143,-1.3656510543997158,-0.5806749931798404,0,0,0,0,0
-0.17332343337770276,-0.26216871082161,-0.17485230680930655,-0.8815382388578968,-0.10937458500084975,-0.20558877256499677,-0.3920165546116092,-0.13904349045487274,-0.5693651455269977,-0.547929868847325,-0.2576189480594671,-0.20499850637365424,-0.16528215113813627,-0.15631339825045992,-0.3423368460633143,0.005232255193271058,-0.5806749931798404,0,0,0,0,1
-0.17332343337770276,-0.26216871082161,-0.17055987261735106,-0.8815382388578968,-0.1599221227809761,-0.20558791643359794,-0.3730311417295356,-0.13557586666416535,-0.5693651455269977,-0.547929868847325,-0.262821392531508,-0.17368333030857822,-0.12629580679953364,-0.15631339825045992,-0.3423368460633143,-0.19060821760572702,-0.5806749931798404,0,1,0,0,0
-0.19904782285894865,-0.3726718555304024,-0.1834371751932175,-0.8815382388578968,-0.1860575381377939,-0.20558723457321615,-0.36563208573621164,-0.1379049376684546,-0.5693651455269977,-0.547929868847325,-0.2587224968868697,-0.2080686216741519,-0.1735716718283139,-0.15631339825045992,-0.3423368460633143,-1.1698105816007176,-0.5806749931798404,0,1,0,0,0
-0.19476042461207432,-0.26216871082161,-0.17914474100126204,0.6616359210683995,-0.2026278189305127,-0.20558693173695225,-0.38774464158082467,-0.13603130787955045,-0.5693651455269977,-0.547929868847325,-0.25698834872952275,-0.19087597599136505,-0.17231563628766536,-0.15631339825045992,-0.3423368460633143,-0.92500999060197,-0.5806749931798404,0,1,0,0,0
-0.17332343337770276,-0.3726718555304024,-0.17485230680930655,-0.8815382388578968,-0.2552229832379635,-0.205588249253453,-0.38345592828578073,-0.13962042731243926,-0.5693651455269977,-0.547929868847325,-0.26345199186145235,-0.19517413741206177,-0.06360957692711781,-0.15631339825045992,-0.3423368460633143,0.005232255193271058,-0.5806749931798404,0,0,0,0,1
-0.19047302636520003,-0.48317500023919485,-0.17055987261735106,0.6616359210683995,-0.2531011645811128,-0.20558856870761774,-0.3886386804430886,-0.13597105920254954,-0.5693651455269977,-0.547929868847325,-0.2625060928665358,-0.19763022965245988,-0.16130849303773073,-0.15631339825045992,-0.3423368460633143,-0.8434097936023875,-0.5806749931798404,0,1,0,0,0
0.178243222865991,1.8373910386454462,0.1900045995069094,-0.8815382388578968,0.1406620669557207,0.440063781462921,3.4487131268406874,-0.14052278197792625,2.4383926435889567,2.293037532021914,-0.2565153992320645,0.2278877509965145,-0.07009322165779214,0.11231072520289753,1.6373821067946475,-0.21236827013894907,2.4663883622409752,0,0,0,0,0
-0.11329985792146235,-0.15166556611281756,-0.13192796488975173,-0.8815382388578968,-0.3211891620877554,-0.20554687982041395,-0.3846995093297962,-0.07196406441677464,1.0440276584935115,0.6952471447837544,-0.25588479990212015,-0.11719320877942144,-0.15189777530526424,-0.13364711582557587,-0.18482704884745405,0.13579257039260312,0.9466488972606147,0,0,0,0,0
-0.16474863688395414,-0.48317500023919485,-0.187729609385173,0.6616359210683995,-0.30265441893624495,-0.2055883601790634,-0.37261584985797763,-0.1415403388984309,-0.5693651455269977,-0.547929868847325,-0.2598260457142723,-0.19394609129186272,-0.1565713394113876,-0.15631339825045992,-0.3423368460633143,2.7469988743792446,-0.5806749931798404,0,0,0,0,1
-0.18189822987145138,-0.26216871082161,-0.17055987261735106,0.6616359210683995,-0.24819832901940078,-0.20558861319999935,-0.39063818709001547,-0.13683460298753905,-0.5693651455269977,-0.547929868847325,-0.25572715006963403,-0.19763022965245988,-0.1693202269544238,-0.15631339825045992,-0.3423368460633143,-0.5170090056040573,-0.5806749931798404,0,1,0,0,1
-0.1561738403902055,-0.26216871082161,-0.17914474100126204,0.6616359210683995,-0.31904126506711383,-0.2055894715356195,-0.39540924242103037,-0.052451901706573704,-0.2398298779673988,-0.547929868847325,-0.2614025440391332,-0.1816656300898721,-0.13905356711600642,-0.15532134427953795,-0.3423368460633143,1.2781953283867589,-0.3656323338079369,0,1,0,0,1
-0.10472506142771373,0.40085015743114455,-0.11905066231388528,0.6616359210683995,-0.03668822521843465,-0.13943468248938956,-0.10938425639580987,-0.13917239014817442,0.8838338613976774,1.491609925253876,-0.2601413453792445,-0.12640355468091438,-0.12292755178476049,-0.13152284846337334,0.23908226455841078,0.026992307726493213,1.1460596858248646,0,1,0,0,0
-0.20333522110582294,-0.3726718555304024,-0.1834371751932175,-0.8815382388578968,-0.12612486826828878,-0.20558780830708673,-0.37030728042018163,-0.1415403388984309,-0.5693651455269977,-0.547929868847325,-0.25966839588178625,-0.20622655249385333,-0.17561805669127054,-0.15631339825045992,-0.3423368460633143,-1.4962113695990478,-0.5806749931798404,0,0,0,0,0
-0.19047302636520003,-0.3726718555304024,-0.187729609385173,0.6616359210683995,-0.1298241345963758,-0.20558774307957686,-0.36814904198933673,-0.13834206501868218,-0.5693651455269977,-0.547929868847325,-0.262821392531508,-0.2080686216741519,-0.1578130501520538,-0.15631339825045992,-0.3423368460633143,-0.19060821760572702,-0.5806749931798404,0,1,0,0,0
-0.16474863688395414,-0.26216871082161,-0.17055987261735106,-0.8815382388578968,-0.19454555300585827,-0.20558796886175457,-0.37722222335281214,-0.13507932417329865,-0.5693651455269977,-0.547929868847325,-0.2579342477244393,-0.17368333030857822,-0.16193751185338098,-0.15631339825045992,-0.3423368460633143,0.13579257039260312,-0.5806749931798404,0,1,0,0,0
-0.17761083162457708,-0.26216871082161,-0.17485230680930655,0.6616359210683995,-0.19247587839519445,-0.2055880580361216,-0.3727497885345452,-0.13808046376382016,-0.5693651455269977,-0.547929868847325,-0.2560424497346062,-0.20131436801305708,-0.16804486432606006,-0.15631339825045992,-0.3423368460633143,-0.19060821760572702,-0.5806749931798404,0,1,0,0,1
-0.1861856281183257,-0.48317500023919485,-0.17055987261735106,-0.8815382388578968,-0.20970698329100676,-0.20558730797614544,-0.372274855705363,-0.13992861538348597,-0.5693651455269977,-0.547929868847325,-0.25698834872952275,-0.19394609129186272,-0.16980356520636833,-0.15631339825045992,-0.3423368460633143,-0.6802093996032224,-0.5806749931798404,0,0,0,0,0
-0.14331164564958257,-0.26216871082161,-0.15768257004148462,-0.8815382388578968,0.1072904746531694,-0.19314714179324374,-0.26597759331556126,-0.13998222957057138,0.33267019135269543,0.5171828112889869,-0.2588801467193558,-0.16999919194798102,-0.15112322403180908,-0.14907194580954855,-0.24112498297736037,0.24459283305871324,0.4144813110226513,0,1,0,0,0
-0.17332343337770276,-0.48317500023919485,-0.17485230680930655,0.6616359210683995,-0.13709626955733722,-0.20558832061167687,-0.37440190762790015,-0.1389679488637888,-0.5693651455269977,-0.547929868847325,-0.25966839588178625,-0.17859551478937447,-0.16129336265057392,-0.15631339825045992,-0.3423368460633143,0.005232255193271058,-0.5806749931798404,0,1,0,0,0
-0.1518864421433312,-0.48317500023919485,-0.187729609385173,-0.8815382388578968,-0.21621356930594426,-0.2055876200660575,-0.3878622999241735,-0.13573046864177726,-0.5693651455269977,-0.547929868847325,-0.2623484430340497,-0.19087597599136505,-0.11285771427194079,-0.15631339825045992,-0.3423368460633143,4.21580242037173,-0.5806749931798404,0,0,0,0,0
0.5255224808628104,4.931479090491633,0.516229598095526,-0.8815382388578968,-0.09799315240309657,0.21746947835230615,3.972185890888238,-0.13948344787390848,2.1013030815549905,2.771201551374655,-0.25509655073968973,0.7921749432279828,-0.00677456179495642,0.2858838426160178,4.914313164350016,-0.17291178934075732,2.4289166781800473,0,1,0,0,0
-0.13473684915583392,-0.26216871082161,-0.1662674384253956,-0.8815382388578968,0.024214972369569498,-0.14930651817336354,-0.25424532089213087,-0.140037524186133,0.35456043153272077,0.2533792504556174,-0.2623484430340497,-0.1368419467026064,-0.09077991152416877,-0.15075050937154683,-0.26619280009999297,0.9284801983885479,0.32808030259243526,0,1,0,0,0
-0.16903603513082843,-0.3726718555304024,-0.1834371751932175,0.6616359210683995,-0.1371450268595281,-0.20558795154510828,-0.37181094014991173,-0.1415403388984309,-0.5693651455269977,-0.547929868847325,-0.2612448942066471,-0.21543689839534627,-0.15082894015351542,-0.15631339825045992,-0.3423368460633143,1.114994934387594,-0.5806749931798404,0,1,0,0,1
-0.19047302636520003,-0.3726718555304024,-0.17055987261735106,-0.8815382388578968,-0.15737050669406985,-0.20558751444177015,-0.37795488409332867,-0.1415403388984309,-0.5693651455269977,-0.547929868847325,-0.26329434202896623,-0.2080686216741519,-0.14604312524862303,-0.15631339825045992,-0.3423368460633143,-0.8434097936023875,-0.5806749931798404,0,0,0,0,1
-0.13473684915583392,-0.26216871082161,-0.15768257004148462,-0.8815382388578968,0.1533329041569166,-0.1605017314483618,-0.267709794374674,-0.13944016771825163,0.5161803004622616,0.17922648659508236,-0.2566730490645506,-0.1368419467026064,-0.15554999564476038,-0.1475987444024504,-0.27323913381027887,0.46219335839093345,0.4052456663479316,0,1,0,0,1
2.454851691956252,3.4949382092773327,2.396315774172027,2.2048100809946956,-0.31241088282014384,-0.20422571668781345,0.6275872176993874,-0.11802799319129942,2.8893622060647495,3.319708924581935,-0.2602989952117306,2.4174939833114393,1.3132788170245835,1.9365736241540763,4.190418109379958,-0.1662902781025402,3.152523776810477,0,1,0,1,1
-0.16474863688395414,-0.48317500023919485,-0.17055987261735106,-0.8815382388578968,-0.27700663471767445,-0.2055885019643541,-0.35961247705549476,-0.1415403388984309,-0.5693651455269977,-0.547929868847325,-0.2576189480594671,-0.10491274757743084,-0.1625189775747437,-0.15631339825045992,-0.3423368460633143,0.13579257039260312,-0.5806749931798404,0,1,0,0,0
-0.16474863688395414,-0.48317500023919485,-0.1834371751932175,-0.8815382388578968,-0.2595122787330968,-0.20558712888377345,-0.3863759040782118,-0.1415403388984309,-0.5693651455269977,-0.547929868847325,-0.26345199186145235,-0.20315643719335566,-0.026955545293385792,-0.15631339825045992,-0.3423368460633143,1.441395722385924,-0.5806749931798404,0,0,0,0,1
-0.16903603513082843,-0.3726718555304024,-0.1834371751932175,0.6616359210683995,-0.19551358901466342,-0.20558874594281093,-0.38266191894949875,-0.13836258973990953,-0.5693651455269977,-0.547929868847325,-0.26061429487670273,-0.19026195293126552,-0.15515745371572925,-0.15631339825045992,-0.3423368460633143,1.114994934387594,-0.5806749931798404,0,0,0,0,1
0.15251883338474512,2.7214161963157855,0.13849538920344362,2.2048100809946956,-0.20251462665588496,-0.1882924229775943,0.2851468007691759,-0.1354775627993393,2.124854713170355,2.6268683928400014,-0.2636096416939384,-0.08219389435374823,2.0744412930801603,0.05186511502840572,2.674501212294034,-0.14039271175983004,2.3891980440569403,0,1,0,1,1
-0.17761083162457708,-0.04116242140402514,-0.15339013584952915,0.6616359210683995,0.05837024146663161,-0.18644161513018034,-0.25792677655849494,-0.13948136576279205,0.6776878002489493,0.543482999573923,-0.2626637426990219,-0.16999919194798102,-0.13908944872173648,-0.14505077526049515,-0.16948513458248052,-0.6802093996032224,0.6496651601458554,0,1,0,0,0
-0.10472506142771373,0.40085015743114455,-0.12334309650584077,-0.8815382388578968,3.881267581186423,4.573231533330794,3.3583189250033514,-0.14136622675765642,1.1026821952036387,1.705556215337521,-0.2617178437041054,-0.15403459238539324,-0.08679619384643462,-0.12946732958371068,0.3000727203764442,0.09739247768691735,1.3705288795085633,0,0,0,0,1
-0.17761083162457708,-0.26216871082161,-0.187729609385173,0.6616359210683995,-0.3097412077213853,-0.2055885201097733,-0.3857694263438396,-0.13654703616378966,-0.5693651455269977,-0.547929868847325,-0.26345199186145235,-0.20561252943375377,-0.08193659274398384,-0.15631339825045992,-0.3423368460633143,1.2781953283867589,-0.5806749931798404,0,0,0,0,1
0.5169476843690618,4.931479090491633,0.5119371639035706,-0.8815382388578968,-5.140207762140571e-05,0.04833113556702096,4.104720220767701,-0.14006514908484224,2.3090987852399705,3.540443591571332,-0.262821392531508,0.7921749432279828,1.1422732381394034,0.317401217473416,6.132594596044518,-0.1787390980421513,2.858112791937557,0,1,0,1,1
-0.16903603513082843,-0.3726718555304024,-0.17055987261735106,0.6616359210683995,-0.16310646969666476,-0.20558696076126493,-0.37711096153039625,-0.13863419317805323,-0.5693651455269977,-0.547929868847325,-0.2637672915264245,-0.20622655249385333,0.20708945997446052,-0.15631339825045992,-0.3423368460633143,-0.027407823606561847,-0.5806749931798404,0,0,0,1,0
2.424839904228132,3.4949382092773327,2.4134855109398488,2.2048100809946956,-0.3183342550459537,-0.20417498949316112,0.5989859771290873,-0.1150708720464178,2.927839613119388,2.3847937905758423,-0.2601413453792445,2.4174939833114393,1.235255667565081,1.9738940374480047,3.094726026193561,-0.18416609678997053,2.820804114970407,0,1,0,1,0
-0.14759904389645687,-0.04116242140402514,-0.1619750042334401,0.6616359210683995,0.008853132697982213,-0.19439553035918467,-0.2831939814553065,-0.13930258879234253,0.5834728382814164,0.541451929061387,-0.2598260457142723,-0.16999919194798102,-0.1480711732029244,-0.14821538539642362,-0.1698068038832447,0.2989929643917683,0.587408725167888,0,1,0,0,0
-0.19904782285894865,-0.48317500023919485,-0.17914474100126204,-0.8815382388578968,-0.1969863483177586,-0.20558798515973853,-0.3708415071953479,-0.13937012793069425,-0.5693651455269977,-0.547929868847325,-0.25951074604930013,-0.16815712276768244,-0.1735716718283139,-0.15631339825045992,-0.3423368460633143,-1.1698105816007176,-0.5806749931798404,0,1,0,0,1
-0.1518864421433312,0.06934072330476729,-0.14909770165757366,0.6616359210683995,-0.33183796839316015,-0.20558946077901188,-0.3961560594563521,1.6008268842196607,0.4084106798084929,1.0548363091477626,-0.25951074604930013,-0.16815712276768244,-0.15186489699703476,-0.14650153605455546,-0.037732546459490375,-0.19060821760572702,0.6691127349627413,0,0,0,0,0
0.10964485091600198,2.3899067621894083,0.10415591566779976,0.6616359210683995,0.1660280430075032,0.46862235133797475,2.204401508855358,-0.14051911499019434,1.4433875716191376,2.6516012879513706,-0.25698834872952275,0.03938267154595875,-0.08313711290162026,-0.016949060019630417,2.39396949859253,-0.16263100720587026,1.9539373115412453,0,0,0,0,1
-0.1561738403902055,-0.48317500023919485,-0.17914474100126204,-0.8815382388578968,-0.22019404722346794,-0.20558807057544948,-0.37291471964965706,-0.1399238140238428,-0.5693651455269977,-0.547929868847325,-0.2588801467193558,-0.16815712276768244,-0.15630363506177175,-0.15631339825045992,-0.3423368460633143,1.2781953283867589,-0.5806749931798404,0,0,0,0,0
-0.16903603513082843,-0.3726718555304024,-0.14909770165757366,-0.8815382388578968,0.1504231368822406,-0.16557373573244025,-0.24506313159556356,-0.13980823274452214,0.40015941336981026,0.0961134802627277,-0.2636096416939384,-0.1368419467026064,0.018331873956555857,-0.14658433651570438,-0.3015368890965055,-0.5466818045129963,0.2978129789315951,0,0,0,0,1
-0.1518864421433312,-0.3726718555304024,-0.187729609385173,-0.8815382388578968,-0.14613210141282212,-0.2055888628642227,-0.3821851587503959,-0.1302498346250401,-0.5693651455269977,-0.547929868847325,-0.25698834872952275,-0.17491137642877727,-0.15975528088118016,-0.15631339825045992,-0.3423368460633143,4.21580242037173,-0.5806749931798404,0,0,0,0,0
-0.20333522110582294,-0.48317500023919485,-0.1834371751932175,0.6616359210683995,-0.17793637334688328,-0.20558755034262322,-0.3677774419686319,-0.13890760544887,-0.5693651455269977,-0.547929868847325,-0.25730364839449493,-0.16815712276768244,-0.17488749485998892,-0.15631339825045992,-0.3423368460633143,-1.4962113695990478,-0.5806749931798404,0,1,0,0,1
-0.11329985792146235,0.17984386801355973,-0.11905066231388528,0.6616359210683995,2.3012943620703408,3.030614783651549,2.157385661702688,-0.1413248489843597,0.8106668929444696,1.542027437445891,-0.25572715006963403,-0.2019283910731566,-0.1523144474588634,-0.13277102532391769,0.1210567888056802,-0.0818079549396169,1.1175564267204876,0,1,0,0,1
2.2619187708469077,4.710472801074049,2.233203274877719,2.2048100809946956,-0.2484387405292533,-0.11803683224669205,3.2902655961613254,-0.1333650411838146,2.570514053509133,2.492143415133491,-0.2609295945416749,1.8980304744672365,1.495198688625216,1.6239060125965619,4.279769141072691,-0.1767679015068578,2.6285986073530956,0,0,0,1,0
-0.16903603513082843,-0.3726718555304024,-0.1834371751932175,-0.8815382388578968,-0.06765622262156648,-0.20558570736094137,-0.37211542086388333,-0.13881635502188067,-0.5693651455269977,-0.547929868847325,-0.26061429487670273,-0.20254241413325613,-0.15515745371572925,-0.15631339825045992,-0.3423368460633143,1.114994934387594,-0.5806749931798404,0,1,0,0,1
-0.14759904389645687,0.40085015743114455,-0.13192796488975173,-0.8815382388578968,0.14805005783693903,-0.02844412857036438,-0.015598818351413357,-0.14045213794650926,0.6516678850839219,1.3736006078202747,-0.2588801467193558,-0.15587666156569185,-0.15285002770846332,-0.13915931187238073,0.20544091439414094,-0.3864486904047251,0.9495161041274609,0,1,0,0,0
-0.1861856281183257,-0.3726718555304024,-0.187729609385173,0.6616359210683995,-0.21398061672126054,-0.20558848110699887,-0.3655859947360895,-0.14006352728015042,-0.5693651455269977,-0.547929868847325,-0.2620331433690775,-0.16999919194798102,-0.15976921747525114,-0.15631339825045992,-0.3423368460633143,0.2989929643917683,-0.5806749931798404,0,1,0,0,1
-0.16474863688395414,-0.3726718555304024,-0.187729609385173,-0.8815382388578968,-0.23039786209299778,-0.20558880900005158,-0.37988784273041126,-0.1403314532956754,-0.5693651455269977,-0.547929868847325,-0.2598260457142723,-0.16999919194798102,-0.1565713394113876,-0.15631339825045992,-0.3423368460633143,2.7469988743792446,-0.5806749931798404,0,1,0,0,0
-0.1261620526620853,0.511353302139937,-0.11905066231388528,0.6616359210683995,2.2706876575315262,1.9131904380124731,3.0576660613739084,-0.14127713450676113,1.1568156862940946,1.7209739961225539,-0.2571459985620088,-0.10122860921683366,-0.15172268784206952,-0.126865971126672,0.3763351205093807,-0.2450083489387821,1.4117389122731776,0,0,0,0,1
-0.18189822987145138,-0.26216871082161,-0.187729609385173,0.6616359210683995,-0.1788446904737303,-0.20558759735098725,-0.3668959648444514,-0.13786748443023822,-0.5693651455269977,-0.547929868847325,-0.2571459985620088,-0.20622655249385333,-0.16843073441978582,-0.15631339825045992,-0.3423368460633143,0.7885941463892636,-0.5806749931798404,0,1,0,0,1
-0.13473684915583392,0.06934072330476729,-0.15768257004148462,-0.8815382388578968,-0.3319173502588373,-0.2055894601918088,-0.39625274676629535,1.6989537162341726,0.5068556333343082,0.8280339619169004,-0.2602989952117306,-0.16815712276768244,-0.13754136919052157,-0.14767360192828527,-0.08083613266891428,0.46219335839093345,0.6467907670801696,0,0,0,0,0
2.291930558575028,4.931479090491633,2.237495709069674,2.2048100809946956,-0.2680448519794904,-0.11304099229922045,1.9458956252978805,-0.13423592251530259,3.460125920485968,2.35949617974149,-0.25998369554675843,1.8980304744672365,1.110430533579712,2.1323333937595987,4.262277805672366,-0.16643038145770245,3.158499358185274,0,1,0,1,0
-0.14759904389645687,-0.3726718555304024,-0.187729609385173,-0.8815382388578968,-0.16441827461348132,-0.20558878852763857,-0.387073772164973,-0.1318282522137419,-0.5693651455269977,-0.547929868847325,-0.25840719722189753,-0.17491137642877727,-0.15462532325419065,-0.15631339825045992,-0.3423368460633143,4.705403602369226,-0.5806749931798404,0,0,0,0,0
-0.14331164564958257,0.511353302139937,-0.13622039908170722,-0.8815382388578968,-0.28999782658133244,-0.2055427717698955,-0.3735074440709281,-0.12564306095514283,0.9935509048115629,1.159418411815858,-0.25951074604930013,-0.14605229260409935,-0.14791821066407493,-0.13592462255562646,0.19846321401548012,-0.2605512436053692,1.0908696389809582,0,0,0,0,1
-0.18189822987145138,-0.26216871082161,-0.15768257004148462,0.6616359210683995,0.11135774362425335,-0.15677714746265392,-0.2586098717424238,-0.13969654646781643,0.4563586936129397,0.1314160958858491,-0.25840719722189753,-0.1368419467026064,-0.16725622230360615,-0.1480789864763771,-0.27778229511968106,-0.7346095309362773,0.3479605054770735,0,1,0,0,1
-0.17761083162457708,-0.48317500023919485,-0.187729609385173,0.6616359210683995,-0.20288072930078,-0.20558735965035455,-0.37600192561848805,-0.1415403388984309,-0.5693651455269977,-0.547929868847325,-0.2615601938716193,-0.2080686216741519,-0.15516329301115103,-0.15631339825045992,-0.3423368460633143,1.2781953283867589,-0.5806749931798404,0,1,0,0,0
-0.13473684915583392,0.29034701272235214,-0.1405128332736627,0.6616359210683995,0.4765535468499109,-0.03956957557297563,-0.03452569844964427,-0.14075271551374108,0.9347302029537712,1.2965646388131777,-0.2579342477244393,-0.15587666156569185,-0.1517576218753147,-0.13820130027495867,0.12505589476416235,-0.03996170006803626,1.1048299354965911,0,1,0,0,0
-0.17332343337770276,-0.3726718555304024,-0.17485230680930655,0.6616359210683995,-0.2824451779134846,-0.20558745241478432,-0.36438316786723685,-0.1415403388984309,-0.5693651455269977,-0.547929868847325,-0.26108724437416103,-0.19885827577265897,-0.15515988720563445,-0.15631339825045992,-0.3423368460633143,0.005232255193271058,-0.5806749931798404,0,0,0,0,0
-0.16903603513082843,-0.26216871082161,-0.17914474100126204,-0.8815382388578968,-0.23479773427457976,-0.2055870883058449,-0.391179829020806,-0.1415403388984309,-0.5693651455269977,-0.547929868847325,-0.25809189755692535,-0.17368333030857822,-0.16311677356628362,-0.15631339825045992,-0.3423368460633143,0.543793555390516,-0.5806749931798404,0,0,0,0,1
-0.1604612386370798,-0.26216871082161,-0.17485230680930655,-0.8815382388578968,-0.23084041774080727,-0.20558683119159393,-0.38092875469935317,-0.1415403388984309,-0.5693651455269977,-0.547929868847325,-0.2576189480594671,-0.20315643719335566,-0.16113739079304745,-0.15631339825045992,-0.3423368460633143,0.5927536735902655,-0.5806749931798404,0,0,0,0,0
-0.1604612386370798,-0.3726718555304024,-0.1834371751932175,0.6616359210683995,-0.1703841927346958,-0.20558794576229322,-0.3774703620662113,-0.13914924150822042,-0.5693651455269977,-0.547929868847325,-0.262821392531508,-0.19394609129186272,-0.1026578742851435,-0.15631339825045992,-0.3423368460633143,1.7677965103842541,-0.5806749931798404,0,0,0,0,1
-0.1561738403902055,-0.26216871082161,-0.1662674384253956,-0.8815382388578968,0.04591252458098257,-0.18984219044664905,-0.2691227414318123,-0.13970540266172854,0.40332463066271224,0.5392011603064982,-0.2609295945416749,-0.16999919194798102,-0.14449901746501198,-0.1504569036658875,-0.2390326990644002,0.22904993839212612,0.4689915458726407,0,0,0,0,1
-0.1604612386370798,-0.26216871082161,-0.1834371751932175,-0.8815382388578968,-0.24309096907779154,-0.20558799874225714,-0.39272036506349994,-0.13953277211170376,-0.5693651455269977,-0.547929868847325,-0.262821392531508,-0.10491274757743084,-0.1026578742851435,-0.15631339825045992,-0.3423368460633143,1.7677965103842541,-0.5806749931798404,0,0,0,0,0
-0.19047302636520003,-0.26216871082161,-0.17485230680930655,0.6616359210683995,-0.26220742669096514,-0.20558910106318115,-0.37073537010327184,-0.13779374783744175,-0.5693651455269977,-0.547929868847325,-0.2617178437041054,-0.19087597599136505,-0.1656829920117794,-0.15631339825045992,-0.3423368460633143,-0.7781296360027213,-0.5806749931798404,0,1,0,0,0
-0.1604612386370798,-0.26216871082161,-0.187729609385173,-0.8815382388578968,-0.11092164997584636,-0.20558762462540758,-0.3878389326106808,-0.1316285282390567,-0.5693651455269977,-0.547929868847325,-0.262821392531508,-0.19148999905146458,-0.1026578742851435,-0.15631339825045992,-0.3423368460633143,3.23660005637674,-0.5806749931798404,0,0,0,0,1
0.22540460358160846,3.8264476434037094,0.20288190208277584,2.2048100809946956,0.15657995929238364,1.1819545835636587,2.620824243670774,-0.1400967492469187,1.9556386324824495,3.194970163939019,-0.26061429487670273,0.1155215309983005,0.08685798433538325,0.07679719207354205,4.399895504593423,-0.12743387154153413,2.495600950668056,0,0,0,0,1
-0.16474863688395414,-0.3726718555304024,-0.1834371751932175,0.6616359210683995,-0.2286909859124459,-0.2055871924614493,-0.3887729415976247,-0.1415403388984309,-0.5693651455269977,-0.547929868847325,-0.26108724437416103,-0.20131436801305708,-0.14902262566474128,-0.15631339825045992,-0.3423368460633143,1.441395722385924,-0.5806749931798404,0,1,0,0,0
-0.1561738403902055,-0.48317500023919485,-0.17055987261735106,0.6616359210683995,-0.22548692282244684,-0.20558811015431838,-0.3846605921003098,-0.14009531193084604,-0.5693651455269977,-0.547929868847325,-0.26329434202896623,-0.19517413741206177,-0.035928938929859607,-0.15631339825045992,-0.3423368460633143,0.46219335839093345,-0.5806749931798404,0,0,0,0,1
-0.1604612386370798,-0.3726718555304024,-0.17485230680930655,-0.8815382388578968,-0.17756159423735202,-0.20558619866782954,-0.3924294530614163,-0.13921889716393307,-0.5693651455269977,-0.547929868847325,-0.26108724437416103,-0.18719183763076788,-0.14595399489429473,-0.15631339825045992,-0.3423368460633143,0.5927536735902655,-0.5806749931798404,0,1,0,0,1
-0.07900067194646784,1.3953784598102765,-0.08471118877824144,-0.8815382388578968,-0.03873580063645603,-0.14162621221168556,0.17481158861599236,-0.13998033895375375,1.6001891118091252,2.5407836778186548,-0.2620331433690775,-0.14421022342380077,-0.04474876453306154,-0.10188536155755076,1.4186850162820686,-0.11528495883688164,2.0139645559835344,0,0,0,0,1
-0.16474863688395414,-0.26216871082161,-0.187729609385173,0.6616359210683995,-0.2519086499659907,-0.20558771839354892,-0.3827493335437534,-0.1415403388984309,-0.5693651455269977,-0.547929868847325,-0.25935309621681407,-0.20315643719335566,-0.15832898434823234,-0.15631339825045992,-0.3423368460633143,2.7469988743792446,-0.5806749931798404,0,0,0,0,1
-0.14759904389645687,-0.26216871082161,-0.17055987261735106,-0.8815382388578968,-0.17229280703010783,-0.20558765427772444,-0.36660058344334534,-0.13568075192236004,-0.5693651455269977,-0.547929868847325,-0.25998369554675843,-0.17368333030857822,-0.14705183281816533,-0.15631339825045992,-0.3423368460633143,0.7885941463892636,-0.5806749931798404,0,0,0,0,1
-0.07471327369959353,0.6218564468487294,-0.07612632039433047,2.2048100809946956,0.04439144427286377,-0.11757691879712566,0.06157152117143804,-0.1394507424604183,0.9927779606404276,1.3277145768876497,-0.25620009956709233,-0.047194579928075006,-0.1408622172133089,-0.1139884217831884,0.31118153941836507,-0.15563670460590584,1.154598760349488,0,0,0,0,0
-0.13044945090895962,0.511353302139937,-0.13622039908170722,0.6616359210683995,-0.3034902043978518,-0.2055544934436637,-0.37247673202608994,-0.126292953336822,0.8335009251892774,1.4440924296896587,-0.2576189480594671,-0.14605229260409935,-0.15146628332117354,-0.13801252941010822,0.28863329103645197,-0.05072216560644271,1.0950782734150546,0,1,0,0,1
-0.1518864421433312,-0.15166556611281756,-0.1619750042334401,-0.8815382388578968,0.0768096265110967,-0.15907187023605449,-0.21142174303778388,-0.14025976076145075,0.44383474829461783,0.18873340942892,-0.2571459985620088,-0.1368419467026064,-0.15943409395486163,-0.1491962613421403,-0.2490020415218789,0.17659266889239447,0.3616641084768839,0,1,0,0,1
-0.19476042461207432,-0.26216871082161,-0.17485230680930655,-0.8815382388578968,-0.13841178961891598,-0.20558701269268456,-0.38308180874858044,-0.137778806266707,-0.5693651455269977,-0.547929868847325,-0.262821392531508,-0.1650870074671848,-0.16569236099018386,-0.15631339825045992,-0.3423368460633143,-0.9739701088017195,-0.5806749931798404,0,0,0,0,0
-0.16474863688395414,-0.48317500023919485,-0.187729609385173,-0.8815382388578968,-0.3079133951217839,-0.20558874767238194,-0.3788425358231145,-0.13626433927011988,-0.5693651455269977,-0.547929868847325,-0.26077194470918885,-0.20561252943375377,-0.15147548623062698,-0.15631339825045992,-0.3423368460633143,2.7469988743792446,-0.5806749931798404,0,0,0,0,1
-0.16903603513082843,-0.48317500023919485,-0.187729609385173,-0.8815382388578968,-0.19622995839164223,-0.20558842169662184,-0.36670544605407746,-0.13900521608816027,-0.5693651455269977,-0.547929868847325,-0.2565153992320645,-0.10491274757743084,-0.16534043147384056,-0.15631339825045992,-0.3423368460633143,2.2573976923817494,-0.5806749931798404,0,0,0,0,1
-0.1561738403902055,-0.15166556611281756,-0.1662674384253956,-0.8815382388578968,9.596293700581496,-0.2055894715356195,0.1345018363799085,-0.14144205867523366,-0.241751653598938,0.06085830350968671,-0.25840719722189753,-0.20070034495295755,-0.1577830480165445,-0.15434086118028992,-0.26520374231062294,0.22904993839212612,-0.13453052505733717,0,0,0,0,0
-0.1561738403902055,-0.48317500023919485,-0.187729609385173,0.6616359210683995,-0.16788141006402865,-0.2055888844227867,-0.3783409848665097,-0.14018333394936897,-0.5693651455269977,-0.547929868847325,-0.26108724437416103,-0.1982442527125594,-0.14288536412384814,-0.15631339825045992,-0.3423368460633143,3.726201238374235,-0.5806749931798404,0,0,0,0,0
-0.10472506142771373,-0.26216871082161,-0.13192796488975173,-0.8815382388578968,-0.31943756582117744,-0.20554361131610835,-0.38702172270272367,-0.09637953670529156,0.7017509518100741,0.5168870810854556,-0.2625060928665358,-0.11719320877942144,-0.038676705131898984,-0.13845570334487867,-0.24115308460963683,0.26635288559193515,0.6552170410603377,0,1,0,0,1
-0.1561738403902055,-0.26216871082161,-0.17485230680930655,-0.8815382388578968,-0.23243211797944557,-0.20558758469889024,-0.3921200214419373,-0.13844839436807435,-0.5693651455269977,-0.547929868847325,-0.25966839588178625,-0.10491274757743084,-0.15310782319874727,-0.15631339825045992,-0.3423368460633143,0.7885941463892636,-0.5806749931798404,0,0,0,0,1
-0.19904782285894865,-0.3726718555304024,-0.1834371751932175,0.6616359210683995,-0.27288107759604985,-0.2055889331115591,-0.37885225988612137,-0.1415403388984309,-0.5693651455269977,-0.547929868847325,-0.255569500237148,-0.22464724429683922,-0.1735716718283139,-0.15631339825045992,-0.3423368460633143,-1.1698105816007176,-0.5806749931798404,0,0,0,0,0
-0.16474863688395414,-0.3726718555304024,-0.17055987261735106,-0.8815382388578968,-0.1753986221532012,-0.2055882765119184,-0.3629964735452893,-0.13964115315956632,-0.5693651455269977,-0.547929868847325,-0.2588801467193558,-0.16999919194798102,-0.15975724241508016,-0.15631339825045992,-0.3423368460633143,0.13579257039260312,-0.5806749931798404,0,0,0,0,1
-0.1861856281183257,-0.48317500023919485,-0.17914474100126204,0.6616359210683995,-0.25589862210532294,-0.20558895273399477,-0.3728569107809597,-0.1375635257077701,-0.5693651455269977,-0.547929868847325,-0.26329434202896623,-0.19087597599136505,-0.13227885195877762,-0.15631339825045992,-0.3423368460633143,-0.4354088086044747,-0.5806749931798404,0,1,0,0,0
-0.1861856281183257,-0.3726718555304024,-0.1834371751932175,0.6616359210683995,-0.22558633931507513,-0.20558823321336128,-0.3849774174337953,-0.1415403388984309,-0.5693651455269977,-0.547929868847325,-0.2588801467193558,-0.18719183763076788,-0.16839126079835126,-0.15631339825045992,-0.3423368460633143,-0.19060821760572702,-0.5806749931798404,0,0,0,0,1
-0.19904782285894865,-0.26216871082161,-0.17914474100126204,-0.8815382388578968,-0.19369619883964598,-0.2055880059260339,-0.3828806903010495,-0.13837294018062354,-0.5693651455269977,-0.547929868847325,-0.25935309621681407,-0.1982442527125594,-0.1735716718283139,-0.15631339825045992,-0.3423368460633143,-1.1698105816007176,-0.5806749931798404,0,1,0,0,1
0.43119971943157553,0.9533658809751068,0.43467334844837185,0.6616359210683995,-0.28385811848857967,-0.1989372681000574,0.21601613109100928,-0.12822578065256454,2.290732051049723,1.925093770233102,-0.26077194470918885,0.8443669033364428,0.23244573852918324,0.2627172537203933,0.7543204012208068,-0.19060821760572702,2.229597543034101,0,1,0,1,1
-0.16474863688395414,-0.48317500023919485,-0.17485230680930655,0.6616359210683995,-0.27254033340449685,-0.20558893619594723,-0.3828448404043772,-0.14007144486955042,-0.5693651455269977,-0.547929868847325,-0.25919544638432795,-0.2037704602534552,-0.15883679181564203,-0.15631339825045992,-0.3423368460633143,0.39691320079126746,-0.5806749931798404,0,0,0,0,1
-0.16903603513082843,-0.26216871082161,-0.1834371751932175,0.6616359210683995,-0.29246898137834176,-0.20558732720116643,-0.3643727891583761,-0.1415403388984309,-0.5693651455269977,-0.547929868847325,-0.2601413453792445,-0.19885827577265897,-0.1574576336326378,-0.15631339825045992,-0.3423368460633143,1.114994934387594,-0.5806749931798404,0,1,0,0,1
-0.19904782285894865,-0.48317500023919485,-0.1834371751932175,-0.8815382388578968,-0.1675185498833146,-0.20558720030975544,-0.3663106078807555,-0.1415403388984309,-0.5693651455269977,-0.547929868847325,-0.2620331433690775,-0.20499850637365424,-0.1735716718283139,-0.15631339825045992,-0.3423368460633143,-1.1698105816007176,-0.5806749931798404,0,1,0,0,1
-0.17761083162457708,-0.48317500023919485,-0.17485230680930655,0.6616359210683995,-0.17584706235083727,-0.2055874303867943,-0.3771036575268963,-0.1379669400534368,-0.5693651455269977,-0.547929868847325,-0.2614025440391332,-0.20622655249385333,-0.15631261947216016,-0.15631339825045992,-0.3423368460633143,-0.19060821760572702,-0.5806749931798404,0,1,0,0,0
-0.17761083162457708,-0.26216871082161,-0.17055987261735106,0.6616359210683995,-0.1194574596831033,-0.20558830670014705,-0.37941114530625875,-0.13929421053178279,-0.5693651455269977,-0.547929868847325,-0.2636096416939384,-0.1982442527125594,-0.03649771055340693,-0.15631339825045992,-0.3423368460633143,-0.3538086116048921,-0.5806749931798404,0,0,0,0,1
0.40976272819720394,0.9533658809751068,0.4303809142564164,2.2048100809946956,-0.29342676746656526,-0.2010582264589361,0.0992531979453161,-0.13088740812855837,1.86654249512999,2.00902438546037,-0.2617178437041054,0.8443669033364428,0.3865245951456341,0.19812516256812743,0.7915392599504483,-0.21743567963298704,1.9848207156448225,0,0,0,1,0
-0.18189822987145138,-0.3726718555304024,-0.187729609385173,-0.8815382388578968,-0.3011577522980648,-0.20558901940276375,-0.37111159780740777,-0.13838606059420624,-0.5693651455269977,-0.547929868847325,-0.2612448942066471,-0.21113873697464955,-0.16057582515700047,-0.15631339825045992,-0.3423368460633143,0.7885941463892636,-0.5806749931798404,0,0,0,0,1
-0.17332343337770276,-0.26216871082161,-0.17485230680930655,-0.8815382388578968,-0.22496303879954072,-0.20558882497573444,-0.3654555348275792,-0.1415403388984309,-0.5693651455269977,-0.547929868847325,-0.26329434202896623,-0.20315643719335566,-0.09098603208924133,-0.15631339825045992,-0.3423368460633143,0.005232255193271058,-0.5806749931798404,0,0,0,0,1
-0.08328807019334215,0.8428627362663142,-0.08471118877824144,3.7479842409209922,0.027189950719042216,-0.08030591707084471,0.15783545299307006,-0.139786934035009,1.1382090131815512,1.635331626647884,-0.2625060928665358,-0.047194579928075006,-0.008018758155441051,-0.11347514765046421,0.5566714873241647,-0.15294658822130422,1.3669097961298664,0,0,0,0,0
-0.17761083162457708,-0.26216871082161,-0.17055987261735106,0.6616359210683995,-0.13936604547455436,-0.2055871548753904,-0.3665606516775188,-0.1415403388984309,-0.5693651455269977,-0.547929868847325,-0.2617178437041054,-0.20499850637365424,-0.1538499722869777,-0.15631339825045992,-0.3423368460633143,-0.3538086116048921,-0.5806749931798404,0,0,0,0,0
0.19968021410036257,1.8373910386454462,0.1942970336988649,-0.8815382388578968,0.22808796404143625,0.4191007202414676,3.6308437401235794,-0.140254937467293,1.8202901452224243,2.2485900504291947,-0.26108724437416103,0.2278877509965145,0.11181098982321767,0.05950571918836647,1.606409022876476,-0.1690872865289141,2.046073036500436,0,1,0,0,0
-0.1861856281183257,-0.26216871082161,-0.17485230680930655,0.6616359210683995,-0.13904643037606348,-0.20558684178166658,-0.3760086768734872,-0.13829718076869948,-0.5693651455269977,-0.547929868847325,-0.2615601938716193,-0.20254241413325613,-0.16252664453801619,-0.15631339825045992,-0.3423368460633143,-0.5822891632037233,-0.5806749931798404,0,1,0,0,0
-0.19476042461207432,-0.48317500023919485,-0.17914474100126204,0.6616359210683995,-0.2227589248525131,-0.20558709232631248,-0.37052125655761475,-0.1415403388984309,-0.5693651455269977,-0.547929868847325,-0.26297904236399405,-0.20561252943375377,-0.16438278024146416,-0.15631339825045992,-0.3423368460633143,-0.92500999060197,-0.5806749931798404,0,1,0,0,1
-0.16474863688395414,-0.26216871082161,-0.17055987261735106,-0.8815382388578968,-0.11930225399117367,-0.20558750502972759,-0.37537861905893727,-0.1415403388984309,-0.5693651455269977,-0.547929868847325,-0.2615601938716193,-0.20622655249385333,-0.14411826572085332,-0.15631339825045992,-0.3423368460633143,0.13579257039260312,-0.5806749931798404,0,1,0,0,0
-0.11329985792146235,-0.26216871082161,-0.12334309650584077,-0.8815382388578968,-0.32148427693833914,-0.20556166917609445,-0.3837600458261798,-0.09325698401104399,0.8461100643170074,0.5602378694217869,-0.2617178437041054,-0.11719320877942144,-0.0946848736629691,-0.1335868020866524,-0.23703369505058713,-0.017807800430140405,0.7659661909752273,0,0,0,0,0
-0.1861856281183257,-0.3726718555304024,-0.17055987261735106,0.6616359210683995,-0.07111784017957264,-0.20558703653938848,-0.37826074574214674,-0.1415403388984309,-0.5693651455269977,-0.547929868847325,-0.2637672915264245,-0.17859551478937447,-0.010431186769982007,-0.15631339825045992,-0.3423368460633143,-0.6802093996032224,-0.5806749931798404,0,0,0,0,1
-0.0661384772058449,0.7323595915575218,-0.08471118877824144,2.2048100809946956,-0.06909096131247493,-0.11847353693800244,0.0787477527540782,-0.13973493783874938,1.542258355865468,1.2670248596186995,-0.25935309621681407,-0.047194579928075006,-0.11450625784299788,-0.10333868188797699,0.3475242471731269,-0.0023000706836134584,1.4900061479883304,0,0,0,0,1
-0.16474863688395414,-0.26216871082161,-0.1834371751932175,-0.8815382388578968,-0.33224717778067014,-0.2055894715356195,-0.39644902136256227,-0.1415403388984309,-0.5693651455269977,-0.547929868847325,-0.2604566450442167,-0.2080686216741519,-0.1534827097519914,-0.15631339825045992,-0.3423368460633143,1.441395722385924,-0.5806749931798404,0,1,0,0,1
-0.19047302636520003,-0.48317500023919485,-0.187729609385173,0.6616359210683995,-0.16813908254560087,-0.2055872569371364,-0.37466152345555426,-0.1415403388984309,-0.5693651455269977,-0.547929868847325,-0.2609295945416749,-0.18719183763076788,-0.1677571409556535,-0.15631339825045992,-0.3423368460633143,-0.19060821760572702,-0.5806749931798404,0,0,0,0,1
0.5298098791096847,4.820975945782841,0.5119371639035706,-0.8815382388578968,-0.0851272694287696,0.05331989533597936,2.6373741502129713,-0.14006628446118105,2.375538177848355,3.395863737200569,-0.2549389009072036,0.7921749432279828,-0.00873031646877948,0.32833528234113946,5.778698230316683,-0.16093541869678793,2.8462869852838373,0,1,0,0,1
-0.19047302636520003,-0.3726718555304024,-0.17055987261735106,-0.8815382388578968,-0.1649388839056549,-0.2055874429848814,-0.38269507040755923,-0.137363110022846,-0.5693651455269977,-0.547929868847325,-0.26329434202896623,-0.1650870074671848,-0.14604312524862303,-0.15631339825045992,-0.3423368460633143,-0.8434097936023875,-0.5806749931798404,0,1,0,0,0
-0.1604612386370798,-0.26216871082161,-0.1834371751932175,0.6616359210683995,-0.11927379654439142,-0.2055871011888544,-0.3837519686373972,-0.1357291399864038,-0.5693651455269977,-0.547929868847325,-0.26061429487670273,-0.1835076992701707,-0.14989624854070505,-0.15631339825045992,-0.3423368460633143,1.7677965103842541,-0.5806749931798404,0,0,0,0,1
-0.1518864421433312,-0.3726718555304024,-0.1662674384253956,0.6616359210683995,-0.32733449143092774,-0.20558891312324443,-0.39433754471734583,-0.014769001920455414,0.2806326859997529,-0.547929868847325,-0.2579342477244393,-0.1712272380681801,-0.15757470186278114,-0.151195622964762,-0.3423368460633143,0.36893599039141045,-0.025997505985528312,0,0,0,0,0
-0.1604612386370798,-0.3726718555304024,-0.187729609385173,-0.8815382388578968,-0.24564076423489667,-0.20558775013762928,-0.3913379050886615,-0.1415403388984309,-0.5693651455269977,-0.547929868847325,-0.2604566450442167,-0.20131436801305708,-0.1509715894924511,-0.15631339825045992,-0.3423368460633143,3.23660005637674,-0.5806749931798404,0,0,0,0,0
-0.14331164564958257,-0.26216871082161,-0.14909770165757366,0.6616359210683995,0.7685482884160256,-0.015030914261162648,0.30554524125007143,-0.14111952681973314,0.39471487967137436,0.4108333242797392,-0.25840719722189753,-0.18105160702977258,-0.15304646087301368,-0.14663897175313387,-0.2512307961173033,-0.012571424152092305,0.41437904707328965,0,0,0,0,1
-0.16903603513082843,-0.26216871082161,-0.17485230680930655,0.6616359210683995,-0.027836316004028333,-0.20558742004662056,-0.3817864915383708,-0.13579084967032903,-0.5693651455269977,-0.547929868847325,-0.25809189755692535,-0.1835076992701707,-0.16311677356628362,-0.15631339825045992,-0.3423368460633143,0.20107272799226913,-0.5806749931798404,0,0,0,0,1
-0.19047302636520003,-0.3726718555304024,-0.187729609385173,0.6616359210683995,-0.13138673490090172,-0.20558842359788249,-0.3786398267318459,-0.1415403388984309,-0.5693651455269977,-0.547929868847325,-0.25462360124223143,-0.20684057555395285,-0.1716980825242457,-0.15631339825045992,-0.3423368460633143,-0.19060821760572702,-0.5806749931798404,0,0,0,0,0
-0.16903603513082843,-0.15166556611281756,-0.15768257004148462,-0.8815382388578968,-0.3321723795411765,-0.20558947118341625,-0.39641590003714466,10.80727557202896,0.5140888243266765,0.5532428155390787,-0.25824954738941147,-0.2037704602534552,-0.16282649411430686,-0.14761553457058235,-0.20281891393010487,-0.4082087429379471,0.5466314780914973,0,0,0,0,0
-0.18189822987145138,-0.3726718555304024,-0.187729609385173,-0.8815382388578968,-0.2175202109335836,-0.20558750905629317,-0.3741764860836693,-0.14041936143508257,-0.5693651455269977,-0.547929868847325,-0.2566730490645506,-0.1712272380681801,-0.16876589151269963,-0.15631339825045992,-0.3423368460633143,0.7885941463892636,-0.5806749931798404,0,0,0,0,0
-0.16474863688395414,-0.26216871082161,-0.15339013584952915,0.6616359210683995,0.04856741911506698,-0.19256842874677155,-0.23470834200820598,-0.13985334180909706,0.34752611070898004,0.7623577461085693,-0.262821392531508,-0.16999919194798102,-0.11053718512327354,-0.14803259463521684,-0.21782734283294716,-0.3864486904047251,0.5177515400473035,0,1,0,0,0
0.2811407807909745,1.0638690256838992,0.29302302011384096,0.6616359210683995,0.143861701006505,0.06888338168876791,2.4504451081461665,-0.14029975876883444,1.991525794978217,1.4142191068428214,-0.2637672915264245,0.6325289476021049,5.917006437016077,0.13407661183331396,0.5899248628874242,-0.20778720644774445,1.8393611996560253,0,0,0,2,0
-0.17332343337770276,-0.3726718555304024,-0.17914474100126204,-0.8815382388578968,-0.16652855191340438,-0.2055884128355966,-0.37945908269848755,-0.1415403388984309,-0.5693651455269977,-0.547929868847325,-0.2577765978919532,-0.20684057555395285,-0.16506969012087414,-0.15631339825045992,-0.3423368460633143,0.2989929643917683,-0.5806749931798404,0,0,0,0,0
2.424839904228132,3.38443506456854,2.4091930767478935,2.2048100809946956,-0.31459314940394095,-0.20392654851163025,0.5411402569757833,-0.11168603544572214,2.523749848261003,3.0661477057964004,-0.2617178437041054,2.4174939833114393,2.2403643520312366,1.7246521233935788,3.778776701698158,-0.18254230027463147,2.8171619397096124,0,1,0,1,1
-0.1561738403902055,-0.26216871082161,-0.1662674384253956,-0.8815382388578968,-0.2519950643381107,-0.2055894715356195,-0.39014563250667916,-0.1292254831156827,-0.18172129054931987,-0.547929868847325,-0.2577765978919532,-0.20070034495295755,-0.15940170231591427,-0.15397942271890588,-0.3423368460633143,0.22904993839212612,-0.3277127955950248,0,0,0,0,1
-0.19476042461207432,-0.3726718555304024,-0.187729609385173,0.6616359210683995,-0.26816187055136975,-0.2055879617075081,-0.370135794257008,-0.13694011584301546,-0.5693651455269977,-0.547929868847325,-0.2623484430340497,-0.10491274757743084,-0.1680522211413709,-0.15631339825045992,-0.3423368460633143,-0.6802093996032224,-0.5806749931798404,0,0,0,0,1
-0.19476042461207432,-0.3726718555304024,-0.1834371751932175,0.6616359210683995,-0.056562970349906545,-0.20558754678076416,-0.3758992159181538,-0.1415403388984309,-0.5693651455269977,-0.547929868847325,-0.2588801467193558,-0.20622655249385333,-0.17184486815165967,-0.15631339825045992,-0.3423368460633143,-0.8434097936023875,-0.5806749931798404,0,1,0,0,1
-0.17761083162457708,-0.04116242140402514,-0.15339013584952915,-0.8815382388578968,0.02288690255269342,-0.19007034072192153,-0.2694954451317052,-0.13908656419577897,0.4785831056995445,0.5132559212700053,-0.25620009956709233,-0.16999919194798102,-0.1679321106877958,-0.14684896764505886,-0.1742723259094942,-0.6802093996032224,0.5081999663907663,0,0,0,0,1
-0.16903603513082843,-0.48317500023919485,-0.17055987261735106,-0.8815382388578968,-0.2737828762117913,-0.20558870269094748,-0.3666827570492068,-0.1415403388984309,-0.5693651455269977,-0.547929868847325,-0.26108724437416103,-0.20131436801305708,-0.15209125643518787,-0.15631339825045992,-0.3423368460633143,-0.027407823606561847,-0.5806749931798404,0,0,0,0,1
0.19968021410036257,1.8373910386454462,0.19858946789082038,0.6616359210683995,0.05380619690837023,0.4995633687167989,2.959270163680559,-0.14059470295123694,2.2783338734012624,1.9557688852354458,-0.25966839588178625,0.2278877509965145,0.016742120426655637,0.10373107164620426,1.402357540147513,-0.17996471364925967,2.2332147022986186,0,1,0,0,0
2.2619187708469077,4.820975945782841,2.246080577453585,3.7479842409209922,-0.24837871043312304,-0.1474783034797817,3.013243424571088,-0.13507129943244142,2.397802616911821,2.779620375042902,-0.25998369554675843,1.8980304744672365,1.0949606274904586,1.5349162447328104,4.822246749293715,-0.18200362741244938,2.62561463573189,0,1,0,1,1
-0.17332343337770276,-0.26216871082161,-0.187729609385173,0.6616359210683995,-0.11032238892751435,-0.20558786102017296,-0.3895709234427592,-0.1288714021233934,-0.5693651455269977,-0.547929868847325,-0.2602989952117306,-0.19148999905146458,-0.15915955077319693,-0.15631339825045992,-0.3423368460633143,1.7677965103842541,-0.5806749931798404,0,1,0,0,0
-0.17761083162457708,-0.3726718555304024,-0.17485230680930655,-0.8815382388578968,-0.23347780040843216,-0.2055886909878987,-0.38948533507779237,-0.13541963322173575,-0.5693651455269977,-0.547929868847325,-0.26061429487670273,-0.19763022965245988,-0.16041865889075343,-0.15631339825045992,-0.3423368460633143,-0.19060821760572702,-0.5806749931798404,0,1,0,0,1
-0.16903603513082843,-0.26216871082161,-0.17055987261735106,0.6616359210683995,-0.13704334267183588,-0.20558832262358323,-0.37204300121447254,-0.13958136707631102,-0.5693651455269977,-0.547929868847325,-0.26077194470918885,-0.17859551478937447,-0.15423750943033784,-0.15631339825045992,-0.3423368460633143,-0.027407823606561847,-0.5806749931798404,0,1,0,0,0
-0.1518864421433312,-0.26216871082161,-0.14909770165757366,0.6616359210683995,-0.32761387105325723,-0.20558898360436606,-0.3943443517177512,-0.005497333961461573,0.6555050299638298,-0.547929868847325,-0.2587224968868697,-0.1712272380681801,-0.15515214204972722,-0.1440219741240088,-0.3423368460633143,-0.19060821760572702,0.21863047076489484,0,1,0,0,0
-0.20333522110582294,-0.48317500023919485,-0.17485230680930655,-0.8815382388578968,-0.26942905041272575,-0.20558897171290327,-0.3645353414457351,-0.1415403388984309,-0.5693651455269977,-0.547929868847325,-0.25478125107471755,-0.20131436801305708,-0.1745246134723394,-0.15631339825045992,-0.3423368460633143,-1.3656510543997158,-0.5806749931798404,0,0,0,0,1
-0.16903603513082843,-0.3726718555304024,-0.187729609385173,0.6616359210683995,-0.2552599174783063,-0.2055876423361991,-0.37115564371704096,-0.14010685740832837,-0.5693651455269977,-0.547929868847325,-0.26061429487670273,-0.1712272380681801,-0.15515745371572925,-0.15631339825045992,-0.3423368460633143,2.2573976923817494,-0.5806749931798404,0,0,0,0,1
-0.16474863688395414,-0.26216871082161,-0.1834371751932175,-0.8815382388578968,-0.28323112558116303,-0.20558867373980835,-0.3672869775718018,-0.1415403388984309,-0.5693651455269977,-0.547929868847325,-0.25809189755692535,-0.20131436801305708,-0.16162321667170787,-0.15631339825045992,-0.3423368460633143,1.441395722385924,-0.5806749931798404,0,0,0,0,1
-0.1861856281183257,-0.3726718555304024,-0.187729609385173,0.6616359210683995,-0.18346351223804827,-0.20558797707952645,-0.3727619801741658,-0.1396688536168665,-0.5693651455269977,-0.547929868847325,-0.2590377965518419,-0.16815712276768244,-0.1682242405609532,-0.15631339825045992,-0.3423368460633143,0.2989929643917683,-0.5806749931798404,0,1,0,0,1
-0.16474863688395414,-0.3726718555304024,-0.17055987261735106,-0.8815382388578968,-0.2963720457429414,-0.20558743796429352,-0.36485241698588705,-0.1415403388984309,-0.5693651455269977,-0.547929868847325,-0.2576189480594671,-0.19885827577265897,-0.1625189775747437,-0.15631339825045992,-0.3423368460633143,0.13579257039260312,-0.5806749931798404,0,0,0,0,1
-0.1561738403902055,-0.3726718555304024,-0.17055987261735106,-0.8815382388578968,-0.31913255286308934,-0.2055894715356195,-0.3955992467393386,-0.01720588288247224,-0.15107555942029066,-0.547929868847325,-0.25856484705438365,-0.1816656300898721,-0.15731890424941755,-0.15421465553739852,-0.3423368460633143,0.46219335839093345,-0.3077145126519378,0,0,0,0,1
-0.13473684915583392,-0.26216871082161,-0.12763553069779626,0.6616359210683995,-0.3215918619898294,-0.20555807408771448,-0.38702137233160017,-0.08114058708887281,0.8107052522299865,0.6660300789729343,-0.2554118504046619,-0.11719320877942144,-0.1582190498157279,-0.1355401388602632,-0.22698083695553475,-0.25180836535541395,0.7832399676985,0,0,0,0,0
-0.19476042461207432,-0.48317500023919485,-0.187729609385173,-0.8815382388578968,-0.20798896751969465,-0.20558799866031655,-0.3765225149753369,-0.13967800790380325,-0.5693651455269977,-0.547929868847325,-0.25572715006963403,-0.19394609129186272,-0.17250881060984138,-0.15631339825045992,-0.3423368460633143,-0.6802093996032224,-0.5806749931798404,0,0,0,0,0
-0.16903603513082843,-0.26216871082161,-0.17485230680930655,0.6616359210683995,-0.13144015682847102,-0.20558807661136913,-0.3773896678292113,-0.1415403388984309,-0.5693651455269977,-0.547929868847325,-0.26108724437416103,-0.20622655249385333,-0.15209125643518787,-0.15631339825045992,-0.3423368460633143,0.20107272799226913,-0.5806749931798404,0,0,0,0,0
0.37975094046908375,2.1689004727718233,0.36599440137708417,2.2048100809946956,0.0752724258780742,0.16340767394405376,2.2182632004414016,-0.13985644850560278,1.896263093409251,1.1165616582422488,-0.2614025440391332,0.1812219984289502,0.292422741787837,0.1653362584897637,0.9757262697718434,-0.16070890878145244,1.6635894704710545,0,1,0,1,0
-0.19047302636520003,-0.48317500023919485,-0.187729609385173,-0.8815382388578968,-0.2538147336871525,-0.20558883797272798,-0.3662251359666058,-0.1415403388984309,-0.5693651455269977,-0.547929868847325,-0.2568306988970367,-0.20131436801305708,-0.17111540388099605,-0.15631339825045992,-0.3423368460633143,-0.19060821760572702,-0.5806749931798404,0,0,0,0,0
0.315439966765969,0.9533658809751068,0.2973154543057964,-0.8815382388578968,0.01844142076337841,0.04574031901914899,3.1199396438141505,-0.14031088104385075,1.6647945296331121,1.3307504982036613,-0.2602989952117306,0.6325289476021049,0.11467074927402486,0.09926915522111468,0.4907600994325041,-0.1480342017798579,1.59429090579094,0,0,0,0,0
-0.19476042461207432,-0.26216871082161,-0.1834371751932175,-0.8815382388578968,-0.2677004031043321,-0.20558898000551806,-0.38323391342056423,-0.13954349197662558,-0.5693651455269977,-0.547929868847325,-0.2609295945416749,-0.2037704602534552,-0.17066440639198371,-0.15631339825045992,-0.3423368460633143,-0.8434097936023875,-0.5806749931798404,0,1,0,0,0
-0.17332343337770276,-0.48317500023919485,-0.17055987261735106,0.6616359210683995,-0.33224717778067014,-0.2055894715356195,-0.39644902136256227,-0.1415403388984309,-0.5693651455269977,-0.547929868847325,-0.25620009956709233,-0.21298080615494813,-0.16680419845969216,-0.15631339825045992,-0.3423368460633143,-0.19060821760572702,-0.5806749931798404,0,0,0,0,1
-0.1604612386370798,-0.04116242140402514,-0.14480526746561817,0.6616359210683995,-0.33182578266744045,-0.20558946156870161,-0.3962340316407313,1.5445354827152362,0.47735504098622616,0.6820131070412695,-0.2563577493995784,-0.16815712276768244,-0.16320905163890928,-0.1447593166728787,-0.14754553055161376,-0.4354088086044747,0.5718080502931598,0,0,0,0,0
0.12250704565662492,2.7214161963157855,0.12991052081953267,0.6616359210683995,-0.21450184885938758,-0.19016113660308334,0.10705735236837151,-0.13502785403433903,1.891234160082155,3.382428178264408,-0.25824954738941147,-0.08219389435374823,-0.058444767749666914,0.028875225872748194,3.392468569004509,-0.2034924592372401,2.525119958507611,0,0,0,0,0
-0.10043766318083941,1.1743721703926917,-0.08041875458628595,0.6616359210683995,0.02469654299878828,-0.12236527887132878,0.29948783932689177,-0.1400106795477411,1.4071839866466616,2.02163290728117,-0.25478125107471755,-0.14421022342380077,-0.1516540140157275,-0.1047438761421205,0.9599115300364989,-0.33567523449387376,1.6898724473690085,0,0,0,0,0
-0.18189822987145138,-0.48317500023919485,-0.17914474100126204,-0.8815382388578968,-0.19844784852290806,-0.2055866581741172,-0.3731318328479605,-0.1415403388984309,-0.5693651455269977,-0.547929868847325,-0.26313669219648017,-0.18719183763076788,-0.12948941451465612,-0.15631339825045992,-0.3423368460633143,-0.19060821760572702,-0.5806749931798404,0,1,0,0,1
-0.1604612386370798,-0.26216871082161,-0.187729609385173,-0.8815382388578968,-0.14687481907110722,-0.20558687528991476,-0.36652238591864617,-0.13778743813029937,-0.5693651455269977,-0.547929868847325,-0.2614025440391332,-0.2080686216741519,-0.14250537758723716,-0.15631339825045992,-0.3423368460633143,3.23660005637674,-0.5806749931798404,0,1,0,0,1
-0.19047302636520003,-0.26216871082161,-0.187729609385173,0.6616359210683995,-0.267339425076944,-0.20558850357483846,-0.38842318654471614,-0.1366570379044091,-0.5693651455269977,-0.547929868847325,-0.2623484430340497,-0.19763022965245988,-0.16253277045442788,-0.15631339825045992,-0.3423368460633143,-0.19060821760572702,-0.5806749931798404,0,0,0,0,0
-0.19476042461207432,-0.26216871082161,-0.187729609385173,0.6616359210683995,-0.1047963982204856,-0.20558762188265448,-0.3835897692262669,-0.13926064413381758,-0.5693651455269977,-0.547929868847325,-0.2601413453792445,-0.1982442527125594,-0.17126966637178875,-0.15631339825045992,-0.3423368460633143,-0.6802093996032224,-0.5806749931798404,0,1,0,0,1
-0.19904782285894865,-0.26216871082161,-0.1834371751932175,0.6616359210683995,-0.1788049425412068,-0.2055879613723857,-0.3647046470780472,-0.13804600200300576,-0.5693651455269977,-0.547929868847325,-0.2571459985620088,-0.2080686216741519,-0.1735716718283139,-0.15631339825045992,-0.3423368460633143,-1.1698105816007176,-0.5806749931798404,0,1,0,0,1
-0.20762261935269727,-0.26216871082161,-0.17055987261735106,0.6616359210683995,-0.13978123771445186,-0.2055879404849805,-0.3758723631352332,-0.1415403388984309,-0.5693651455269977,-0.547929868847325,-0.25809189755692535,-0.20622655249385333,-0.1765587856174654,-0.15631339825045992,-0.3423368460633143,-1.4962113695990478,-0.5806749931798404,0,0,0,0,0
-0.17761083162457708,-0.3726718555304024,-0.1834371751932175,-0.8815382388578968,-0.1775203947145447,-0.2055871035698404,-0.36754463216354255,-0.13619558211339614,-0.5693651455269977,-0.547929868847325,-0.2620331433690775,-0.17368333030857822,-0.15056758123987596,-0.15631339825045992,-0.3423368460633143,0.46219335839093345,-0.5806749931798404,0,1,0,0,0
-0.14759904389645687,-0.04116242140402514,-0.1619750042334401,-0.8815382388578968,-0.10187485543810948,-0.19107616698961985,-0.2886690020587615,-0.13858697209457058,0.3774524118767145,0.48369613724624183,-0.25509655073968973,-0.18227965314997163,-0.16172809005079739,-0.14966255844645437,-0.17895383499496276,0.2989929643917683,0.43092370696188464,0,1,0,0,1
9.940649030998804,-0.26216871082161,9.976754557165407,-0.8815382388578968,-0.3321592949023289,-0.20558839711607274,-0.3783858378334512,6.592063499617552,3.683560869346037,-0.547929868847325,-0.25935309621681407,9.952784976852874,4.3325478144707965,9.95400965990259,-0.3423368460633143,-0.19267404537786834,2.194628928379463,0,1,0,2,0
-0.14331164564958257,0.40085015743114455,-0.13192796488975173,-0.8815382388578968,0.46398118849624476,-0.0978941520453333,0.05359685493296744,-0.14073723535812196,0.8201208756806349,1.0526674901679252,-0.25824954738941147,-0.15587666156569185,-0.1536163417880151,-0.13679274431941615,0.11395133013882751,-0.3211685328050591,0.9369519740364376,0,0,0,0,1
0.35402655098783786,1.9478941833542387,0.3788717039529506,2.2048100809946956,0.05675196477151813,0.31996490950373485,2.7182020070637476,-0.13987884044885107,2.4476886248900023,1.5309741354825352,-0.26345199186145235,0.1812219984289502,2.190613368547402,0.2463543404854106,1.1721896704636778,-0.22714561924733115,2.1815982091563773,0,0,0,1,0
-0.16474863688395414,-0.04116242140402514,-0.1619750042334401,2.2048100809946956,0.6939359303213013,0.02230673892555416,0.16997041219632647,-0.14114012552956293,0.6091678986741937,0.37016168267988503,-0.26061429487670273,-0.18105160702977258,-0.15252685112821715,-0.14803489261923516,-0.19693477085494138,-0.19060821760572702,0.5388001154808216,0,1,0,0,1
-0.16903603513082843,-0.26216871082161,-0.17055987261735106,0.6616359210683995,-0.3015266981745199,-0.20558871597428646,-0.3699840050840335,-0.13956453923375087,-0.5693651455269977,-0.547929868847325,-0.2637672915264245,-0.1712272380681801,0.20708945997446052,-0.15631339825045992,-0.3423368460633143,-0.027407823606561847,-0.5806749931798404,0,1,0,1,1
-0.11758725616833668,0.29034701272235214,-0.12334309650584077,0.6616359210683995,-0.09779259676464792,-0.13839069859067146,-0.10822892133031355,-0.1391179530552382,1.0756152631447953,1.1990970720466247,-0.2554118504046619,-0.12640355468091438,-0.1541250172790383,-0.1299019110090981,0.10035772787691824,-0.07540793948866928,1.1595659720419582,0,1,0,0,0
-0.1518864421433312,0.8428627362663142,-0.12334309650584077,2.2048100809946956,3.320760497412774,8.056772726564482,2.30027242876451,-0.1413728252484945,0.6302156133899393,2.0695101499139685,-0.2588801467193558,-0.19087597599136505,-0.15457683138511752,-0.13705316162873662,0.7354545196816994,-0.5362090519569002,1.2011245970074038,0,1,0,0,0
-0.14759904389645687,-0.26216871082161,-0.17055987261735106,0.6616359210683995,-0.13301499152985802,-0.2055883333744256,-0.38821171560502626,-0.12977098923431385,-0.5693651455269977,-0.547929868847325,-0.2612448942066471,-0.19148999905146458,-0.13458413181437368,-0.15631339825045992,-0.3423368460633143,0.7885941463892636,-0.5806749931798404,0,0,0,0,0
-0.17332343337770276,-0.26216871082161,-0.17914474100126204,-0.8815382388578968,-0.22722069755545188,-0.2055862195301399,-0.3840296995647581,-0.1391266247017315,-0.5693651455269977,-0.547929868847325,-0.2587224968868697,-0.20070034495295755,-0.16352465558544843,-0.15631339825045992,-0.3423368460633143,0.2989929643917683,-0.5806749931798404,0,0,0,0,1
-0.17761083162457708,-0.3726718555304024,-0.17485230680930655,-0.8815382388578968,-0.2674102446431252,-0.20558780298037055,-0.36364136380303325,-0.13786820430025373,-0.5693651455269977,-0.547929868847325,-0.257461298226981,-0.10491274757743084,-0.1668321556502303,-0.15631339825045992,-0.3423368460633143,-0.19060821760572702,-0.5806749931798404,0,0,0,0,1
-0.17761083162457708,-0.48317500023919485,-0.1834371751932175,-0.8815382388578968,-0.23604951676156358,-0.20558886836809306,-0.37298690336772883,-0.14015572541179158,-0.5693651455269977,-0.547929868847325,-0.25840719722189753,-0.16999919194798102,-0.1656773599224292,-0.15631339825045992,-0.3423368460633143,0.46219335839093345,-0.5806749931798404,0,0,0,0,1
-0.1518864421433312,-0.48317500023919485,-0.17055987261735106,-0.8815382388578968,-0.23610269334864795,-0.20558746977505027,-0.3862299378918373,-0.1369896044912144,-0.5693651455269977,-0.547929868847325,-0.2563577493995784,-0.19087597599136505,-0.1609062471523749,-0.15631339825045992,-0.3423368460633143,0.6253937523900984,-0.5806749931798404,0,1,0,0,0
-0.19047302636520003,-0.48317500023919485,-0.17914474100126204,0.6616359210683995,-0.1358883166934866,-0.20558747589829254,-0.3759641674481947,-0.1415403388984309,-0.5693651455269977,-0.547929868847325,-0.25935309621681407,-0.17859551478937447,-0.1697609999582935,-0.15631339825045992,-0.3423368460633143,-0.6802093996032224,-0.5806749931798404,0,0,0,0,1
0.29400297553159743,0.9533658809751068,0.2887305859218855,0.6616359210683995,0.20394822191086992,0.05487355190055785,4.2128290655359075,-0.14056161618533183,2.1159192293785702,1.3384038424889761,-0.26313669219648017,0.6325289476021049,1.0937932259393475,0.14548744717819814,0.4941539592176746,-0.17327720231378027,1.8915994284238697,0,1,0,1,1
-0.1604612386370798,-0.26216871082161,-0.17055987261735106,-0.8815382388578968,-0.1853059232005497,-0.2055860278970776,-0.3920436693147564,-0.13965688351251226,-0.5693651455269977,-0.547929868847325,-0.26187549353659145,-0.18719183763076788,-0.13534541220517082,-0.15631339825045992,-0.3423368460633143,0.2989929643917683,-0.5806749931798404,0,0,0,0,0
0.4912232948878159,4.820975945782841,0.4990598613277041,-0.8815382388578968,0.043124174882428146,0.022819052005147274,3.923502917302605,-0.1392016203316657,2.81605229578527,3.6124861509482518,-0.2615601938716193,0.7921749432279828,0.4191781260843304,0.3906399029459133,6.114910904034266,-0.19665267664273317,3.216428554754028,0,1,0,1,1
-0.16474863688395414,-0.26216871082161,-0.1834371751932175,-0.8815382388578968,-0.052496331954634816,-0.20558792883043228,-0.38674535409297117,-0.13569775101329828,-0.5693651455269977,-0.547929868847325,-0.25998369554675843,-0.1835076992701707,-0.15589177915488153,-0.15631339825045992,-0.3423368460633143,1.441395722385924,-0.5806749931798404,0,0,0,0,0
-0.17761083162457708,-0.26216871082161,-0.17914474100126204,0.6616359210683995,-0.05390344061328171,-0.2055877893022566,-0.38971545230773613,-0.12956578266770136,-0.5693651455269977,-0.547929868847325,-0.26297904236399405,-0.19148999905146458,-0.1276272138940653,-0.15631339825045992,-0.3423368460633143,0.05419237339302063,-0.5806749931798404,0,0,0,0,1
-0.19047302636520003,-0.26216871082161,-0.187729609385173,-0.8815382388578968,-0.22914870341850962,-0.2055874690400236,-0.3758981939167106,-0.13918808270644992,-0.5693651455269977,-0.547929868847325,-0.26345199186145235,-0.16815712276768244,-0.13691764019458186,-0.15631339825045992,-0.3423368460633143,-0.19060821760572702,-0.5806749931798404,0,0,0,0,1
-0.1604612386370798,-0.3726718555304024,-0.17914474100126204,-0.8815382388578968,-0.2549165221739157,-0.20558821177254893,-0.3820542258374536,-0.1415403388984309,-0.5693651455269977,-0.547929868847325,-0.257461298226981,-0.18719183763076788,-0.16144054270776342,-0.15631339825045992,-0.3423368460633143,1.0333947373880112,-0.5806749931798404,0,0,0,0,1
-0.19904782285894865,-0.26216871082161,-0.17914474100126204,-0.8815382388578968,-0.2667081564651504,-0.20558728694190073,-0.3909734223487171,-0.1415403388984309,-0.5693651455269977,-0.547929868847325,-0.2560424497346062,-0.20131436801305708,-0.1735716718283139,-0.15631339825045992,-0.3423368460633143,-1.1698105816007176,-0.5806749931798404,0,1,0,0,0
-0.1861856281183257,-0.3726718555304024,-0.1834371751932175,-0.8815382388578968,-0.1546978051955622,-0.20558756343609896,-0.369553051431398,-0.1415403388984309,-0.5693651455269977,-0.547929868847325,-0.25919544638432795,-0.16815712276768244,-0.16804609182356195,-0.15631339825045992,-0.3423368460633143,-0.19060821760572702,-0.5806749931798404,0,1,0,0,1
-0.1861856281183257,-0.3726718555304024,-0.17055987261735106,-0.8815382388578968,-0.11398011266619013,-0.2055885703754744,-0.36487931928317235,-0.13690487845599825,-0.5693651455269977,-0.547929868847325,-0.25620009956709233,-0.18719183763076788,-0.17018793514400304,-0.15631339825045992,-0.3423368460633143,-0.6802093996032224,-0.5806749931798404,0,1,0,0,1
-0.19476042461207432,-0.3726718555304024,-0.17055987261735106,0.6616359210683995,-0.19249905461201675,-0.2055872068843945,-0.3764671367946237,-0.1415403388984309,-0.5693651455269977,-0.547929868847325,-0.25966839588178625,-0.20868264473425144,-0.17152528696535724,-0.15631339825045992,-0.3423368460633143,-1.0066101876015525,-0.5806749931798404,0,1,0,0,1
-0.13044945090895962,0.40085015743114455,-0.14480526746561817,0.6616359210683995,-0.29677974848082894,-0.20555997766877118,-0.36618623535703926,-0.123591966677521,0.6894654740986728,1.1277867612078423,-0.2571459985620088,-0.14605229260409935,-0.15300792219420156,-0.14241796386511346,0.13536585702616788,0.13579257039260312,0.8803617751498501,0,1,0,0,1
-0.1861856281183257,-0.26216871082161,-0.1834371751932175,-0.8815382388578968,-0.11185944355348264,-0.20558732164652133,-0.37988215315478263,-0.1415403388984309,-0.5693651455269977,-0.547929868847325,-0.25462360124223143,-0.20868264473425144,-0.1707612878722116,-0.15631339825045992,-0.3423368460633143,-0.19060821760572702,-0.5806749931798404,0,0,0,0,0
-0.1604612386370798,-0.3726718555304024,-0.187729609385173,0.6616359210683995,-0.25906574101661595,-0.2055875743648833,-0.3725685200072866,-0.1415403388984309,-0.5693651455269977,-0.547929868847325,-0.255569500237148,-0.20561252943375377,-0.16418634999062928,-0.15631339825045992,-0.3423368460633143,3.23660005637674,-0.5806749931798404,0,0,0,0,0
-0.14759904389645687,0.06934072330476729,-0.14909770165757366,-0.8815382388578968,-0.33169022008866317,-0.20558945781804294,-0.39620689877657383,1.729134199736307,0.6098693523123168,1.0888426428035265,-0.2590377965518419,-0.16815712276768244,-0.15218194675887112,-0.14447992263197046,-0.03126967271812821,-0.10158982087890978,0.8135564751834379,0,0,0,0,0
-0.19047302636520003,-0.26216871082161,-0.17055987261735106,-0.8815382388578968,-0.26661503165944245,-0.2055887169496934,-0.37397671313509423,-0.13991668267565663,-0.5693651455269977,-0.547929868847325,-0.2598260457142723,-0.16999919194798102,-0.16932158872408232,-0.15631339825045992,-0.3423368460633143,-0.8434097936023875,-0.5806749931798404,0,0,0,0,1
-0.19904782285894865,-0.3726718555304024,-0.17914474100126204,0.6616359210683995,-0.1949524613091606,-0.20558611425176565,-0.3908089517254794,-0.1415403388984309,-0.5693651455269977,-0.547929868847325,-0.25966839588178625,-0.17368333030857822,-0.1735716718283139,-0.15631339825045992,-0.3423368460633143,-1.1698105816007176,-0.5806749931798404,0,0,0,0,0
-0.18189822987145138,-0.3726718555304024,-0.187729609385173,0.6616359210683995,-0.15580938518995882,-0.20558687549027127,-0.3804169132662703,-0.1393018854918817,-0.5693651455269977,-0.547929868847325,-0.26077194470918885,-0.20684057555395285,-0.16252357902947046,-0.15631339825045992,-0.3423368460633143,0.7885941463892636,-0.5806749931798404,0,1,0,0,1
-0.1604612386370798,-0.26216871082161,-0.17914474100126204,0.6616359210683995,-0.2612882202483202,-0.20558736741039774,-0.3790117943706011,-0.1415403388984309,-0.5693651455269977,-0.547929868847325,-0.26061429487670273,-0.18719183763076788,-0.14989624854070505,-0.15631339825045992,-0.3423368460633143,1.0333947373880112,-0.5806749931798404,0,0,0,0,1
-0.19047302636520003,-0.48317500023919485,-0.17914474100126204,0.6616359210683995,-0.33224717778067014,-0.2055894715356195,-0.39644902136256227,-0.1415403388984309,-0.5693651455269977,-0.547929868847325,-0.2617178437041054,-0.19026195293126552,-0.1656829920117794,-0.15631339825045992,-0.3423368460633143,-0.6802093996032224,-0.5806749931798404,0,1,0,0,1
-0.19904782285894865,-0.26216871082161,-0.1834371751932175,-0.8815382388578968,-0.22720243115995448,-0.20558785268097016,-0.3897076114539444,-0.1415403388984309,-0.5693651455269977,-0.547929868847325,-0.2612448942066471,-0.20131436801305708,-0.1735716718283139,-0.15631339825045992,-0.3423368460633143,-1.1698105816007176,-0.5806749931798404,0,0,0,0,1
0.38403833871595805,2.1689004727718233,0.37457926976099515,3.7479842409209922,0.04523484453716391,0.23891160577650045,3.393552810093523,-0.14024011855329388,2.721168838301774,1.5999797858298281,-0.2612448942066471,0.1812219984289502,0.2682871149963421,0.27955206309627945,1.3585312243956789,-0.168520946237419,2.386398744408413,0,0,0,1,1
-0.13902424740270825,-0.26216871082161,-0.1662674384253956,0.6616359210683995,-0.24453803536057134,-0.2047302724536966,-0.365501668378051,-0.1355627413531259,0.4642397939254232,0.6515560588489172,-0.26108724437416103,-0.17061321500808058,-0.13061084104206183,-0.15009013788660283,-0.22835622433981403,0.7885941463892636,0.5516249929412964,0,1,0,0,1
-0.20333522110582294,-0.26216871082161,-0.187729609385173,-0.8815382388578968,-0.237624792839691,-0.20558839239814156,-0.36836397742003013,-0.13979542324903152,-0.5693651455269977,-0.547929868847325,-0.25966839588178625,-0.1712272380681801,-0.17561805669127054,-0.15631339825045992,-0.3423368460633143,-1.6594117635982129,-0.5806749931798404,0,0,0,0,1
-0.1518864421433312,-0.15166556611281756,-0.1619750042334401,-0.8815382388578968,0.13265298388767308,-0.16205378603920287,-0.20827959303757249,-0.13968871228883836,0.4910912859185247,0.16306818422513153,-0.2614025440391332,-0.1368419467026064,-0.13560175664477567,-0.1488643117928624,-0.2522538104759562,0.17659266889239447,0.38270636185131723,0,1,0,0,1
-0.19476042461207432,-0.48317500023919485,-0.17055987261735106,0.6616359210683995,-0.25194877572201335,-0.20558771526507663,-0.38268036344311357,-0.14012169091459337,-0.5693651455269977,-0.547929868847325,-0.2563577493995784,-0.19517413741206177,-0.17242026958504672,-0.15631339825045992,-0.3423368460633143,-1.0066101876015525,-0.5806749931798404,0,0,0,0,1
-0.16903603513082843,-0.26216871082161,-0.1834371751932175,-0.8815382388578968,8.895330007365995,-0.2055894715356195,0.2608620207281656,-0.14138994898758916,-0.18006727029557362,0.19218502788061007,-0.26345199186145235,-0.20070034495295755,-0.04528256111025181,-0.15553208682795291,-0.27200775413482836,1.114994934387594,-0.04415414548457789,0,1,0,0,1
-0.1518864421433312,-0.26216871082161,-0.187729609385173,-0.8815382388578968,-0.2706107652209429,-0.20558815348057705,-0.36500535610109114,-0.13817142122237433,-0.5693651455269977,-0.547929868847325,-0.2598260457142723,-0.10491274757743084,-0.1501962147550402,-0.15631339825045992,-0.3423368460633143,4.21580242037173,-0.5806749931798404,0,0,0,0,0
-0.19047302636520003,-0.48317500023919485,-0.17914474100126204,-0.8815382388578968,-0.24711897737069533,-0.20558875141607813,-0.36642827913154163,-0.1415403388984309,-0.5693651455269977,-0.547929868847325,-0.2601413453792445,-0.10491274757743084,-0.16896766091526358,-0.15631339825045992,-0.3423368460633143,-0.6802093996032224,-0.5806749931798404,0,0,0,0,1
-0.1861856281183257,-0.26216871082161,-0.1662674384253956,-0.8815382388578968,-0.2393953271093349,-0.2055894715356195,-0.3912301715196646,-0.12496251618423417,-0.10725713069450135,-0.547929868847325,-0.26108724437416103,-0.20070034495295755,-0.16436577951697418,-0.15353107941396973,-0.3423368460633143,-0.7501524256028644,-0.2791202091879307,0,1,0,0,0
-0.19476042461207432,-0.26216871082161,-0.17914474100126204,0.6616359210683995,-0.33224717778067014,-0.2055894715356195,-0.39644902136256227,-0.1415403388984309,-0.5693651455269977,-0.547929868847325,-0.2554118504046619,-0.20131436801305708,-0.1725481636941415,-0.15631339825045992,-0.3423368460633143,-0.92500999060197,-0.5806749931798404,0,0,0,0,1
-0.17761083162457708,-0.26216871082161,-0.17055987261735106,-0.8815382388578968,-0.09974178340567354,-0.2055864103883037,-0.37377895873859174,-0.13845422345544892,-0.5693651455269977,-0.547929868847325,-0.25856484705438365,-0.20254241413325613,-0.1654452880388657,-0.15631339825045992,-0.3423368460633143,-0.3538086116048921,-0.5806749931798404,0,1,0,0,0
-0.20762261935269727,-0.48317500023919485,-0.17914474100126204,0.6616359210683995,-0.12062317991861292,-0.20558622260742493,-0.37602772200754137,-0.1415403388984309,-0.5693651455269977,-0.547929868847325,-0.25966839588178625,-0.17859551478937447,-0.17766444155422723,-0.15631339825045992,-0.3423368460633143,-1.6594117635982129,-0.5806749931798404,0,0,0,0,1
-0.1861856281183257,-0.48317500023919485,-0.17485230680930655,0.6616359210683995,-0.18245631777441626,-0.20558884825004725,-0.39059914781804483,-0.13879776255520399,-0.5693651455269977,-0.547929868847325,-0.2549389009072036,-0.20499850637365424,-0.17066270673373388,-0.15631339825045992,-0.3423368460633143,-0.5822891632037233,-0.5806749931798404,0,1,0,0,0
-0.1861856281183257,-0.26216871082161,-0.17485230680930655,-0.8815382388578968,-0.13148511253335649,-0.20558722937784754,-0.3676781560687606,-0.13864227160241568,-0.5693651455269977,-0.547929868847325,-0.26108724437416103,-0.20254241413325613,-0.16436577951697418,-0.15631339825045992,-0.3423368460633143,-0.5822891632037233,-0.5806749931798404,0,1,0,0,0
-0.1861856281183257,-0.48317500023919485,-0.17914474100126204,-0.8815382388578968,-0.24431293575203486,-0.20558857891592444,-0.3694701272157095,-0.1415403388984309,-0.5693651455269977,-0.547929868847325,-0.25588479990212015,-0.20315643719335566,-0.17032058734985644,-0.15631339825045992,-0.3423368460633143,-0.4354088086044747,-0.5806749931798404,0,0,0,0,0
-0.16474863688395414,-0.3726718555304024,-0.15768257004148462,-0.8815382388578968,-0.3273000701263739,-0.2055889665860046,-0.39352453324765635,-0.049507361302366555,0.5942138499888863,-0.547929868847325,-0.2626637426990219,-0.1712272380681801,-0.11840011485779,-0.1469722986141432,-0.3423368460633143,-0.29940848027183714,0.178634089086354,0,0,0,0,1
-0.1861856281183257,-0.26216871082161,-0.17914474100126204,0.6616359210683995,-0.14862426704580045,-0.20558906741376456,-0.3818606266290563,-0.13123363644015468,-0.5693651455269977,-0.547929868847325,-0.26077194470918885,-0.17491137642877727,-0.1652856022291813,-0.15631339825045992,-0.3423368460633143,-0.4354088086044747,-0.5806749931798404,0,0,0,0,0
-0.18189822987145138,-0.26216871082161,-0.1834371751932175,-0.8815382388578968,-0.15932524005580667,-0.20558822114767925,-0.35781364279273864,-0.13980352832744658,-0.5693651455269977,-0.547929868847325,-0.2563577493995784,-0.16999919194798102,-0.16896606285524518,-0.15631339825045992,-0.3423368460633143,0.13579257039260312,-0.5806749931798404,0,0,0,0,0
-0.14759904389645687,-0.48317500023919485,-0.17485230680930655,0.6616359210683995,-0.06828451912540454,-0.2055879021381422,-0.3872657888799165,-0.1326364156942152,-0.5693651455269977,-0.547929868847325,-0.25824954738941147,-0.19148999905146458,-0.1551513671757304,-0.15631339825045992,-0.3423368460633143,1.1802750919872598,-0.5806749931798404,0,0,0,0,1
-0.17761083162457708,-0.48317500023919485,-0.17914474100126204,0.6616359210683995,-0.06421645848559115,-0.20558847666982447,-0.36985677817574975,-0.13940054515281947,-0.5693651455269977,-0.547929868847325,-0.26187549353659145,-0.17859551478937447,-0.15233486092656776,-0.15631339825045992,-0.3423368460633143,0.05419237339302063,-0.5806749931798404,0,1,0,0,0
-0.1861856281183257,-0.3726718555304024,-0.17485230680930655,-0.8815382388578968,-0.11122559529645507,-0.20558852556817797,-0.36857265858237753,-0.13969282973431826,-0.5693651455269977,-0.547929868847325,-0.26108724437416103,-0.10491274757743084,-0.16436577951697418,-0.15631339825045992,-0.3423368460633143,-0.5822891632037233,-0.5806749931798404,0,0,0,0,1
-0.19476042461207432,-0.48317500023919485,-0.17055987261735106,-0.8815382388578968,-0.33224717778067014,-0.2055894715356195,-0.39644902136256227,-0.1415403388984309,-0.5693651455269977,-0.547929868847325,-0.2549389009072036,-0.21298080615494813,-0.17260201679678724,-0.15631339825045992,-0.3423368460633143,-1.0066101876015525,-0.5806749931798404,0,1,0,0,1
-0.19904782285894865,-0.48317500023919485,-0.17055987261735106,0.6616359210683995,-0.25848521355848764,-0.20558759256595452,-0.38373236202676747,-0.1415403388984309,-0.5693651455269977,-0.547929868847325,-0.26345199186145235,-0.1982442527125594,-0.1735716718283139,-0.15631339825045992,-0.3423368460633143,-1.1698105816007176,-0.5806749931798404,0,0,0,0,0
-0.14331164564958257,0.40085015743114455,-0.13622039908170722,2.2048100809946956,-0.026731646869615766,-0.13467249197537814,-0.16146844467465257,-0.13969500744104416,0.6868536048822994,1.339254048405878,-0.26297904236399405,-0.12640355468091438,-0.05411608119926754,-0.13992559397895676,0.1956496143737188,-0.2605512436053692,0.9593679827500243,0,1,0,0,0
0.19110541760661395,1.8373910386454462,0.20717433627473134,-0.8815382388578968,0.2672701047961394,0.3600700655158928,3.476557419437344,-0.14072927174807354,1.8033975728614464,1.9910142510707138,-0.25478125107471755,0.2278877509965145,-0.08685398222199385,0.06512320100100503,1.4269181594362605,-0.22185935688216288,1.9367407302271447,0,1,0,0,0
-0.13902424740270825,-0.3726718555304024,-0.15339013584952915,0.6616359210683995,0.03106555531581735,-0.15496668644575043,-0.2452859427695374,-0.13969211444241666,0.6117398096329726,0.17364112520805985,-0.26297904236399405,-0.1368419467026064,-0.044927189612417845,-0.14564637736204933,-0.2966255355643583,0.20107272799226913,0.46547254373627944,0,0,0,0,0
-0.1518864421433312,-0.48317500023919485,-0.17055987261735106,0.6616359210683995,-0.20674019635779384,-0.20558805009037007,-0.3688577854628974,-0.13324993804613036,-0.5693651455269977,-0.547929868847325,-0.2565153992320645,-0.20254241413325613,-0.1606368655569987,-0.15631339825045992,-0.3423368460633143,0.6253937523900984,-0.5806749931798404,0,0,0,0,1
-0.1604612386370798,-0.3726718555304024,-0.1834371751932175,-0.8815382388578968,-0.28545017015273944,-0.20558890993161816,-0.37024766048281094,-0.13747414005981765,-0.5693651455269977,-0.547929868847325,-0.2566730490645506,-0.19087597599136505,-0.1627586661181818,-0.15631339825045992,-0.3423368460633143,1.7677965103842541,-0.5806749931798404,0,1,0,0,1
-0.20333522110582294,-0.3726718555304024,-0.17914474100126204,-0.8815382388578968,-0.3023405409408326,-0.2055885608704724,-0.3732076997414536,-0.1415403388984309,-0.5693651455269977,-0.547929868847325,-0.2626637426990219,-0.19394609129186272,-0.18046811644962937,-0.15631339825045992,-0.3423368460633143,-1.4146111725994652,-0.5806749931798404,0,0,0,0,0
-0.07042587545271922,1.284875315101484,-0.08041875458628595,-0.8815382388578968,-0.01247659623077815,-0.13717164308202826,0.3066643868793556,-0.14011227981572144,1.4875139800968271,2.317003960044421,-0.2568306988970367,-0.14421022342380077,-0.13672765261854625,-0.10264801153356641,1.2003512436296924,-0.0818079549396169,1.8550269899567655,0,0,0,0,1
-0.17332343337770276,-0.3726718555304024,-0.17055987261735106,0.6616359210683995,-0.277717651156402,-0.20558660525073028,-0.3818518415273847,-0.1415403388984309,-0.5693651455269977,-0.547929868847325,-0.262821392531508,-0.1982442527125594,-0.12629580679953364,-0.15631339825045992,-0.3423368460633143,-0.19060821760572702,-0.5806749931798404,0,0,0,0,1
-0.19047302636520003,-0.48317500023919485,-0.17914474100126204,-0.8815382388578968,-0.1273882711129889,-0.20558748283728442,-0.37255709131973647,-0.1415403388984309,-0.5693651455269977,-0.547929868847325,-0.2636096416939384,-0.20868264473425144,-0.1187420873183511,-0.15631339825045992,-0.3423368460633143,-0.6802093996032224,-0.5806749931798404,0,1,0,0,1
-0.19904782285894865,-0.48317500023919485,-0.17914474100126204,0.6616359210683995,-0.22552433214250406,-0.2055883103489196,-0.38389667457784266,-0.14012528310295935,-0.5693651455269977,-0.547929868847325,-0.26219079320156363,-0.19517413741206177,-0.1735716718283139,-0.15631339825045992,-0.3423368460633143,-1.1698105816007176,-0.5806749931798404,0,0,0,0,0
-0.1561738403902055,0.511353302139937,-0.13192796488975173,-0.8815382388578968,-0.30168677527341475,-0.20554620438566892,-0.3762823102290324,-0.12492294261196223,0.6476540264689173,1.0815245216381095,-0.25462360124223143,-0.14605229260409935,-0.1642037253079729,-0.13921570189268734,0.17379043871533173,-0.5170090056040573,0.8354202673751575,0,0,0,0,1
-0.1561738403902055,-0.26216871082161,-0.17055987261735106,0.6616359210683995,-0.33224717778067014,-0.2055894715356195,-0.39644902136256227,-0.1415403388984309,-0.5693651455269977,-0.547929868847325,-0.2590377965518419,-0.20131436801305708,-0.1557469009371116,-0.15631339825045992,-0.3423368460633143,0.46219335839093345,-0.5806749931798404,0,1,0,0,0
-0.16474863688395414,-0.48317500023919485,-0.17485230680930655,0.6616359210683995,-0.1621239567546195,-0.205586804958725,-0.38252730034272064,-0.1415403388984309,-0.5693651455269977,-0.547929868847325,-0.2588801467193558,-0.17859551478937447,-0.15975724241508016,-0.15631339825045992,-0.3423368460633143,0.39691320079126746,-0.5806749931798404,0,0,0,0,1
-0.18189822987145138,-0.48317500023919485,-0.17055987261735106,-0.8815382388578968,-0.2810474488458457,-0.20558874208552363,-0.3813140150765533,-0.13999657727934267,-0.5693651455269977,-0.547929868847325,-0.2636096416939384,-0.2037704602534552,-0.06391250280838832,-0.15631339825045992,-0.3423368460633143,-0.5170090056040573,-0.5806749931798404,0,1,0,0,0
-0.1561738403902055,-0.48317500023919485,-0.1834371751932175,0.6616359210683995,-0.20508373986736325,-0.20558873169947922,-0.3869512215012643,-0.13789408187426525,-0.5693651455269977,-0.547929868847325,-0.25919544638432795,-0.19026195293126552,-0.1551530718124741,-0.15631339825045992,-0.3423368460633143,2.0941972983825847,-0.5806749931798404,0,0,0,0,1
-0.19904782285894865,-0.26216871082161,-0.17055987261735106,-0.8815382388578968,-0.30096946025449095,-0.20558809876093087,-0.3760841146076377,-0.1415403388984309,-0.5693651455269977,-0.547929868847325,-0.25698834872952275,-0.19885827577265897,-0.1735716718283139,-0.15631339825045992,-0.3423368460633143,-1.1698105816007176,-0.5806749931798404,0,1,0,0,1
-0.17761083162457708,-0.26216871082161,-0.17055987261735106,0.6616359210683995,-0.2090066218134268,-0.20558788297403882,-0.36728509277043647,-0.13891797732512298,-0.5693651455269977,-0.547929868847325,-0.26108724437416103,-0.16815712276768244,-0.158228517976081,-0.15631339825045992,-0.3423368460633143,-0.3538086116048921,-0.5806749931798404,0,0,0,0,1
-0.18189822987145138,-0.26216871082161,-0.17914474100126204,0.6616359210683995,-0.18673865339389162,-0.20558775703127072,-0.3802082847398704,-0.1415403388984309,-0.5693651455269977,-0.547929868847325,-0.2565153992320645,-0.18719183763076788,-0.168868105911472,-0.15631339825045992,-0.3423368460633143,-0.19060821760572702,-0.5806749931798404,0,1,0,0,1
-0.19476042461207432,-0.48317500023919485,-0.187729609385173,0.6616359210683995,-0.2998500301724017,-0.20558874367007066,-0.3707637876391504,-0.13972363884824518,-0.5693651455269977,-0.547929868847325,-0.2577765978919532,-0.1712272380681801,-0.17215467487707395,-0.15631339825045992,-0.3423368460633143,-0.6802093996032224,-0.5806749931798404,0,0,0,0,0
-0.19904782285894865,-0.48317500023919485,-0.17914474100126204,-0.8815382388578968,-0.08971662965016852,-0.2055877762175825,-0.38268352632890273,-0.13494257175843657,-0.5693651455269977,-0.547929868847325,-0.2617178437041054,-0.1835076992701707,-0.1735716718283139,-0.15631339825045992,-0.3423368460633143,-1.1698105816007176,-0.5806749931798404,0,1,0,0,0
-0.1561738403902055,-0.26216871082161,-0.14909770165757366,-0.8815382388578968,-0.33219603090715083,-0.20558947106562697,-0.39642456829435596,8.473027933704612,0.5783172024796356,0.7369959337498593,-0.26345199186145235,-0.2037704602534552,0.009698486340346233,-0.1447965446409433,-0.22023733787660105,-0.2796266143325444,0.6586775321753632,0,1,0,0,1
-0.16474863688395414,0.40085015743114455,-0.13622039908170722,0.6616359210683995,0.2732072539468649,-0.06034881070477508,0.12435388188399507,-0.14053148874902854,0.9528139797435348,1.2072137707813522,-0.2579342477244393,-0.15587666156569185,-0.16193751185338098,-0.13645604970907424,0.15800840678133185,-0.6102663736035802,1.0825282437559296,0,0,0,0,0
-0.1604612386370798,-0.26216871082161,-0.1834371751932175,0.6616359210683995,-0.33224717778067014,-0.2055894715356195,-0.39644902136256227,-0.1415403388984309,-0.5693651455269977,-0.547929868847325,-0.2636096416939384,-0.19026195293126552,0.07316145846651864,-0.15631339825045992,-0.3423368460633143,1.7677965103842541,-0.5806749931798404,0,0,0,0,0
-0.17761083162457708,-0.48317500023919485,-0.17055987261735106,-0.8815382388578968,-0.33224717778067014,-0.2055894715356195,-0.39644902136256227,-0.1415403388984309,-0.5693651455269977,-0.547929868847325,-0.2602989952117306,-0.20131436801305708,-0.16156157094904977,-0.15631339825045992,-0.3423368460633143,-0.3538086116048921,-0.5806749931798404,0,0,0,0,1
0.5255224808628104,4.710472801074049,0.5033522955196595,0.6616359210683995,0.032340468502261556,0.04144039267986311,3.5794479021566423,-0.13932642403366738,2.648537968895166,2.503130756118174,-0.2617178437041054,0.7921749432279828,0.4930217726688495,0.3668051549249645,4.296474216840308,-0.1545639588083654,2.6837076931383197,0,0,0,1,1
-0.19047302636520003,-0.3726718555304024,-0.17914474100126204,-0.8815382388578968,-0.20870309549411978,-0.2055883300331613,-0.3711066325899501,-0.13947404562101157,-0.5693651455269977,-0.547929868847325,-0.25998369554675843,-0.16815712276768244,-0.1691516986599558,-0.15631339825045992,-0.3423368460633143,-0.6802093996032224,-0.5806749931798404,0,1,0,0,1
-0.16474863688395414,-0.26216871082161,-0.1834371751932175,0.6616359210683995,-0.19629413377999658,-0.20558738432081142,-0.3889583684445302,-0.1350226855186517,-0.5693651455269977,-0.547929868847325,-0.2576189480594671,-0.19087597599136505,-0.1625189775747437,-0.15631339825045992,-0.3423368460633143,1.441395722385924,-0.5806749931798404,0,0,0,0,0
-0.19047302636520003,-0.3726718555304024,-0.1834371751932175,-0.8815382388578968,-0.33224717778067014,-0.2055894715356195,-0.39644902136256227,-0.1415403388984309,-0.5693651455269977,-0.547929868847325,-0.2612448942066471,-0.19026195293126552,-0.1670737484926572,-0.15631339825045992,-0.3423368460633143,-0.5170090056040573,-0.5806749931798404,0,0,0,0,0
-0.17761083162457708,-0.3726718555304024,-0.17055987261735106,-0.8815382388578968,-0.22462551973205602,-0.2055881447604255,-0.39143645325033094,-0.13878094097602525,-0.5693651455269977,-0.547929868847325,-0.25856484705438365,-0.10491274757743084,-0.1654452880388657,-0.15631339825045992,-0.3423368460633143,-0.3538086116048921,-0.5806749931798404,0,0,0,0,1
-0.18189822987145138,-0.15166556611281756,-0.1662674384253956,-0.8815382388578968,0.07358947175407429,-0.15553149172135058,-0.2334542521619061,-0.1395828773915494,0.5091318044375833,0.26087073161674185,-0.2565153992320645,-0.1368419467026064,-0.168868105911472,-0.1498198463477271,-0.23986228518395256,-0.6102663736035802,0.4318071954825589,0,1,0,0,0
-0.16903603513082843,-0.48317500023919485,-0.1834371751932175,0.6616359210683995,-0.008783630428287904,-0.2055869902885281,-0.37564971478061615,-0.1415403388984309,-0.5693651455269977,-0.547929868847325,-0.25462360124223143,-0.16815712276768244,-0.1670141092640752,-0.15631339825045992,-0.3423368460633143,1.114994934387594,-0.5806749931798404,0,1,0,0,1
-0.19047302636520003,-0.26216871082161,-0.1834371751932175,0.6616359210683995,-0.09871325661534132,-0.20558730892987542,-0.38643079138779546,-0.1348475728469612,-0.5693651455269977,-0.547929868847325,-0.2554118504046619,-0.1835076992701707,-0.1715246555599691,-0.15631339825045992,-0.3423368460633143,-0.5170090056040573,-0.5806749931798404,0,0,0,0,1
-0.19476042461207432,-0.3726718555304024,-0.17055987261735106,-0.8815382388578968,-0.33224717778067014,-0.2055894715356195,-0.39644902136256227,-0.1415403388984309,-0.5693651455269977,-0.547929868847325,-0.2623484430340497,-0.19026195293126552,-0.1680522211413709,-0.15631339825045992,-0.3423368460633143,-1.0066101876015525,-0.5806749931798404,0,1,0,0,0
-0.16903603513082843,-0.48317500023919485,-0.1834371751932175,-0.8815382388578968,-0.2740413998462882,-0.2055887876568463,-0.3695212328666763,-0.1415403388984309,-0.5693651455269977,-0.547929868847325,-0.262821392531508,-0.10491274757743084,-0.11841649596140359,-0.15631339825045992,-0.3423368460633143,1.114994934387594,-0.5806749931798404,0,1,0,0,1
-0.1604612386370798,-0.26216871082161,-0.17485230680930655,-0.8815382388578968,-0.25702330629237824,-0.20558660368628331,-0.38653672566403857,-0.1415403388984309,-0.5693651455269977,-0.547929868847325,-0.2615601938716193,-0.1982442527125594,-0.14043658995742075,-0.15631339825045992,-0.3423368460633143,0.5927536735902655,-0.5806749931798404,0,0,0,0,0
-0.19476042461207432,-0.3726718555304024,-0.187729609385173,-0.8815382388578968,-0.30415620367868024,-0.20558853584116965,-0.36927906155904405,-0.13952646521420806,-0.5693651455269977,-0.547929868847325,-0.2602989952117306,-0.1712272380681801,-0.1711696516524611,-0.15631339825045992,-0.3423368460633143,-0.6802093996032224,-0.5806749931798404,0,1,0,0,1
-0.13473684915583392,-0.26216871082161,-0.1619750042334401,0.6616359210683995,-0.035587606083306224,-0.19576606141432717,-0.26940388566510637,-0.13844163245215285,0.3847932905413816,0.35685735279834696,-0.25998369554675843,-0.18227965314997163,-0.1404218730656282,-0.14961099306552375,-0.25635983902270454,0.6661938508898898,0.38730359789446306,0,0,0,0,0
-0.19904782285894865,-0.3726718555304024,-0.17055987261735106,0.6616359210683995,-0.33224717778067014,-0.2055894715356195,-0.39644902136256227,-0.1415403388984309,-0.5693651455269977,-0.547929868847325,-0.2554118504046619,-0.2080686216741519,-0.1735716718283139,-0.15631339825045992,-0.3423368460633143,-1.1698105816007176,-0.5806749931798404,0,1,0,0,0
-0.16903603513082843,-0.3726718555304024,-0.17485230680930655,-0.8815382388578968,-0.21294787139944124,-0.20558767142563694,-0.37856199926561823,-0.1402740949956829,-0.5693651455269977,-0.547929868847325,-0.2588801467193558,-0.19517413741206177,-0.1614840460917344,-0.15631339825045992,-0.3423368460633143,0.20107272799226913,-0.5806749931798404,0,0,0,0,1
-0.19476042461207432,-0.26216871082161,-0.17055987261735106,0.6616359210683995,-0.17145938370344938,-0.20558719224253189,-0.390511717085057,-0.1415403388984309,-0.5693651455269977,-0.547929868847325,-0.2636096416939384,-0.17368333030857822,-0.1461568795733325,-0.15631339825045992,-0.3423368460633143,-1.0066101876015525,-0.5806749931798404,0,0,0,0,1
-0.1518864421433312,-0.3726718555304024,-0.17055987261735106,0.6616359210683995,-0.2706384854869283,-0.2055894715356195,-0.3892686806261581,-0.13024612904244173,-0.17448182237082016,-0.547929868847325,-0.2612448942066471,-0.20070034495295755,-0.13783309348220202,-0.15433209504686526,-0.3423368460633143,0.6253937523900984,-0.32298858352184734,0,1,0,0,1
-0.16903603513082843,-0.26216871082161,-0.17914474100126204,0.6616359210683995,-0.24519866628079298,-0.20558775174606878,-0.3926529042044945,-0.139287594410186,-0.5693651455269977,-0.547929868847325,-0.2588801467193558,-0.10491274757743084,-0.1614840460917344,-0.15631339825045992,-0.3423368460633143,0.543793555390516,-0.5806749931798404,0,0,0,0,0
-0.1261620526620853,0.17984386801355973,-0.13192796488975173,2.2048100809946956,0.0018461240977031659,-0.13935425261852533,-0.19769544699124703,-0.1386762691096048,1.0971772196345184,1.71284537284559,-0.2602989952117306,-0.12640355468091438,-0.1327373288388159,-0.13290042663706664,0.15893121989923964,-0.060047902406394967,1.3697185830984926,0,0,0,0,0
-0.1861856281183257,-0.48317500023919485,-0.17485230680930655,-0.8815382388578968,-0.23158297656747073,-0.20558891167323293,-0.3748989328841069,-0.139943474682773,-0.5693651455269977,-0.547929868847325,-0.2625060928665358,-0.16999919194798102,-0.15517690364243913,-0.15631339825045992,-0.3423368460633143,-0.5822891632037233,-0.5806749931798404,0,0,0,0,0
-0.16903603513082843,-0.48317500023919485,-0.1834371751932175,-0.8815382388578968,-0.22215403166631842,-0.2055883007874317,-0.3732102271041907,-0.13883312496734773,-0.5693651455269977,-0.547929868847325,-0.25919544638432795,-0.16815712276768244,-0.16067865181722601,-0.15631339825045992,-0.3423368460633143,1.114994934387594,-0.5806749931798404,0,0,0,0,0
-0.19047302636520003,-0.48317500023919485,-0.1834371751932175,-0.8815382388578968,-0.15191984653652127,-0.20558725180723234,-0.3673039822508432,-0.13863471314433673,-0.5693651455269977,-0.547929868847325,-0.2602989952117306,-0.2080686216741519,-0.16876763147660825,-0.15631339825045992,-0.3423368460633143,-0.5170090056040573,-0.5806749931798404,0,0,0,0,0
-0.17761083162457708,-0.15166556611281756,-0.1619750042334401,0.6616359210683995,0.04115693982310039,-0.17123679326200847,-0.2343653890860957,-0.13978769516443038,0.4232972780202781,0.061283700804639796,-0.26329434202896623,-0.1368419467026064,-0.10475030537908674,-0.14934052506402215,-0.26514984472328856,-0.5578091041038485,0.29961843770046354,0,0,0,0,0
-0.1561738403902055,-0.3726718555304024,-0.187729609385173,-0.8815382388578968,-0.14949975057742382,-0.20558871485130578,-0.3913672310559597,-0.13857475040351414,-0.5693651455269977,-0.547929868847325,-0.2636096416939384,-0.20499850637365424,0.10057625072150003,-0.15631339825045992,-0.3423368460633143,3.726201238374235,-0.5806749931798404,0,1,0,0,0
-0.1861856281183257,-0.48317500023919485,-0.17914474100126204,-0.8815382388578968,-0.2140485196664355,-0.20558853191426815,-0.3769757673103447,-0.1415403388984309,-0.5693651455269977,-0.547929868847325,-0.25998369554675843,-0.2099106908544505,-0.16694171207577677,-0.15631339825045992,-0.3423368460633143,-0.4354088086044747,-0.5806749931798404,0,0,0,0,1
0.4011879317034553,1.0638690256838992,0.42608848006446093,2.2048100809946956,-0.2963580615688598,-0.1988643464146205,0.18957656081517552,-0.13303884743529504,2.6440741496943447,1.8677655952029921,-0.2615601938716193,0.8443669033364428,0.3418629350522463,0.3080358392802257,0.8054151388887861,-0.22437381636417494,2.438295252368132,0,1,0,1,0
-0.19047302636520003,-0.48317500023919485,-0.1834371751932175,-0.8815382388578968,-0.05534257925309429,-0.20558641796185306,-0.36940464425279773,-0.1378809805208472,-0.5693651455269977,-0.547929868847325,-0.2565153992320645,-0.20254241413325613,-0.17121988886989295,-0.15631339825045992,-0.3423368460633143,-0.5170090056040573,-0.5806749931798404,0,1,0,0,1
2.429127302475006,3.2739319198597476,2.396315774172027,0.6616359210683995,-0.3179351845532497,-0.2042702996424886,0.38508517552284044,-0.10831649345973202,2.729742448041241,2.5727711919159235,-0.2604566450442167,2.4174939833114393,1.3657450472698958,1.8399871962203993,3.1173343240895806,-0.1760174539038149,2.7632783969848593,0,1,0,1,0
-0.19904782285894865,-0.3726718555304024,-0.1834371751932175,0.6616359210683995,-0.28091608540045315,-0.20558886102534435,-0.3769069566324277,-0.1415403388984309,-0.5693651455269977,-0.547929868847325,-0.26108724437416103,-0.22464724429683922,-0.1735716718283139,-0.15631339825045992,-0.3423368460633143,-1.1698105816007176,-0.5806749931798404,0,0,0,0,0
-0.16474863688395414,-0.3726718555304024,-0.17485230680930655,-0.8815382388578968,-0.07300593061412605,-0.20558613523930344,-0.38393971577813935,-0.1415403388984309,-0.5693651455269977,-0.547929868847325,-0.2590377965518419,-0.17859551478937447,-0.15931185511535206,-0.15631339825045992,-0.3423368460633143,0.39691320079126746,-0.5806749931798404,0,0,0,0,1
-0.18189822987145138,-0.26216871082161,-0.187729609385173,0.6616359210683995,-0.2610757556671839,-0.20558826498202556,-0.38969097742221137,-0.13559617013476122,-0.5693651455269977,-0.547929868847325,-0.2636096416939384,-0.19763022965245988,-0.06391250280838832,-0.15631339825045992,-0.3423368460633143,0.7885941463892636,-0.5806749931798404,0,1,0,0,0
-0.16903603513082843,-0.26216871082161,-0.17914474100126204,0.6616359210683995,-0.20831136388499694,-0.20558788822317103,-0.3715813953175611,-0.13891913588232196,-0.5693651455269977,-0.547929868847325,-0.25572715006963403,-0.16815712276768244,-0.16613164329900623,-0.15631339825045992,-0.3423368460633143,0.543793555390516,-0.5806749931798404,0,1,0,0,1
-0.17761083162457708,-0.3726718555304024,-0.187729609385173,0.6616359210683995,-0.17072662901817373,-0.20558737795541102,-0.37134098645120844,-0.1415403388984309,-0.5693651455269977,-0.547929868847325,-0.26187549353659145,-0.20499850637365424,-0.15233486092656776,-0.15631339825045992,-0.3423368460633143,1.2781953283867589,-0.5806749931798404,0,0,0,0,1
-0.17761083162457708,-0.3726718555304024,-0.1834371751932175,-0.8815382388578968,-0.1335558857113144,-0.20558768478153586,-0.38643233178974423,-0.1300228739428777,-0.5693651455269977,-0.547929868847325,-0.2587224968868697,-0.19148999905146458,-0.16519915829259268,-0.15631339825045992,-0.3423368460633143,0.46219335839093345,-0.5806749931798404,0,0,0,0,0
-0.19047302636520003,-0.48317500023919485,-0.17914474100126204,0.6616359210683995,-0.33224717778067014,-0.2055894715356195,-0.39644902136256227,-0.1415403388984309,-0.5693651455269977,-0.547929868847325,-0.255569500237148,-0.20131436801305708,-0.1714860447532729,-0.15631339825045992,-0.3423368460633143,-0.6802093996032224,-0.5806749931798404,0,1,0,0,0
-0.1861856281183257,-0.26216871082161,-0.1834371751932175,-0.8815382388578968,-0.2455718796467959,-0.20558760566979034,-0.39205152171325913,-0.13830120833870907,-0.5693651455269977,-0.547929868847325,-0.25730364839449493,-0.10491274757743084,-0.1696242027332888,-0.15631339825045992,-0.3423368460633143,-0.19060821760572702,-0.5806749931798404,0,0,0,0,1
-0.19047302636520003,-0.26216871082161,-0.187729609385173,0.6616359210683995,-0.19425391142080584,-0.20558821902723,-0.3680603337383589,-0.14007019339117557,-0.5693651455269977,-0.547929868847325,-0.25730364839449493,-0.16999919194798102,-0.17094002576496384,-0.15631339825045992,-0.3423368460633143,-0.19060821760572702,-0.5806749931798404,0,0,0,0,1
-0.18189822987145138,-0.04116242140402514,-0.14909770165757366,-0.8815382388578968,-0.33215751718345315,-0.20558947121326868,-0.39642179755929924,7.633998205906745,0.6061147527800107,0.44958106478734766,-0.257461298226981,-0.2037704602534552,-0.168180058885847,-0.14451759958435284,-0.1843567845408504,-0.8137369946934483,0.567119701579019,0,1,0,0,0
-0.20333522110582294,-0.3726718555304024,-0.17485230680930655,-0.8815382388578968,-0.19705709374426647,-0.20558806593002552,-0.3751935618455471,-0.1415403388984309,-0.5693651455269977,-0.547929868847325,-0.26345199186145235,-0.21543689839534627,-0.19189868764517992,-0.15631339825045992,-0.3423368460633143,-1.3656510543997158,-0.5806749931798404,0,0,0,0,1
-0.16903603513082843,-0.26216871082161,-0.15768257004148462,0.6616359210683995,-0.08166696816378405,-0.18604562953003728,-0.25290715044104367,-0.139159921288551,0.6641200395622948,0.7360116534431563,-0.25840719722189753,-0.16999919194798102,-0.16251963516007534,-0.14641109848547387,-0.22033086867902046,-0.4082087429379471,0.7142936547176025,0,1,0,0,0
-0.16474863688395414,-0.48317500023919485,-0.17055987261735106,0.6616359210683995,-0.24782477978209358,-0.2055873900211171,-0.3922188824586629,-0.13941028069921205,-0.5693651455269977,-0.547929868847325,-0.257461298226981,-0.10491274757743084,-0.16278844594338013,-0.15631339825045992,-0.3423368460633143,0.13579257039260312,-0.5806749931798404,0,0,0,0,1
-0.17761083162457708,-0.48317500023919485,-0.17485230680930655,-0.8815382388578968,-0.18667687729077015,-0.20558659887941869,-0.39172941945120215,-0.1415403388984309,-0.5693651455269977,-0.547929868847325,-0.26329434202896623,-0.17368333030857822,-0.10475030537908674,-0.15631339825045992,-0.3423368460633143,-0.19060821760572702,-0.5806749931798404,0,0,0,0,1
-0.1518864421433312,0.511353302139937,-0.1405128332736627,-0.8815382388578968,-0.2992210879751108,-0.20553970547947437,-0.3720117076698163,-0.12725207159027846,0.9589501715852174,1.4551944005248214,-0.26108724437416103,-0.14605229260409935,-0.13981673335340156,-0.1379096469264795,0.2921498239914721,-0.3412547351434179,1.1811791458542569,0,0,0,0,0
0.4955106931346902,4.931479090491633,0.4990598613277041,0.6616359210683995,-0.12603317322166696,0.05558083872308953,3.213426071223146,-0.1392542856987472,2.6304110229319626,3.4196887034602437,-0.2587224968868697,0.7921749432279828,0.09769776672905374,0.36064741050277904,5.9413499288465665,-0.19060821760572702,3.021700942739965,0,1,0,0,1
-0.1561738403902055,-0.04116242140402514,-0.1619750042334401,0.6616359210683995,-0.04374108144010534,-0.19338993272866356,-0.24887962102764594,-0.1399986693101308,0.5308743009085742,0.5600779925642085,-0.25620009956709233,-0.16999919194798102,-0.1622925495472777,-0.14858485937085122,-0.16685691475533793,0.05419237339302063,0.5601938447333717,0,1,0,0,1
-0.17332343337770276,-0.26216871082161,-0.187729609385173,0.6616359210683995,-0.1082419938320258,-0.2055882607714431,-0.36701991362134895,-0.1386359227478253,-0.5693651455269977,-0.547929868847325,-0.2614025440391332,-0.17859551478937447,-0.1528608090009294,-0.15631339825045992,-0.3423368460633143,1.7677965103842541,-0.5806749931798404,0,1,0,0,0
-0.1518864421433312,-0.26216871082161,-0.1834371751932175,-0.8815382388578968,-0.2240585988508821,-0.2055887557695244,-0.3831326029383684,-0.13797298057488458,-0.5693651455269977,-0.547929868847325,-0.2601413453792445,-0.19026195293126552,-0.1482496118065372,-0.15631339825045992,-0.3423368460633143,2.420598086380915,-0.5806749931798404,0,0,0,0,0
-0.14759904389645687,0.17984386801355973,-0.14480526746561817,0.6616359210683995,3.249999061871485,6.504871663666731,2.791026673262205,-0.14141338151509236,0.7953421399960529,0.6804801763752016,-0.2617178437041054,-0.17859551478937447,-0.12623959292910703,-0.14124925836893337,-0.06996889182272663,-0.19060821760572702,0.7787297244551379,0,0,0,0,0
-0.16903603513082843,-0.48317500023919485,-0.1834371751932175,-0.8815382388578968,-0.21117951156606654,-0.2055875176224211,-0.37440663069446917,-0.1415403388984309,-0.5693651455269977,-0.547929868847325,-0.26077194470918885,-0.20561252943375377,-0.15423750943033784,-0.15631339825045992,-0.3423368460633143,1.114994934387594,-0.5806749931798404,0,0,0,0,0
-0.16903603513082843,-0.48317500023919485,-0.17485230680930655,0.6616359210683995,-0.04738311418862295,-0.20558656350382132,-0.36785172502690855,-0.13837643535857358,-0.5693651455269977,-0.547929868847325,-0.25919544638432795,-0.20254241413325613,-0.16067865181722601,-0.15631339825045992,-0.3423368460633143,0.20107272799226913,-0.5806749931798404,0,1,0,0,0
-0.19476042461207432,-0.26216871082161,-0.17914474100126204,0.6616359210683995,-0.09503772455085951,-0.20558740320890878,-0.366956770723751,-0.1415403388984309,-0.5693651455269977,-0.547929868847325,-0.2563577493995784,-0.16815712276768244,-0.17242026958504672,-0.15631339825045992,-0.3423368460633143,-0.92500999060197,-0.5806749931798404,0,0,0,0,1
-0.18189822987145138,-0.26216871082161,-0.17914474100126204,-0.8815382388578968,-0.12418533181947332,-0.20558770180111763,-0.376008254107474,-0.1415403388984309,-0.5693651455269977,-0.547929868847325,-0.25856484705438365,-0.20868264473425144,-0.16707056479675533,-0.15631339825045992,-0.3423368460633143,-0.19060821760572702,-0.5806749931798404,0,0,0,0,0
-0.16474863688395414,-0.48317500023919485,-0.17914474100126204,-0.8815382388578968,-0.25764221569436874,-0.20558695287845877,-0.38696098036019244,-0.13760701674080947,-0.5693651455269977,-0.547929868847325,-0.25572715006963403,-0.20070034495295755,-0.1650687820805337,-0.15631339825045992,-0.3423368460633143,0.7885941463892636,-0.5806749931798404,0,0,0,0,0
-0.16903603513082843,-0.26216871082161,-0.1662674384253956,0.6616359210683995,-0.3195608652264105,-0.2055894715356195,-0.3953391362762669,-0.05765855497128322,-0.20141083363467777,-0.547929868847325,-0.2625060928665358,-0.1816656300898721,-0.13065054606127277,-0.15409797202956463,-0.3423368460633143,-0.19060821760572702,-0.3405614710592596,0,1,0,0,1
-0.16474863688395414,-0.48317500023919485,-0.1834371751932175,0.6616359210683995,-0.2000017346848002,-0.20558707053766495,-0.38414117186453123,-0.13626815216759872,-0.5693651455269977,-0.547929868847325,-0.25698834872952275,-0.19087597599136505,-0.16352338750312573,-0.15631339825045992,-0.3423368460633143,1.441395722385924,-0.5806749931798404,0,1,0,0,1
-0.19904782285894865,-0.48317500023919485,-0.187729609385173,0.6616359210683995,-0.33224717778067014,-0.2055894715356195,-0.39644902136256227,-0.1415403388984309,-0.5693651455269977,-0.547929868847325,-0.25824954738941147,-0.21298080615494813,-0.1735716718283139,-0.15631339825045992,-0.3423368460633143,-1.1698105816007176,-0.5806749931798404,0,1,0,0,0
-0.18189822987145138,-0.48317500023919485,-0.187729609385173,-0.8815382388578968,-0.2093084032419702,-0.20558806698939805,-0.3793823327290805,-0.1415403388984309,-0.5693651455269977,-0.547929868847325,-0.262821392531508,-0.2099106908544505,-0.14205442847579372,-0.15631339825045992,-0.3423368460633143,0.7885941463892636,-0.5806749931798404,0,0,0,0,1
-0.20762261935269727,-0.48317500023919485,-0.17914474100126204,0.6616359210683995,-0.18597753231496264,-0.20558785591671272,-0.38263106122935653,-0.1415403388984309,-0.5693651455269977,-0.547929868847325,-0.25478125107471755,-0.2080686216741519,-0.17547755511636487,-0.15631339825045992,-0.3423368460633143,-1.6594117635982129,-0.5806749931798404,0,0,0,0,0
-0.16903603513082843,-0.3726718555304024,-0.187729609385173,0.6616359210683995,-0.2256953308765951,-0.20558852145390477,-0.3800063582110239,-0.1415403388984309,-0.5693651455269977,-0.547929868847325,-0.2615601938716193,-0.2099106908544505,-0.14779994148428588,-0.15631339825045992,-0.3423368460633143,2.2573976923817494,-0.5806749931798404,0,0,0,0,1
-0.17332343337770276,-0.3726718555304024,-0.1834371751932175,0.6616359210683995,-0.2786515168988542,-0.20558863216253986,-0.3670357163320994,-0.1415403388984309,-0.5693651455269977,-0.547929868847325,-0.25840719722189753,-0.10491274757743084,-0.16409849754125225,-0.15631339825045992,-0.3423368460633143,0.7885941463892636,-0.5806749931798404,0,1,0,0,1
-0.19047302636520003,-0.3726718555304024,-0.187729609385173,0.6616359210683995,-0.13131971353290187,-0.20558738474201615,-0.37354870900406656,-0.1415403388984309,-0.5693651455269977,-0.547929868847325,-0.25572715006963403,-0.2080686216741519,-0.17144594939136884,-0.15631339825045992,-0.3423368460633143,-0.19060821760572702,-0.5806749931798404,0,1,0,0,0
-0.16903603513082843,-0.3726718555304024,-0.17485230680930655,0.6616359210683995,-0.3051769767111522,-0.20558881564235104,-0.3697391638947469,-0.1395951880443311,-0.5693651455269977,-0.547929868847325,-0.25919544638432795,-0.1712272380681801,-0.16067865181722601,-0.15631339825045992,-0.3423368460633143,0.20107272799226913,-0.5806749931798404,0,0,0,0,0
-0.20333522110582294,-0.26216871082161,-0.17914474100126204,0.6616359210683995,-0.1428663746334699,-0.20558639917779856,-0.3769506110519691,-0.13818241142462023,-0.5693651455269977,-0.547929868847325,-0.26187549353659145,-0.20254241413325613,-0.17781903400866314,-0.15631339825045992,-0.3423368460633143,-1.4146111725994652,-0.5806749931798404,0,0,0,0,0
-0.17761083162457708,-0.48317500023919485,-0.17055987261735106,0.6616359210683995,-0.2468403206641074,-0.2055874733863358,-0.38333828176642526,-0.1415403388984309,-0.5693651455269977,-0.547929868847325,-0.25478125107471755,-0.18719183763076788,-0.16880696360818642,-0.15631339825045992,-0.3423368460633143,-0.3538086116048921,-0.5806749931798404,0,0,0,0,1
0.28542817903784884,0.9533658809751068,0.3059003226897074,-0.8815382388578968,0.1162894624631669,0.21623356521469425,3.4799349647365356,-0.14039012017223917,2.664330861528036,1.314703643116931,-0.2563577493995784,0.6325289476021049,-0.043463218339122436,0.22010368414968298,0.4836441545426589,-0.22408522150299165,2.2404271519030132,0,1,0,0,1
-0.18189822987145138,-0.26216871082161,-0.15339013584952915,0.6616359210683995,-0.22125419761279166,-0.20445990546222756,-0.35867413829146405,-0.1361940816249326,0.4093670856724586,0.6702272383201862,-0.25966839588178625,-0.17061321500808058,-0.16538613237648725,-0.1474740845986505,-0.22658200373804868,-0.7781296360027213,0.5229432911822625,0,1,0,0,1
-0.1518864421433312,-0.3726718555304024,-0.17914474100126204,-0.8815382388578968,-0.0868698317825332,-0.20558786538885993,-0.3832768005626805,-0.13698783263294656,-0.5693651455269977,-0.547929868847325,-0.26061429487670273,-0.1835076992701707,-0.14463504336568087,-0.15631339825045992,-0.3423368460633143,1.5229959193855065,-0.5806749931798404,0,1,0,0,1
-0.18189822987145138,-0.3726718555304024,-0.17914474100126204,-0.8815382388578968,-0.26438574876994825,-0.20558887913312865,-0.3729078706773098,-0.1370112659727185,-0.5693651455269977,-0.547929868847325,-0.2602989952117306,-0.19087597599136505,-0.1639635911249026,-0.15631339825045992,-0.3423368460633143,-0.19060821760572702,-0.5806749931798404,0,1,0,0,1
-0.17332343337770276,-0.26216871082161,-0.17055987261735106,0.6616359210683995,-0.24879511437351173,-0.20558831072993686,-0.3836198231360073,-0.1397097785067668,-0.5693651455269977,-0.547929868847325,-0.2560424497346062,-0.19517413741206177,-0.1669395028256093,-0.15631339825045992,-0.3423368460633143,-0.19060821760572702,-0.5806749931798404,0,0,0,0,0
-0.20762261935269727,-0.3726718555304024,-0.187729609385173,0.6616359210683995,-0.14763412030386988,-0.2055873005722849,-0.3778306086090747,-0.1415403388984309,-0.5693651455269977,-0.547929868847325,-0.2617178437041054,-0.18719183763076788,-0.18146035164484836,-0.15631339825045992,-0.3423368460633143,-2.1490129455957083,-0.5806749931798404,0,0,0,0,0
-0.18189822987145138,-0.48317500023919485,-0.17055987261735106,0.6616359210683995,-0.2806591713112099,-0.20558776599078352,-0.3741984689855087,-0.1386557912540109,-0.5693651455269977,-0.547929868847325,-0.25620009956709233,-0.10491274757743084,-0.16906002291589942,-0.15631339825045992,-0.3423368460633143,-0.5170090056040573,-0.5806749931798404,0,0,0,0,1
-0.16903603513082843,-0.3726718555304024,-0.17485230680930655,0.6616359210683995,-0.2724065295936218,-0.20558901499124757,-0.372451400420773,-0.1378918735025427,-0.5693651455269977,-0.547929868847325,-0.2560424497346062,-0.19087597599136505,-0.16583414132515853,-0.15631339825045992,-0.3423368460633143,0.20107272799226913,-0.5806749931798404,0,0,0,0,1
-0.1604612386370798,-0.26216871082161,-0.17914474100126204,-0.8815382388578968,-0.33224717778067014,-0.2055894715356195,-0.39644902136256227,-0.1415403388984309,-0.5693651455269977,-0.547929868847325,-0.2615601938716193,-0.19026195293126552,-0.14043658995742075,-0.15631339825045992,-0.3423368460633143,1.0333947373880112,-0.5806749931798404,0,0,0,0,1
-0.18189822987145138,-0.48317500023919485,-0.17914474100126204,0.6616359210683995,-0.23773568860270886,-0.20558831566161015,-0.38891384056481965,-0.13651093801854686,-0.5693651455269977,-0.547929868847325,-0.2625060928665358,-0.19763022965245988,-0.14904531424714754,-0.15631339825045992,-0.3423368460633143,-0.19060821760572702,-0.5806749931798404,0,1,0,0,1
0.43548711767844983,0.9533658809751068,0.43467334844837185,2.2048100809946956,-0.28183472510988206,-0.19992063498720597,0.0804694573501856,-0.13068337491251894,2.458007250207699,1.6297915018597944,-0.2579342477244393,0.8443669033364428,0.04166028770794511,0.28722461516447867,0.6233692175631174,-0.18394697703433252,2.2260473432689474,0,1,0,0,0
-0.16474863688395414,-0.3726718555304024,-0.1619750042334401,0.6616359210683995,-0.3256998419741381,-0.2055889105920668,-0.3940535580121995,-0.031568856651957015,0.4887560684125018,-0.547929868847325,-0.2579342477244393,-0.1712272380681801,-0.16193751185338098,-0.14888071533060693,-0.3423368460633143,-0.19060821760572702,0.10981619906326083,0,1,0,0,0
-0.19904782285894865,-0.48317500023919485,-0.1834371751932175,-0.8815382388578968,-0.26827909015771345,-0.20558685179584188,-0.38748208281063745,-0.1415403388984309,-0.5693651455269977,-0.547929868847325,-0.2565153992320645,-0.1982442527125594,-0.1735716718283139,-0.15631339825045992,-0.3423368460633143,-1.1698105816007176,-0.5806749931798404,0,0,0,0,0
-0.16903603513082843,-0.26216871082161,-0.15339013584952915,-0.8815382388578968,-0.08187527461179611,-0.1896758010807341,-0.3110124515258858,-0.1387878452917881,0.6439293100175459,0.43154534140499934,-0.25730364839449493,-0.18227965314997163,-0.1643609106065887,-0.14535566139181344,-0.24926264581676658,-0.4843689268042243,0.5849124122877792,0,0,0,0,0
-0.17332343337770276,-0.26216871082161,-0.1834371751932175,-0.8815382388578968,-0.2509133276274768,-0.2055883724360464,-0.3677998739840026,-0.1415403388984309,-0.5693651455269977,-0.547929868847325,-0.26187549353659145,-0.10491274757743084,-0.14808749874621852,-0.15631339825045992,-0.3423368460633143,0.7885941463892636,-0.5806749931798404,0,0,0,0,1
-0.11758725616833668,0.7323595915575218,-0.11046579392997433,0.6616359210683995,1.9421975836941487,3.0284032304234185,2.4667279402687408,-0.1412817298930069,1.0347301251106187,1.5020489230563845,-0.26345199186145235,-0.10122860921683366,0.17464162869214034,-0.12572928424408616,0.43685647943052613,-0.2395683358054766,1.2485133141725502,0,0,0,1,0
-0.18189822987145138,-0.48317500023919485,-0.1834371751932175,0.6616359210683995,-0.3047923106624263,-0.2055882342434996,-0.37535261851483387,-0.1415403388984309,-0.5693651455269977,-0.547929868847325,-0.2615601938716193,-0.19394609129186272,-0.1588449687745836,-0.15631339825045992,-0.3423368460633143,0.13579257039260312,-0.5806749931798404,0,1,0,0,0
-0.1604612386370798,-0.3726718555304024,-0.17485230680930655,0.6616359210683995,-0.15115379093626607,-0.20558770551428374,-0.38587227301194893,-0.1415403388984309,-0.5693651455269977,-0.547929868847325,-0.25919544638432795,-0.19087597599136505,-0.15699493181405808,-0.15631339825045992,-0.3423368460633143,0.5927536735902655,-0.5806749931798404,0,0,0,0,1
-0.16474863688395414,-0.3726718555304024,-0.17055987261735106,-0.8815382388578968,-0.22735273017168722,-0.20558726016627882,-0.3861105282872258,-0.13538026617869187,-0.5693651455269977,-0.547929868847325,-0.2609295945416749,-0.19087597599136505,-0.15031354833767235,-0.15631339825045992,-0.3423368460633143,0.13579257039260312,-0.5806749931798404,0,1,0,0,0
-0.19904782285894865,-0.26216871082161,-0.1834371751932175,0.6616359210683995,-0.25108483603603815,-0.20558832259040558,-0.39106668652303855,-0.13625286386610666,-0.5693651455269977,-0.547929868847325,-0.2579342477244393,-0.19763022965245988,-0.1735716718283139,-0.15631339825045992,-0.3423368460633143,-1.1698105816007176,-0.5806749931798404,0,1,0,0,0
0.3197273650128433,1.0638690256838992,0.29302302011384096,-0.8815382388578968,0.11309894190542644,0.1351189570581339,2.7722797514078157,-0.14019864332761925,2.344460938880279,2.1193858736920146,-0.26219079320156363,0.6325289476021049,0.4336597554109941,0.17409738678143366,0.9249656693210279,-0.13048175665866624,2.338814423299097,0,1,0,1,1
-0.14331164564958257,-0.15166556611281756,-0.14480526746561817,-0.8815382388578968,-0.33188506335291407,-0.20558945705879927,-0.3962432970677437,1.0297678039998701,0.6040123740828467,0.7287937088342968,-0.2579342477244393,-0.16815712276768244,-0.1546661618690479,-0.14336122654539957,-0.180576718892063,-0.10900802060614455,0.6723147218486494,0,0,0,0,0
0.4869358966409416,4.710472801074049,0.4990598613277041,0.6616359210683995,-0.02388491214142701,0.16722295894993133,3.1261780252351437,-0.13961794233456562,2.094979636577438,3.117056718290681,-0.25856484705438365,0.7921749432279828,0.08647260943402797,0.27414228390981144,5.229882921284449,-0.2026971356797393,2.5567926047066916,0,1,0,0,0
-0.12187465441521099,0.17984386801355973,-0.13192796488975173,0.6616359210683995,3.3036449995172683,5.331146655435766,1.699688943304498,-0.14133963095620392,0.8220486080187663,1.0335578195470463,-0.25951074604930013,-0.17859551478937447,-0.1380514948316753,-0.13676566193408088,0.008316885579380892,0.005232255193271058,0.930916362829503,0,1,0,0,1
-0.18189822987145138,-0.48317500023919485,-0.17485230680930655,-0.8815382388578968,-0.08751538251549877,-0.20558709277395507,-0.3763584788473827,-0.1368719106758248,-0.5693651455269977,-0.547929868847325,-0.26313669219648017,-0.19087597599136505,-0.12948941451465612,-0.15631339825045992,-0.3423368460633143,-0.3864486904047251,-0.5806749931798404,0,0,0,0,0
-0.18189822987145138,-0.3726718555304024,-0.17055987261735106,-0.8815382388578968,-0.18026790628921638,-0.20558793983102405,-0.3779715987803717,-0.1415403388984309,-0.5693651455269977,-0.547929868847325,-0.2626637426990219,-0.20868264473425144,-0.14598589334305195,-0.15631339825045992,-0.3423368460633143,-0.5170090056040573,-0.5806749931798404,0,0,0,0,0
0.0882078596816304,2.279403617480616,0.09557104728388881,-0.8815382388578968,0.23571210326028863,0.8357032526155621,2.8656992234419216,-0.14052886459969513,1.6284701512374442,1.9933259317938952,-0.2615601938716193,0.03938267154595875,0.0731006043216685,-0.008544821276169333,1.7505046635402155,-0.2050082523703592,1.8234717927665995,0,1,0,0,0
-0.19476042461207432,-0.48317500023919485,-0.17914474100126204,0.6616359210683995,-0.11006315725747044,-0.20558745465509687,-0.38425406064614503,-0.13657415979496293,-0.5693651455269977,-0.547929868847325,-0.26345199186145235,-0.1835076992701707,-0.15524465601144788,-0.15631339825045992,-0.3423368460633143,-0.92500999060197,-0.5806749931798404,0,0,0,0,1
-0.1561738403902055,-0.48317500023919485,-0.17914474100126204,0.6616359210683995,-0.0979656586710281,-0.20558878235180345,-0.3851199339859461,-0.13372935199794678,-0.5693651455269977,-0.547929868847325,-0.2612448942066471,-0.17491137642877727,-0.14108205515003036,-0.15631339825045992,-0.3423368460633143,1.2781953283867589,-0.5806749931798404,0,0,0,0,1
-0.18189822987145138,-0.15166556611281756,-0.17914474100126204,0.6616359210683995,10.137930223161055,-0.2055894715356195,0.1914958453060121,-0.14140451690202094,-0.22121968254951804,0.07987238467309894,-0.2560424497346062,-0.20070034495295755,-0.16915022582651082,-0.15526531896121415,-0.26279466939867496,-0.19060821760572702,-0.11387501670316623,0,0,0,0,0
-0.1861856281183257,-0.3726718555304024,-0.17914474100126204,-0.8815382388578968,-0.2755955634132554,-0.20558841166461295,-0.3598661473717922,-0.1415403388984309,-0.5693651455269977,-0.547929868847325,-0.2576189480594671,-0.10491274757743084,-0.16942691148322508,-0.15631339825045992,-0.3423368460633143,-0.4354088086044747,-0.5806749931798404,0,1,0,0,0
-0.19904782285894865,-0.3726718555304024,-0.1834371751932175,-0.8815382388578968,-0.19613100214707782,-0.2055889849321351,-0.39083194643804925,-0.1396225485322635,-0.5693651455269977,-0.547929868847325,-0.25935309621681407,-0.20499850637365424,-0.1735716718283139,-0.15631339825045992,-0.3423368460633143,-1.1698105816007176,-0.5806749931798404,0,1,0,0,1
-0.16903603513082843,-0.3726718555304024,-0.1834371751932175,-0.8815382388578968,-0.23176833840854083,-0.2055876503301082,-0.36893223990619456,-0.13985508798575505,-0.5693651455269977,-0.547929868847325,-0.2587224968868697,-0.1712272380681801,-0.1618501528783042,-0.15631339825045992,-0.3423368460633143,1.114994934387594,-0.5806749931798404,0,0,0,0,1
-0.19904782285894865,-0.48317500023919485,-0.17485230680930655,0.6616359210683995,-0.20455629733366162,-0.20558721541067973,-0.37134995114287955,-0.1415403388984309,-0.5693651455269977,-0.547929868847325,-0.25698834872952275,-0.20561252943375377,-0.1735716718283139,-0.15631339825045992,-0.3423368460633143,-1.1698105816007176,-0.5806749931798404,0,0,0,0,1
-0.20762261935269727,-0.26216871082161,-0.17914474100126204,-0.8815382388578968,-0.13763357255116762,-0.20558693124271843,-0.38199863776229404,-0.1415403388984309,-0.5693651455269977,-0.547929868847325,-0.25809189755692535,-0.18719183763076788,-0.1765587856174654,-0.15631339825045992,-0.3423368460633143,-1.6594117635982129,-0.5806749931798404,0,1,0,0,1
-0.17761083162457708,-0.26216871082161,-0.1834371751932175,-0.8815382388578968,-0.24040311439081122,-0.20558832888402231,-0.39133341869338106,-0.13578076770459793,-0.5693651455269977,-0.547929868847325,-0.255569500237148,-0.19763022965245988,-0.16835760414071133,-0.15631339825045992,-0.3423368460633143,0.46219335839093345,-0.5806749931798404,0,0,0,0,1
-0.17332343337770276,-0.48317500023919485,-0.1834371751932175,0.6616359210683995,-0.2088270671371975,-0.20558830483324134,-0.36510126437705986,-0.1391408548976301,-0.5693651455269977,-0.547929868847325,-0.2560424497346062,-0.10491274757743084,-0.1669395028256093,-0.15631339825045992,-0.3423368460633143,0.7885941463892636,-0.5806749931798404,0,0,0,0,1
-0.13902424740270825,0.9533658809751068,-0.13622039908170722,0.6616359210683995,3.0167664221824344,9.349804127292353,2.371759738253654,-0.14129518925051027,0.6024242271476001,1.7856370443395948,-0.2563577493995784,-0.19087597599136505,-0.15745204042257335,-0.14102700415662703,0.6924786028987746,-0.19060821760572702,1.0746432433070523,0,1,0,0,1
-0.19047302636520003,-0.48317500023919485,-0.187729609385173,0.6616359210683995,-0.33224717778067014,-0.2055894715356195,-0.39644902136256227,-0.1415403388984309,-0.5693651455269977,-0.547929868847325,-0.25730364839449493,-0.21298080615494813,-0.17094002576496384,-0.15631339825045992,-0.3423368460633143,-0.19060821760572702,-0.5806749931798404,0,1,0,0,1
-0.16903603513082843,-0.48317500023919485,-0.17914474100126204,0.6616359210683995,-0.09798515209691219,-0.20558749491023956,-0.38578886646512933,-0.13898505054270302,-0.5693651455269977,-0.547929868847325,-0.2617178437041054,-0.1982442527125594,-0.14596129247044323,-0.15631339825045992,-0.3423368460633143,0.543793555390516,-0.5806749931798404,0,0,0,0,1
-0.20333522110582294,-0.26216871082161,-0.17055987261735106,0.6616359210683995,-0.26415604648257074,-0.2055873299699592,-0.3918474360491515,-0.13830266826267862,-0.5693651455269977,-0.547929868847325,-0.2602989952117306,-0.10491274757743084,-0.1759736920041667,-0.15631339825045992,-0.3423368460633143,-1.333010975599883,-0.5806749931798404,0,1,0,0,1
-0.16474863688395414,-0.3726718555304024,-0.17914474100126204,-0.8815382388578968,-0.26793844358093893,-0.20558893283484894,-0.38024150760678904,-0.1403499226293982,-0.5693651455269977,-0.547929868847325,-0.25809189755692535,-0.16999919194798102,-0.16162321667170787,-0.15631339825045992,-0.3423368460633143,0.7885941463892636,-0.5806749931798404,0,0,0,0,1
-0.09186286668709079,0.6218564468487294,-0.11905066231388528,0.6616359210683995,2.549871424210665,2.961922812983231,2.6977769118744264,-0.14132518596888882,1.2198313387076052,1.2145790467432533,-0.26187549353659145,-0.10122860921683366,-0.06738761731958315,-0.12579096855573793,0.2717624751235819,0.19019270172565816,1.259585104569407,0,0,0,0,1
-0.16474863688395414,-0.3726718555304024,-0.1834371751932175,0.6616359210683995,-0.1963230355849632,-0.20558836807993608,-0.36554511143106516,-0.13328092006269138,-0.5693651455269977,-0.547929868847325,-0.25966839588178625,-0.20254241413325613,-0.1572005929246606,-0.15631339825045992,-0.3423368460633143,1.441395722385924,-0.5806749931798404,0,0,0,0,1
-0.1604612386370798,-0.3726718555304024,-0.17055987261735106,0.6616359210683995,-0.07254758638836331,-0.20558664798980275,-0.38547350679692755,-0.13677957075179545,-0.5693651455269977,-0.547929868847325,-0.2612448942066471,-0.1650870074671848,-0.14433101681785873,-0.15631339825045992,-0.3423368460633143,0.2989929643917683,-0.5806749931798404,0,0,0,0,0
-0.19047302636520003,-0.3726718555304024,-0.17055987261735106,0.6616359210683995,-0.01919162983923354,-0.20558665320221617,-0.38233876368207714,-0.13666561439881994,-0.5693651455269977,-0.547929868847325,-0.2601413453792445,-0.19087597599136505,-0.16896766091526358,-0.15631339825045992,-0.3423368460633143,-0.8434097936023875,-0.5806749931798404,0,1,0,0,1
-0.18189822987145138,-0.48317500023919485,-0.17914474100126204,-0.8815382388578968,-0.1560220121013666,-0.2055886103975203,-0.35867064594529535,-0.13934525879201376,-0.5693651455269977,-0.547929868847325,-0.26108724437416103,-0.16999919194798102,-0.1612971487465276,-0.15631339825045992,-0.3423368460633143,-0.19060821760572702,-0.5806749931798404,0,1,0,0,0
-0.1561738403902055,-0.48317500023919485,-0.17914474100126204,0.6616359210683995,-0.1286384966913186,-0.20558757749116208,-0.3824641906801957,-0.13831743410018077,-0.5693651455269977,-0.547929868847325,-0.257461298226981,-0.1982442527125594,-0.1600926394721467,-0.15631339825045992,-0.3423368460633143,1.2781953283867589,-0.5806749931798404,0,1,0,0,1
-0.17332343337770276,-0.26216871082161,-0.17055987261735106,0.6616359210683995,-0.11489681255787415,-0.2055874116502795,-0.37545352948189437,-0.1415403388984309,-0.5693651455269977,-0.547929868847325,-0.2577765978919532,-0.20622655249385333,-0.16506969012087414,-0.15631339825045992,-0.3423368460633143,-0.19060821760572702,-0.5806749931798404,0,0,0,0,1
-0.18189822987145138,-0.3726718555304024,-0.17914474100126204,0.6616359210683995,-0.11165801322745766,-0.20558829687981955,-0.37187817319846284,-0.13896022443665412,-0.5693651455269977,-0.547929868847325,-0.26061429487670273,-0.17859551478937447,-0.1630492614782655,-0.15631339825045992,-0.3423368460633143,-0.19060821760572702,-0.5806749931798404,0,0,0,0,0
0.5255224808628104,4.931479090491633,0.507644729711615,-0.8815382388578968,-0.059201996691009805,0.05028555236100483,3.700036595574829,-0.1398635467447258,2.2463625134960927,2.769398496572491,-0.25730364839449493,0.7921749432279828,0.04880242052476605,0.30425103401236797,4.911457589549084,-0.16075448699612363,2.522888985322009,0,0,0,0,0
-0.13044945090895962,-0.15166556611281756,-0.13192796488975173,-0.8815382388578968,-0.3224200760679256,-0.20554609619494635,-0.38461498756854257,-0.08171276060788535,0.9161813394452866,0.7256397150957593,-0.2623484430340497,-0.11719320877942144,-0.08526046083722574,-0.13544320712293859,-0.18097632804565095,-0.125328060006061,0.8748209844881695,0,1,0,0,1
-0.1561738403902055,-0.26216871082161,-0.17914474100126204,-0.8815382388578968,-0.04008538742489564,-0.20558866511623458,-0.3716936557885898,-0.13863387898294133,-0.5693651455269977,-0.547929868847325,-0.26061429487670273,-0.17859551478937447,-0.14726564595319297,-0.15631339825045992,-0.3423368460633143,1.2781953283867589,-0.5806749931798404,0,0,0,0,1
0.43119971943157553,1.0638690256838992,0.41750361168054995,2.2048100809946956,-0.279320995354261,-0.19988058335757616,0.022422392448388076,-0.13062416794870876,2.705944045318851,1.250630373732009,-0.2566730490645506,0.8443669033364428,0.0030407547705104563,0.3104027126159091,0.5122001264966358,-0.1632179416897833,2.243127579263917,0,1,0,0,0
-0.1861856281183257,-0.26216871082161,-0.17914474100126204,0.6616359210683995,-0.2727549146875891,-0.20558855391153752,-0.3879699684841908,-0.13628074268984386,-0.5693651455269977,-0.547929868847325,-0.2554118504046619,-0.19763022965245988,-0.1705011474257967,-0.15631339825045992,-0.3423368460633143,-0.4354088086044747,-0.5806749931798404,0,1,0,0,0
-0.17332343337770276,-0.3726718555304024,-0.1834371751932175,-0.8815382388578968,-0.19121243133906268,-0.20558659567317872,-0.37273377306354555,-0.13948380487738388,-0.5693651455269977,-0.547929868847325,-0.2614025440391332,-0.21543689839534627,-0.1528608090009294,-0.15631339825045992,-0.3423368460633143,0.7885941463892636,-0.5806749931798404,0,0,0,0,1
-0.10901245967458804,0.17984386801355973,-0.12763553069779626,2.2048100809946956,-0.10688647667439159,-0.12999255142565416,-0.12295001114929469,-0.13968278264980774,1.1167875338233377,1.0743532631179347,-0.25698834872952275,-0.12640355468091438,-0.14719492547469493,-0.13093289082377457,0.017362213359753575,0.11539252114270755,1.138822579961608,0,0,0,0,0
-0.16903603513082843,-0.26216871082161,-0.17055987261735106,-0.8815382388578968,-0.14245021276840916,-0.2055870636976611,-0.36935131026193607,-0.13807727801873018,-0.5693651455269977,-0.547929868847325,-0.2636096416939384,-0.20254241413325613,0.018331873956555857,-0.15631339825045992,-0.3423368460633143,-0.027407823606561847,-0.5806749931798404,0,1,0,0,0
-0.1604612386370798,-0.3726718555304024,-0.17055987261735106,-0.8815382388578968,-0.14724896451728461,-0.20558744393235717,-0.3683012793288247,-0.1415403388984309,-0.5693651455269977,-0.547929868847325,-0.26297904236399405,-0.16815712276768244,-0.09087164754666642,-0.15631339825045992,-0.3423368460633143,0.2989929643917683,-0.5806749931798404,0,1,0,0,1
-0.1861856281183257,-0.26216871082161,-0.17914474100126204,-0.8815382388578968,-0.17675902072425326,-0.2055870408107324,-0.37981773065136565,-0.1374525054975388,-0.5693651455269977,-0.547929868847325,-0.25856484705438365,-0.1650870074671848,-0.16869584155464498,-0.15631339825045992,-0.3423368460633143,-0.4354088086044747,-0.5806749931798404,0,0,0,0,0
-0.1861856281183257,-0.26216871082161,-0.17055987261735106,-0.8815382388578968,-0.25071155491795616,-0.20558819771871922,-0.36993983851968126,-0.14001917664469937,-0.5693651455269977,-0.547929868847325,-0.26108724437416103,-0.1712272380681801,-0.16436577951697418,-0.15631339825045992,-0.3423368460633143,-0.6802093996032224,-0.5806749931798404,0,0,0,0,0
-0.14759904389645687,-0.48317500023919485,-0.17055987261735106,0.6616359210683995,-0.12093804427547568,-0.2055890079136334,-0.383248080589475,-0.13418421405127504,-0.5693651455269977,-0.547929868847325,-0.2590377965518419,-0.17491137642877727,-0.15218194675887112,-0.15631339825045992,-0.3423368460633143,0.7885941463892636,-0.5806749931798404,0,0,0,0,1
-0.16474863688395414,-0.26216871082161,-0.17055987261735106,0.6616359210683995,-0.1287272065423823,-0.2055867783119878,-0.36854318977801886,-0.1415403388984309,-0.5693651455269977,-0.547929868847325,-0.2609295945416749,-0.20499850637365424,-0.15031354833767235,-0.15631339825045992,-0.3423368460633143,0.13579257039260312,-0.5806749931798404,0,1,0,0,1
-0.20333522110582294,-0.48317500023919485,-0.17485230680930655,0.6616359210683995,-0.23674086080322768,-0.2055866618662052,-0.3918231339418097,-0.1415403388984309,-0.5693651455269977,-0.547929868847325,-0.2588801467193558,-0.17368333030857822,-0.1752984755049681,-0.15631339825045992,-0.3423368460633143,-1.3656510543997158,-0.5806749931798404,0,0,0,0,1
-0.16474863688395414,-0.48317500023919485,-0.187729609385173,0.6616359210683995,-0.04727060162243395,-0.20558908773453224,-0.3811792898347864,-0.12995056234822008,-0.5693651455269977,-0.547929868847325,-0.26345199186145235,-0.17491137642877727,-0.026955545293385792,-0.15631339825045992,-0.3423368460633143,2.7469988743792446,-0.5806749931798404,0,0,0,0,0
-0.1561738403902055,-0.3726718555304024,-0.17485230680930655,-0.8815382388578968,-0.17184837650212836,-0.20558777569998435,-0.3751489916011558,-0.13954238893170035,-0.5693651455269977,-0.547929868847325,-0.2552542005721758,-0.16815712276768244,-0.1635226265000717,-0.15631339825045992,-0.3423368460633143,0.7885941463892636,-0.5806749931798404,0,0,0,0,0
-0.19047302636520003,-0.48317500023919485,-0.1834371751932175,-0.8815382388578968,-0.11674246224967091,-0.20558835126187847,-0.38060096530799625,-0.1415403388984309,-0.5693651455269977,-0.547929868847325,-0.2602989952117306,-0.20684057555395285,-0.16876763147660825,-0.15631339825045992,-0.3423368460633143,-0.5170090056040573,-0.5806749931798404,0,0,0,0,1
-0.1561738403902055,-0.04116242140402514,-0.14909770165757366,0.6616359210683995,-0.11019673760628862,-0.1957529516471398,-0.2811951752989565,-0.13852462671337312,0.4379440952060637,0.6623892065190328,-0.26297904236399405,-0.18227965314997163,-0.08168275595981671,-0.1462051718015776,-0.150653451384639,-0.2796266143325444,0.5386000642662041,0,0,0,0,1
-0.19476042461207432,-0.48317500023919485,-0.1834371751932175,-0.8815382388578968,-0.19531307847422918,-0.20558829925299435,-0.3845787352525031,-0.1415403388984309,-0.5693651455269977,-0.547929868847325,-0.25998369554675843,-0.2099106908544505,-0.17136168524413486,-0.15631339825045992,-0.3423368460633143,-0.8434097936023875,-0.5806749931798404,0,0,0,0,1
-0.17761083162457708,-0.3726718555304024,-0.17485230680930655,0.6616359210683995,-0.26890459193072846,-0.2055888191164349,-0.3700231449309479,-0.13715616636798078,-0.5693651455269977,-0.547929868847325,-0.26313669219648017,-0.19087597599136505,-0.11846885018624165,-0.15631339825045992,-0.3423368460633143,-0.19060821760572702,-0.5806749931798404,0,0,0,0,0
-0.16903603513082843,-0.26216871082161,-0.187729609385173,0.6616359210683995,-0.07798768215130554,-0.20558749224561876,-0.3850233532512131,-0.13691485630633662,-0.5693651455269977,-0.547929868847325,-0.2614025440391332,-0.1835076992701707,-0.14940899852969866,-0.15631339825045992,-0.3423368460633143,2.2573976923817494,-0.5806749931798404,0,1,0,0,0
-0.17761083162457708,-0.26216871082161,-0.187729609385173,-0.8815382388578968,-0.02048824370756042,-0.20558841810261388,-0.3861626785165595,-0.1415403388984309,-0.5693651455269977,-0.547929868847325,-0.2568306988970367,-0.19087597599136505,-0.16743100196001928,-0.15631339825045992,-0.3423368460633143,1.2781953283867589,-0.5806749931798404,0,0,0,0,1
-0.16474863688395414,-0.26216871082161,-0.17055987261735106,0.6616359210683995,-0.1209962640493419,-0.20558718189716307,-0.3833769990586257,-0.13796375540327976,-0.5693651455269977,-0.547929868847325,-0.25509655073968973,-0.1650870074671848,-0.16567595064330287,-0.15631339825045992,-0.3423368460633143,0.13579257039260312,-0.5806749931798404,0,0,0,0,1
-0.18189822987145138,-0.3726718555304024,-0.187729609385173,-0.8815382388578968,-0.22142276917656467,-0.20558724627152056,-0.3875433103593251,-0.13663275866086694,-0.5693651455269977,-0.547929868847325,-0.2604566450442167,-0.19087597599136505,-0.16352719079015268,-0.15631339825045992,-0.3423368460633143,0.7885941463892636,-0.5806749931798404,0,0,0,0,0
-0.17761083162457708,-0.26216871082161,-0.17485230680930655,-0.8815382388578968,-0.33224717778067014,-0.2055894715356195,-0.39644902136256227,-0.1415403388984309,-0.5693651455269977,-0.547929868847325,-0.2602989952117306,-0.2080686216741519,-0.16156157094904977,-0.15631339825045992,-0.3423368460633143,-0.19060821760572702,-0.5806749931798404,0,1,0,0,0
-0.14331164564958257,-0.04116242140402514,-0.1662674384253956,0.6616359210683995,1.4037519310412163,0.06945593078775915,0.2617169182897391,-0.14095522056576934,0.6233147816843204,0.571231956049796,-0.25919544638432795,-0.18105160702977258,-0.14962749180772214,-0.14913235892443433,-0.1650904139800013,0.6487080943899793,0.6247742483834353,0,0,0,0,0
-0.19476042461207432,-0.48317500023919485,-0.1834371751932175,0.6616359210683995,-0.21190968902884694,-0.20558774881512662,-0.37651352893808265,-0.1415403388984309,-0.5693651455269977,-0.547929868847325,-0.2549389009072036,-0.20561252943375377,-0.17260201679678724,-0.15631339825045992,-0.3423368460633143,-0.8434097936023875,-0.5806749931798404,0,0,0,0,1
-0.17761083162457708,-0.26216871082161,-0.17055987261735106,0.6616359210683995,-0.1390673202260455,-0.20558804839311492,-0.37128947122135664,-0.13915410579651344,-0.5693651455269977,-0.547929868847325,-0.25966839588178625,-0.19394609129186272,-0.1633397475135306,-0.15631339825045992,-0.3423368460633143,-0.3538086116048921,-0.5806749931798404,0,0,0,0,1
-0.1561738403902055,-0.48317500023919485,-0.17914474100126204,0.6616359210683995,-0.2659085071645364,-0.20558889080144604,-0.3849782953714133,-0.1401962549388269,-0.5693651455269977,-0.547929868847325,-0.26345199186145235,-0.2037704602534552,0.009698486340346233,-0.15631339825045992,-0.3423368460633143,1.2781953283867589,-0.5806749931798404,0,1,0,0,1
-0.17332343337770276,-0.26216871082161,-0.187729609385173,0.6616359210683995,-0.24257175206131895,-0.2055877778363045,-0.38942030476991263,-0.1415403388984309,-0.5693651455269977,-0.547929868847325,-0.2576189480594671,-0.20131436801305708,-0.16528215113813627,-0.15631339825045992,-0.3423368460633143,1.7677965103842541,-0.5806749931798404,0,0,0,0,0
-0.17332343337770276,-0.26216871082161,-0.17914474100126204,-0.8815382388578968,-0.07792926558270473,-0.20558674266023466,-0.37945831027402044,-0.13669454282496063,-0.5693651455269977,-0.547929868847325,-0.26345199186145235,-0.19087597599136505,-0.06360957692711781,-0.15631339825045992,-0.3423368460633143,0.2989929643917683,-0.5806749931798404,0,1,0,0,0
-0.19476042461207432,-0.3726718555304024,-0.17055987261735106,0.6616359210683995,-0.25092055036132804,-0.20558798130453365,-0.39047222861699016,-0.1415403388984309,-0.5693651455269977,-0.547929868847325,-0.2615601938716193,-0.20131436801305708,-0.16988999606488134,-0.15631339825045992,-0.3423368460633143,-1.0066101876015525,-0.5806749931798404,0,0,0,0,0
-0.16903603513082843,-0.26216871082161,-0.1662674384253956,-0.8815382388578968,-0.32367050485576276,-0.2055894715356195,-0.39536752512142626,-0.036576543244747725,-0.14960845193014025,-0.547929868847325,-0.2620331433690775,-0.1816656300898721,-0.14136594500450078,-0.15378607364701044,-0.3423368460633143,-0.19060821760572702,-0.3067571319788378,0,1,0,0,1
-0.20333522110582294,-0.48317500023919485,-0.1834371751932175,0.6616359210683995,-0.17808141268669675,-0.205586891446832,-0.37947407132201894,-0.1415403388984309,-0.5693651455269977,-0.547929868847325,-0.2615601938716193,-0.18719183763076788,-0.17725334759174646,-0.15631339825045992,-0.3423368460633143,-1.4962113695990478,-0.5806749931798404,0,1,0,0,1
-0.16474863688395414,-0.3726718555304024,-0.17485230680930655,0.6616359210683995,-0.33224717778067014,-0.2055894715356195,-0.39644902136256227,-0.1415403388984309,-0.5693651455269977,-0.547929868847325,-0.2625060928665358,-0.2080686216741519,-0.1245189566659812,-0.15631339825045992,-0.3423368460633143,0.39691320079126746,-0.5806749931798404,0,1,0,0,0
-0.19904782285894865,-0.3726718555304024,-0.17055987261735106,0.6616359210683995,-0.20699545522208668,-0.20558786617676128,-0.3617573228922867,-0.1357146919581835,-0.5693651455269977,-0.547929868847325,-0.2563577493995784,-0.20254241413325613,-0.1735716718283139,-0.15631339825045992,-0.3423368460633143,-1.1698105816007176,-0.5806749931798404,0,0,0,0,0
-0.19047302636520003,-0.48317500023919485,-0.1834371751932175,0.6616359210683995,-0.056400280617806185,-0.2055888485178696,-0.382690939638175,-0.13132611489489635,-0.5693651455269977,-0.547929868847325,-0.25998369554675843,-0.17491137642877727,-0.1691516986599558,-0.15631339825045992,-0.3423368460633143,-0.5170090056040573,-0.5806749931798404,0,1,0,0,1
0.2082550105941112,1.7268878939366537,0.1900045995069094,-0.8815382388578968,0.21013776485535388,0.5405679442976093,4.125996774500157,-0.14049273756986208,1.667189702770136,2.448039593863367,-0.25824954738941147,0.2278877509965145,-0.027744259995361058,0.043434263563678466,1.6504979000363829,-0.13620808627267197,2.0222891004301644,0,1,0,0,1
-0.19047302636520003,-0.26216871082161,-0.17485230680930655,0.6616359210683995,-0.2290992233339779,-0.20558863690932588,-0.37727602788233083,-0.13935315413895333,-0.5693651455269977,-0.547929868847325,-0.2636096416939384,-0.1982442527125594,-0.1187420873183511,-0.15631339825045992,-0.3423368460633143,-0.7781296360027213,-0.5806749931798404,0,0,0,0,0
-0.1518864421433312,-0.48317500023919485,-0.17914474100126204,-0.8815382388578968,-0.05127367679224302,-0.2055859040713197,-0.38687734356731834,-0.1375300362559868,-0.5693651455269977,-0.547929868847325,-0.2560424497346062,-0.1650870074671848,-0.16141269532335545,-0.15631339825045992,-0.3423368460633143,1.5229959193855065,-0.5806749931798404,0,0,0,0,1
9.932074234505055,-0.48317500023919485,9.976754557165407,0.6616359210683995,-0.3321482131936373,-0.20558839637731696,-0.3805586867990324,5.673825691547623,4.588939557137776,-0.547929868847325,-0.2623484430340497,9.952784976852874,12.868890301418018,12.106332787916006,-0.3423368460633143,-0.19350037648672494,2.7854459362317945,0,0,0,2,1
-0.08757546844021648,0.8428627362663142,-0.08041875458628595,2.2048100809946956,-0.00844560361251608,-0.07679069611034867,0.20178074897354845,-0.13982022960754315,1.3443555238445846,1.2977438778040704,-0.2552542005721758,-0.047194579928075006,-0.1474441539748842,-0.10638311381588454,0.41766193666506296,-0.22687497182776376,1.3725865131107582,0,0,0,0,0
-0.16474863688395414,-0.48317500023919485,-0.17055987261735106,-0.8815382388578968,-0.16405835698351146,-0.2055873838860492,-0.37922495911452403,-0.1380348353060907,-0.5693651455269977,-0.547929868847325,-0.2552542005721758,-0.1650870074671848,-0.16553243556572014,-0.15631339825045992,-0.3423368460633143,0.13579257039260312,-0.5806749931798404,0,0,0,0,1
-0.16474863688395414,-0.3726718555304024,-0.17055987261735106,-0.8815382388578968,-0.1923724236366684,-0.2055885675240227,-0.381725978489175,-0.1415403388984309,-0.5693651455269977,-0.547929868847325,-0.2625060928665358,-0.20684057555395285,-0.1245189566659812,-0.15631339825045992,-0.3423368460633143,0.13579257039260312,-0.5806749931798404,0,0,0,0,0
-0.18189822987145138,-0.15166556611281756,-0.1834371751932175,0.6616359210683995,10.474573308672941,-0.2055894715356195,0.30988342862460433,-0.1414203051721178,-0.15257534374727966,0.24264359592592438,-0.25840719722189753,-0.20070034495295755,-0.16725622230360615,-0.1554769111961154,-0.24217165256688153,0.13579257039260312,-0.006955422606800512,0,1,0,0,1
-0.1861856281183257,-0.3726718555304024,-0.187729609385173,0.6616359210683995,-0.33224717778067014,-0.2055894715356195,-0.39644902136256227,-0.1415403388984309,-0.5693651455269977,-0.547929868847325,-0.2576189480594671,-0.20131436801305708,-0.16942691148322508,-0.15631339825045992,-0.3423368460633143,0.2989929643917683,-0.5806749931798404,0,1,0,0,0
-0.17332343337770276,-0.26216871082161,-0.1834371751932175,0.6616359210683995,-0.28495100793824446,-0.20558883736966185,-0.3635798430145242,-0.1415403388984309,-0.5693651455269977,-0.547929868847325,-0.25572715006963403,-0.20131436801305708,-0.16719450451747875,-0.15631339825045992,-0.3423368460633143,0.7885941463892636,-0.5806749931798404,0,0,0,0,0
-0.1561738403902055,0.06934072330476729,-0.14909770165757366,-0.8815382388578968,-0.33175289885191617,-0.20558945437018056,-0.3961956511596974,1.2119430365235382,0.5576747156592984,0.646445574218497,-0.2552542005721758,-0.16815712276768244,-0.1635226265000717,-0.14500368950054587,-0.11534684571643485,-0.2796266143325444,0.6106466882811322,0,0,0,0,0
-0.19047302636520003,-0.26216871082161,-0.1834371751932175,-0.8815382388578968,-0.20169654254516836,-0.20558839828555833,-0.38474897354960913,-0.13993671993284373,-0.5693651455269977,-0.547929868847325,-0.26297904236399405,-0.19517413741206177,-0.15519388865461445,-0.15631339825045992,-0.3423368460633143,-0.5170090056040573,-0.5806749931798404,0,1,0,0,1
-0.16903603513082843,-0.3726718555304024,-0.187729609385173,0.6616359210683995,-0.17145107314255842,-0.2055876170135448,-0.3807803615185944,-0.1415403388984309,-0.5693651455269977,-0.547929868847325,-0.25698834872952275,-0.2080686216741519,-0.16477942304377424,-0.15631339825045992,-0.3423368460633143,2.2573976923817494,-0.5806749931798404,0,1,0,0,1
-0.17761083162457708,-0.3726718555304024,-0.187729609385173,0.6616359210683995,-0.2601251903460098,-0.20558727838444682,-0.3906902634722921,-0.1415403388984309,-0.5693651455269977,-0.547929868847325,-0.25698834872952275,-0.20131436801305708,-0.16729149412507127,-0.15631339825045992,-0.3423368460633143,1.2781953283867589,-0.5806749931798404,0,0,0,0,0
-0.14759904389645687,0.17984386801355973,-0.14909770165757366,0.6616359210683995,0.26253925950578183,-0.031556485073832456,0.10461790499483133,-0.1405358671191487,0.7962640699830784,1.1555762848025892,-0.26313669219648017,-0.15587666156569185,-0.04132489988734055,-0.1426094741749302,0.035371304330253366,-0.10158982087890978,0.9606610456533299,0,1,0,0,0
-0.10472506142771373,0.29034701272235214,-0.12763553069779626,0.6616359210683995,2.113096948201527,5.275073810978982,2.827286194037339,-0.14136546304800035,1.1965663272873677,1.8041162441969152,-0.26077194470918885,-0.15403459238539324,-0.11280716143467487,-0.12973203500282604,0.25366887515876413,0.17659266889239447,1.4694115881576768,0,1,0,0,1
-0.1604612386370798,-0.3726718555304024,-0.1834371751932175,-0.8815382388578968,-0.32107201638611754,-0.2055894715356195,-0.39544176857709495,-0.04576744549495755,-0.19242447042151525,-0.547929868847325,-0.2602989952117306,-0.1816656300898721,-0.15195349024563848,-0.15555688742981302,-0.3423368460633143,1.7677965103842541,-0.33469729919762164,0,0,0,0,1
-0.16903603513082843,-0.26216871082161,-0.15339013584952915,0.6616359210683995,0.02126887423366387,-0.14531461453606748,-0.25740704862368163,-0.13999833360423594,0.6154781391560629,0.13986926871235328,-0.26187549353659145,-0.1368419467026064,-0.1438401365658693,-0.14561261504572312,-0.27697903609674973,-0.4843689268042243,0.4550223525728991,0,1,0,0,0
-0.19047302636520003,-0.3726718555304024,-0.1834371751932175,-0.8815382388578968,-0.1388229727450479,-0.20558820757771776,-0.38617094464276763,-0.1415403388984309,-0.5693651455269977,-0.547929868847325,-0.25730364839449493,-0.19087597599136505,-0.17094002576496384,-0.15631339825045992,-0.3423368460633143,-0.5170090056040573,-0.5806749931798404,0,0,0,0,0
-0.17332343337770276,-0.48317500023919485,-0.17914474100126204,0.6616359210683995,-0.15766849708051064,-0.2055868878560963,-0.3833119071470192,-0.13935178213656924,-0.5693651455269977,-0.547929868847325,-0.262821392531508,-0.20684057555395285,-0.12629580679953364,-0.15631339825045992,-0.3423368460633143,0.2989929643917683,-0.5806749931798404,0,0,0,0,1
-0.1604612386370798,-0.26216871082161,-0.17914474100126204,-0.8815382388578968,-0.2558048534400787,-0.2055868944821088,-0.3823132116148461,-0.1415403388984309,-0.5693651455269977,-0.547929868847325,-0.2571459985620088,-0.1982442527125594,-0.1620045626591257,-0.15631339825045992,-0.3423368460633143,1.0333947373880112,-0.5806749931798404,0,0,0,0,0
-0.14331164564958257,-0.26216871082161,-0.15768257004148462,-0.8815382388578968,-0.32697476504134504,-0.20558898791564445,-0.3941952295292015,-0.015960692892213336,0.551734578734293,-0.547929868847325,-0.2625060928665358,-0.1712272380681801,-0.09386100968952327,-0.14731331809524115,-0.3423368460633143,0.24459283305871324,0.15091367079420231,0,1,0,0,0
9.949223827492553,-0.26216871082161,9.976754557165407,-0.8815382388578968,-0.33217440609995064,-0.20558862212737042,-0.38253716295145185,8.30316428860721,3.9216393371747658,-0.547929868847325,-0.25935309621681407,9.952784976852874,4.336358486340817,10.519984759050983,-0.3423368460633143,-0.19184771426901182,2.349990226246674,0,0,0,2,0
-0.1518864421433312,0.29034701272235214,-0.13192796488975173,0.6616359210683995,-0.07762685024397419,-0.15525915237621848,-0.20014500133519927,-0.13890976057648532,0.6999535088906861,1.5200795515681431,-0.26219079320156363,-0.12640355468091438,-0.11836881480655861,-0.13848095531622248,0.1816943110101738,-0.4517288480043912,1.0369320837429687,0,0,0,0,0
0.4226249229378269,0.9533658809751068,0.4217960458725054,2.2048100809946956,-0.2750138511643213,-0.19962485026118332,0.2778515324721235,-0.12828795089621065,2.8819858286166116,1.7971524220732211,-0.2612448942066471,0.8443669033364428,0.29752777000679725,0.33895122536631833,0.6975850734748065,-0.18380820118909516,2.5665968140385127,0,1,0,1,0
0.28542817903784884,1.0638690256838992,0.30160788849775194,0.6616359210683995,-0.008453825022171135,0.12323265044986786,3.0593533116534353,-0.14051884211758847,2.0187581228649942,2.105863525119863,-0.26077194470918885,0.6325289476021049,0.1385369497390138,0.14235889888653738,0.9185408932489318,-0.21593241667456298,2.1211116133105734,0,0,0,0,1
-0.19476042461207432,-0.48317500023919485,-0.1834371751932175,-0.8815382388578968,-0.27151826807258833,-0.20558868308735367,-0.37931750310261436,-0.14015134132059232,-0.5693651455269977,-0.547929868847325,-0.25966839588178625,-0.16999919194798102,-0.17152528696535724,-0.15631339825045992,-0.3423368460633143,-0.8434097936023875,-0.5806749931798404,0,0,0,0,0
-0.16903603513082843,-0.48317500023919485,-0.1834371751932175,0.6616359210683995,-0.29684780363074875,-0.20558825956978893,-0.3792006578716902,-0.1415403388984309,-0.5693651455269977,-0.547929868847325,-0.2554118504046619,-0.19394609129186272,-0.1664071148891071,-0.15631339825045992,-0.3423368460633143,1.114994934387594,-0.5806749931798404,0,0,0,0,0
-0.08757546844021648,0.511353302139937,-0.11046579392997433,0.6616359210683995,2.617663428182762,2.293467852936981,3.630510992778749,-0.1413440990768278,0.9160150539864802,1.3947474400018898,-0.2636096416939384,-0.10122860921683366,0.5392129268012023,-0.12799273787804158,0.27300333803274074,0.1031524915927702,1.1300904965375242,0,1,0,1,0
-0.1604612386370798,-0.3726718555304024,-0.1834371751932175,-0.8815382388578968,-0.2845767371386616,-0.2055865012730834,-0.3849628129564881,-0.1415403388984309,-0.5693651455269977,-0.547929868847325,-0.26187549353659145,-0.1982442527125594,-0.13534541220517082,-0.15631339825045992,-0.3423368460633143,1.7677965103842541,-0.5806749931798404,0,0,0,0,0
-0.19047302636520003,-0.48317500023919485,-0.17055987261735106,0.6616359210683995,-0.16558940134515665,-0.20558721990447917,-0.38577256238851937,-0.13878986913979235,-0.5693651455269977,-0.547929868847325,-0.2614025440391332,-0.20684057555395285,-0.1666680508858524,-0.15631339825045992,-0.3423368460633143,-0.8434097936023875,-0.5806749931798404,0,0,0,0,0
-0.19476042461207432,-0.48317500023919485,-0.17485230680930655,-0.8815382388578968,-0.32047717484887217,-0.2055894715356195,-0.39545379160973143,-0.040867891486156604,-0.16400946903851876,-0.547929868847325,-0.25856484705438365,-0.1816656300898721,-0.17194639507042425,-0.1546863201677438,-0.3423368460633143,-0.9739701088017195,-0.31615470887426345,0,1,0,0,1
0.4011879317034553,0.9533658809751068,0.42608848006446093,2.2048100809946956,-0.2848694033837882,-0.19829352936919137,0.06413676562118656,-0.1282231594737987,1.832509465356392,1.8534410683050049,-0.2565153992320645,0.8443669033364428,-0.00894686473884746,0.19076290901527038,0.7225461578956782,-0.22437381636417494,1.9032305956322466,0,0,0,0,0
-0.19047302636520003,-0.48317500023919485,-0.1834371751932175,0.6616359210683995,-0.16332253775346722,-0.20558829236479026,-0.38465819464871076,-0.1415403388984309,-0.5693651455269977,-0.547929868847325,-0.2604566450442167,-0.20684057555395285,-0.16854943130923328,-0.15631339825045992,-0.3423368460633143,-0.5170090056040573,-0.5806749931798404,0,0,0,0,0
-0.17332343337770276,-0.3726718555304024,-0.187729609385173,0.6616359210683995,-0.21271564016276592,-0.20558741956968077,-0.3774844159589883,-0.13737757553694305,-0.5693651455269977,-0.547929868847325,-0.26297904236399405,-0.17368333030857822,-0.11843832230721558,-0.15631339825045992,-0.3423368460633143,1.7677965103842541,-0.5806749931798404,0,0,0,0,1
-0.16903603513082843,-0.48317500023919485,-0.17485230680930655,-0.8815382388578968,-0.1767264253577312,-0.20558719286448413,-0.3807708940270725,-0.1415403388984309,-0.5693651455269977,-0.547929868847325,-0.2554118504046619,-0.18719183763076788,-0.1664071148891071,-0.15631339825045992,-0.3423368460633143,0.20107272799226913,-0.5806749931798404,0,0,0,0,1
-0.13473684915583392,0.29034701272235214,-0.13622039908170722,0.6616359210683995,-0.3021319516958704,-0.20556166487024083,-0.3742302238706515,-0.12361588583676797,0.5055411658937311,1.4265946133385858,-0.25509655073968973,-0.14605229260409935,-0.15876719460641825,-0.14229087690533035,0.1580053375143295,-0.12066519160608487,0.8743853499364481,0,0,0,0,0
-0.20333522110582294,-0.3726718555304024,-0.17485230680930655,-0.8815382388578968,-0.28679911682533604,-0.20558885290988213,-0.3768134976509259,-0.1415403388984309,-0.5693651455269977,-0.547929868847325,-0.26108724437416103,-0.22464724429683922,-0.17664030259876048,-0.15631339825045992,-0.3423368460633143,-1.3656510543997158,-0.5806749931798404,0,1,0,0,0
-0.1604612386370798,-0.26216871082161,-0.187729609385173,0.6616359210683995,-0.23044734475054926,-0.2055888211771248,-0.3765511228138288,-0.1402439002662174,-0.5693651455269977,-0.547929868847325,-0.25620009956709233,-0.16999919194798102,-0.1634204617753813,-0.15631339825045992,-0.3423368460633143,3.23660005637674,-0.5806749931798404,0,0,0,0,1
-0.17761083162457708,-0.3726718555304024,-0.17055987261735106,-0.8815382388578968,-0.16449417514175,-0.20558603250048513,-0.37003876042092393,-0.13990926297339687,-0.5693651455269977,-0.547929868847325,-0.25966839588178625,-0.21543689839534627,-0.1633397475135306,-0.15631339825045992,-0.3423368460633143,-0.3538086116048921,-0.5806749931798404,0,0,0,0,1
0.12679444390349923,2.279403617480616,0.09557104728388881,-0.8815382388578968,0.25441113838260615,0.8425443043728683,1.989575057267588,-0.14064515871725614,1.9062317844487786,2.017122993333115,-0.2560424497346062,0.03938267154595875,-0.0895641977940557,0.010130118260072334,1.770102642690249,-0.07540793948866928,2.013811485574142,0,0,0,0,0
-0.1604612386370798,-0.3726718555304024,-0.1834371751932175,0.6616359210683995,-0.33224717778067014,-0.2055894715356195,-0.39644902136256227,-0.1415403388984309,-0.5693651455269977,-0.547929868847325,-0.25840719722189753,-0.19026195293126552,-0.15936191039772143,-0.15631339825045992,-0.3423368460633143,1.7677965103842541,-0.5806749931798404,0,0,0,0,1
-0.16903603513082843,-0.26216871082161,-0.17055987261735106,0.6616359210683995,-0.33224717778067014,-0.2055894715356195,-0.39644902136256227,-0.1415403388984309,-0.5693651455269977,-0.547929868847325,-0.2579342477244393,-0.21298080615494813,-0.16339178185024758,-0.15631339825045992,-0.3423368460633143,-0.027407823606561847,-0.5806749931798404,0,0,0,0,0
-0.14759904389645687,-0.04116242140402514,-0.17055987261735106,0.6616359210683995,-0.19936039606005757,-0.2045277982755742,-0.36620204076838486,-0.1329934635821571,0.32473843451205603,0.5553923231748755,-0.2577765978919532,-0.17061321500808058,-0.15656770841343437,-0.15182728758537065,-0.16759900420362447,0.7885941463892636,0.42388874273801236,0,0,0,0,1
-0.20333522110582294,-0.3726718555304024,-0.17914474100126204,0.6616359210683995,-0.23042711633897853,-0.2055870230485511,-0.3711413089112687,-0.1415403388984309,-0.5693651455269977,-0.547929868847325,-0.2614025440391332,-0.20561252943375377,-0.17702348229954462,-0.15631339825045992,-0.3423368460633143,-1.4146111725994652,-0.5806749931798404,0,0,0,0,0
-0.16474863688395414,-0.48317500023919485,-0.17055987261735106,-0.8815382388578968,-0.04672744377139011,-0.20558750992353927,-0.3861164165630869,-0.13856423374474694,-0.5693651455269977,-0.547929868847325,-0.2625060928665358,-0.20684057555395285,-0.1245189566659812,-0.15631339825045992,-0.3423368460633143,0.13579257039260312,-0.5806749931798404,0,1,0,0,1
-0.1604612386370798,-0.48317500023919485,-0.187729609385173,-0.8815382388578968,-0.33224717778067014,-0.2055894715356195,-0.39644902136256227,-0.1415403388984309,-0.5693651455269977,-0.547929868847325,-0.25951074604930013,-0.20131436801305708,-0.15581158332999462,-0.15631339825045992,-0.3423368460633143,3.23660005637674,-0.5806749931798404,0,0,0,0,1
-0.19476042461207432,-0.3726718555304024,-0.187729609385173,0.6616359210683995,-0.33224717778067014,-0.2055894715356195,-0.39644902136256227,-0.1415403388984309,-0.5693651455269977,-0.547929868847325,-0.25509655073968973,-0.2080686216741519,-0.17258470668018752,-0.15631339825045992,-0.3423368460633143,-0.6802093996032224,-0.5806749931798404,0,0,0,0,0
-0.09186286668709079,0.6218564468487294,-0.11905066231388528,-0.8815382388578968,2.7065947879435344,2.656969103576615,3.257436853825241,-0.14127765857894653,1.1420629458140852,1.2746131554975568,-0.262821392531508,-0.10122860921683366,0.02341109912493719,-0.12711764247080512,0.2926797624677568,0.19019270172565816,1.2317494860101625,0,0,0,0,0
-0.12187465441521099,-0.15166556611281756,-0.13192796488975173,0.6616359210683995,-0.3216805898045749,-0.205545481947488,-0.3846892261562768,-0.09975736400970045,0.8165260397311209,0.6677407198874983,-0.25809189755692535,-0.11719320877942144,-0.14668764772595033,-0.13684324756121802,-0.18831209672079602,0.005232255193271058,0.7876913001607704,0,0,0,0,0
-0.20333522110582294,-0.3726718555304024,-0.17485230680930655,-0.8815382388578968,-0.23516253887069463,-0.20558698087899008,-0.38301912528492876,-0.1376947499319509,-0.5693651455269977,-0.547929868847325,-0.26219079320156363,-0.20070034495295755,-0.1785901133757462,-0.15631339825045992,-0.3423368460633143,-1.3656510543997158,-0.5806749931798404,0,0,0,0,1
0.18253062111286533,3.8264476434037094,0.1942970336988649,2.2048100809946956,0.16241636082059718,0.7378433782294253,2.5959602411563623,-0.14065910067878543,2.2012895368956107,3.2864417308981912,-0.2577765978919532,0.1155215309983005,-0.04745894316795738,0.0939152646880647,4.515789442502347,-0.21212914868254004,2.6908156526171876,0,1,0,0,1
0.35831394923471216,2.058397328063031,0.3788717039529506,3.7479842409209922,0.06777787161535676,0.2485395926496799,2.3040149861711368,-0.14012097257365608,1.7166525549698735,1.5071601983989424,-0.2625060928665358,0.1812219984289502,0.6235349495595923,0.14878742136205314,1.219935378421431,-0.2198381389190103,1.6954617613779992,0,1,0,1,1
-0.19476042461207432,-0.48317500023919485,-0.17055987261735106,-0.8815382388578968,-0.2638969689981643,-0.20558895027002919,-0.3796586890549739,-0.13820779766135657,-0.5693651455269977,-0.547929868847325,-0.2549389009072036,-0.19087597599136505,-0.17260201679678724,-0.15631339825045992,-0.3423368460633143,-1.0066101876015525,-0.5806749931798404,0,1,0,0,1
-0.09186286668709079,1.3953784598102765,-0.07612632039433047,0.6616359210683995,-0.047660391990502045,-0.12011629181709581,0.28804219796031977,-0.13992504293865088,1.350766464188756,2.0256978347298324,-0.25856484705438365,-0.14421022342380077,-0.132939752881073,-0.10428901913024549,1.1250101846865206,-0.29552275660519023,1.6546078951866383,0,0,0,0,0
-0.16474863688395414,-0.26216871082161,-0.17914474100126204,-0.8815382388578968,-0.13166818391334456,-0.20558761228664577,-0.36505811320564635,-0.1415403388984309,-0.5693651455269977,-0.547929868847325,-0.2552542005721758,-0.20499850637365424,-0.16553243556572014,-0.15631339825045992,-0.3423368460633143,0.7885941463892636,-0.5806749931798404,0,1,0,0,0
9.970660818726925,-0.48317500023919485,9.968169688781497,-0.8815382388578968,-0.3321674180248928,-0.20558821842108513,-0.38268734831498646,8.420853073636165,3.583584332177866,-0.547929868847325,-0.25824954738941147,9.952784976852874,3.4675085478323613,9.708004282114695,-0.3423368460633143,-0.1889541595584381,2.1293878979226872,0,0,0,2,0
0.3025777720253461,1.1743721703926917,0.30160788849775194,0.6616359210683995,0.2029794531003011,0.11075438304045992,3.1109244253030366,-0.14054989134856044,2.6653754936328387,1.3335240333676979,-0.25509655073968973,0.6325289476021049,-0.058096749497527946,0.2169792610054977,0.6111795698919767,-0.18216681791611508,2.2482920098998815,0,1,0,0,0
-0.20762261935269727,-0.26216871082161,-0.1834371751932175,-0.8815382388578968,-0.1790068185485679,-0.20558739404152757,-0.3790947210686341,-0.1415403388984309,-0.5693651455269977,-0.547929868847325,-0.2598260457142723,-0.18719183763076788,-0.17782175493254546,-0.15631339825045992,-0.3423368460633143,-1.8226121575973782,-0.5806749931798404,0,0,0,0,1
-0.17761083162457708,-0.26216871082161,-0.17914474100126204,0.6616359210683995,-0.20477603575906494,-0.20558702237553655,-0.3743210369663116,-0.1378851053381943,-0.5693651455269977,-0.547929868847325,-0.2602989952117306,-0.2080686216741519,-0.16156157094904977,-0.15631339825045992,-0.3423368460633143,0.05419237339302063,-0.5806749931798404,0,1,0,0,1
-0.19047302636520003,-0.48317500023919485,-0.17485230680930655,0.6616359210683995,-0.15845210571817894,-0.2055872202195334,-0.3799149870644094,-0.13883669490457853,-0.5693651455269977,-0.547929868847325,-0.25935309621681407,-0.1650870074671848,-0.1697609999582935,-0.15631339825045992,-0.3423368460633143,-0.7781296360027213,-0.5806749931798404,0,1,0,0,0
-0.16903603513082843,-0.3726718555304024,-0.17914474100126204,-0.8815382388578968,-0.1321415765216984,-0.205588040661902,-0.37049532174497035,-0.1415403388984309,-0.5693651455269977,-0.547929868847325,-0.2609295945416749,-0.20622655249385333,-0.15322081377400257,-0.15631339825045992,-0.3423368460633143,0.543793555390516,-0.5806749931798404,0,1,0,0,1
-0.17761083162457708,-0.48317500023919485,-0.17055987261735106,0.6616359210683995,-0.09881939313092541,-0.20558683336222466,-0.36668916123118533,-0.14003349209181504,-0.5693651455269977,-0.547929868847325,-0.2601413453792445,-0.20499850637365424,-0.1620616445456881,-0.15631339825045992,-0.3423368460633143,-0.3538086116048921,-0.5806749931798404,0,0,0,0,1
-0.19476042461207432,-0.3726718555304024,-0.17055987261735106,0.6616359210683995,-0.18604042305770213,-0.2055880015650227,-0.3775526505469661,-0.14000409358891544,-0.5693651455269977,-0.547929868847325,-0.25998369554675843,-0.19394609129186272,-0.17136168524413486,-0.15631339825045992,-0.3423368460633143,-1.0066101876015525,-0.5806749931798404,0,0,0,0,0
-0.19904782285894865,-0.26216871082161,-0.17055987261735106,-0.8815382388578968,-0.2574235731843229,-0.2055872662080587,-0.3859663782142741,-0.13866585331665857,-0.5693651455269977,-0.547929868847325,-0.2614025440391332,-0.20070034495295755,-0.1735716718283139,-0.15631339825045992,-0.3423368460633143,-1.1698105816007176,-0.5806749931798404,0,0,0,0,1
-0.16903603513082843,-0.26216871082161,-0.1662674384253956,-0.8815382388578968,0.10494841344255898,-0.15761985619823354,-0.20612757194756826,-0.1398595282391151,0.3241392820758856,0.06294707246121807,-0.2588801467193558,-0.1368419467026064,-0.1614840460917344,-0.1509336729057091,-0.2842885338995967,-0.19060821760572702,0.23554641556043382,0,1,0,0,0
-0.16474863688395414,-0.26216871082161,-0.15339013584952915,0.6616359210683995,-0.034606380604806565,-0.1704546728079915,-0.22494276070064376,-0.1393861400446487,0.5457663290815474,0.10640419518054889,-0.2566730490645506,-0.1368419467026064,-0.16396011119708537,-0.146242209673182,-0.2801590399626589,-0.3864486904047251,0.39675837723018886,0,1,0,0,1
-0.19476042461207432,-0.26216871082161,-0.17055987261735106,0.6616359210683995,-0.16192613265880676,-0.2055887189435073,-0.3603025337386105,-0.1398475521973456,-0.5693651455269977,-0.547929868847325,-0.26219079320156363,-0.16999919194798102,-0.1685532302808816,-0.15631339825045992,-0.3423368460633143,-1.0066101876015525,-0.5806749931798404,0,1,0,0,0
-0.19047302636520003,-0.26216871082161,-0.17055987261735106,0.6616359210683995,-0.26550186358291006,-0.20558864294098197,-0.366154232445691,-0.1415403388984309,-0.5693651455269977,-0.547929868847325,-0.2598260457142723,-0.20315643719335566,-0.16932158872408232,-0.15631339825045992,-0.3423368460633143,-0.8434097936023875,-0.5806749931798404,0,1,0,0,0
-0.1518864421433312,-0.3726718555304024,-0.1834371751932175,0.6616359210683995,-0.1752099212414769,-0.20558800530916674,-0.37249148998025816,-0.1363765553531359,-0.5693651455269977,-0.547929868847325,-0.2604566450442167,-0.17368333030857822,-0.14594934897337047,-0.15631339825045992,-0.3423368460633143,2.420598086380915,-0.5806749931798404,0,0,0,0,0
-0.18189822987145138,-0.3726718555304024,-0.1834371751932175,0.6616359210683995,-0.22850637222497508,-0.2055882545331124,-0.3770077355356428,-0.13895679396836255,-0.5693651455269977,-0.547929868847325,-0.2609295945416749,-0.16815712276768244,-0.16194261008299315,-0.15631339825045992,-0.3423368460633143,0.13579257039260312,-0.5806749931798404,0,1,0,0,1
2.4591390902031263,3.4949382092773327,2.396315774172027,0.6616359210683995,-0.31145798384384626,-0.20423921323864347,0.6130306597769073,-0.11739695182517801,3.427290525596851,2.790612807000598,-0.25951074604930013,2.4174939833114393,1.0499010913892375,2.262075776966005,3.570333562460267,-0.16466908213566114,3.301616256755271,0,0,0,1,1
-0.19904782285894865,-0.48317500023919485,-0.17485230680930655,-0.8815382388578968,-0.33224717778067014,-0.2055894715356195,-0.39644902136256227,-0.1415403388984309,-0.5693651455269977,-0.547929868847325,-0.25730364839449493,-0.20131436801305708,-0.1735716718283139,-0.15631339825045992,-0.3423368460633143,-1.1698105816007176,-0.5806749931798404,0,0,0,0,1
0.3197273650128433,1.0638690256838992,0.2973154543057964,0.6616359210683995,0.20196652296336803,0.14421859416293553,3.9391053893468864,-0.1400888886562567,1.8481875146028721,1.3467858789240406,-0.25698834872952275,0.6325289476021049,-0.021591371409842637,0.12024887654921822,0.5578857990454367,-0.1395193986146841,1.7200866742987493,0,1,0,0,0
-0.16474863688395414,-0.26216871082161,-0.17485230680930655,0.6616359210683995,-0.2496269114405091,-0.20558793974898076,-0.39284524373426094,-0.13915093712439064,-0.5693651455269977,-0.547929868847325,-0.2560424497346062,-0.10491274757743084,-0.16472877982470777,-0.15631339825045992,-0.3423368460633143,0.39691320079126746,-0.5806749931798404,0,0,0,0,1
-0.14331164564958257,-0.04116242140402514,-0.15339013584952915,0.6616359210683995,-0.12494023092009483,-0.18976255469175585,-0.2697968961357118,-0.1395006855088337,0.49746545359706906,0.7146931861404531,-0.2590377965518419,-0.18227965314997163,-0.1503994696697509,-0.14667843377458006,-0.14236984702518252,0.1031524915927702,0.5974043598988557,0,0,0,0,0
-0.17332343337770276,-0.48317500023919485,-0.17485230680930655,0.6616359210683995,-0.3223492809300287,-0.2055894715356195,-0.39575313484657,-0.055752459466908065,-0.19424831856781208,-0.547929868847325,-0.25951074604930013,-0.1816656300898721,-0.16173161282943438,-0.1548076974474254,-0.3423368460633143,0.005232255193271058,-0.3358874757713605,0,0,0,0,1
-0.19904782285894865,-0.26216871082161,-0.17055987261735106,0.6616359210683995,-0.18873706344334373,-0.20558842307809808,-0.3763568558597571,-0.13463029768816184,-0.5693651455269977,-0.547929868847325,-0.2598260457142723,-0.18719183763076788,-0.1735716718283139,-0.15631339825045992,-0.3423368460633143,-1.1698105816007176,-0.5806749931798404,0,1,0,0,0
-0.18189822987145138,-0.26216871082161,-0.1662674384253956,-0.8815382388578968,-0.31924412807053837,-0.2055894715356195,-0.395422408414415,-0.049963758547659144,-0.22551744957323414,-0.547929868847325,-0.2602989952117306,-0.1816656300898721,-0.1639635911249026,-0.1542431162154628,-0.3423368460633143,-0.6102663736035802,-0.35629256666633813,0,0,0,0,0
-0.13044945090895962,0.511353302139937,-0.13192796488975173,0.6616359210683995,2.609648874570602,4.982410941516884,2.6555214191358827,-0.14135049268977026,0.9125734366174647,1.49127126788142,-0.25588479990212015,-0.15403459238539324,-0.15623255460987417,-0.1354938939391021,0.30357711873553267,-0.125328060006061,1.1646848259627725,0,1,0,0,1
-0.16903603513082843,-0.3726718555304024,-0.1662674384253956,0.6616359210683995,-0.31829329676067336,-0.2055894715356195,-0.39562233729906915,-0.04990996196585097,-0.1287300440139968,-0.547929868847325,-0.25919544638432795,-0.1816656300898721,-0.16067865181722601,-0.1536603662674445,-0.3423368460633143,-0.19060821760572702,-0.2931326468213367,0,1,0,0,0
0.43119971943157553,1.0638690256838992,0.43467334844837185,2.2048100809946956,-0.27431355531491064,-0.19854692167076243,0.23069845716798631,-0.13258167393757758,2.3040903362122056,1.3835272270457208,-0.25462360124223143,0.8443669033364428,-0.03586285797930118,0.26467436585894133,0.5753424511210131,-0.19060821760572702,2.031615228897034,0,0,0,0,1
-0.17761083162457708,-0.48317500023919485,-0.187729609385173,0.6616359210683995,-0.17168285892387386,-0.20558657056092614,-0.3726203888766173,-0.13922771326779848,-0.5693651455269977,-0.547929868847325,-0.2563577493995784,-0.20622655249385333,-0.16781466061197797,-0.15631339825045992,-0.3423368460633143,1.2781953283867589,-0.5806749931798404,0,1,0,0,1
-0.16474863688395414,-0.3726718555304024,-0.17055987261735106,0.6616359210683995,-0.013951597228043702,-0.20558726979058897,-0.3734135205656015,-0.1415403388984309,-0.5693651455269977,-0.547929868847325,-0.25935309621681407,-0.16815712276768244,-0.15832898434823234,-0.15631339825045992,-0.3423368460633143,0.13579257039260312,-0.5806749931798404,0,0,0,0,1
-0.1518864421433312,-0.26216871082161,-0.17485230680930655,0.6616359210683995,-0.07366718050701127,-0.205587456818735,-0.38437713626223896,-0.1371784954593101,-0.5693651455269977,-0.547929868847325,-0.2590377965518419,-0.1835076992701707,-0.15396442384799136,-0.15631339825045992,-0.3423368460633143,0.9844346191882619,-0.5806749931798404,0,1,0,0,0
-0.19904782285894865,-0.48317500023919485,-0.17055987261735106,0.6616359210683995,-0.301489995764412,-0.20558856744677015,-0.3736642991782376,-0.1415403388984309,-0.5693651455269977,-0.547929868847325,-0.25478125107471755,-0.19394609129186272,-0.1735716718283139,-0.15631339825045992,-0.3423368460633143,-1.1698105816007176,-0.5806749931798404,0,1,0,0,1
0.19110541760661395,3.715944498694917,0.21146677046668683,0.6616359210683995,0.1976297567448049,0.9079573849417469,2.4292814349406724,-0.14063201457678598,1.7665051455668526,3.3703085703156805,-0.2554118504046619,0.1155215309983005,-0.0804324316186255,0.06402425585450564,4.497938608262474,-0.23183779082656875,2.4391006819754595,0,0,0,0,0
-0.16903603513082843,-0.26216871082161,-0.17055987261735106,-0.8815382388578968,-0.24484709132322732,-0.20558771217688085,-0.3913116995852933,-0.13898854327543225,-0.5693651455269977,-0.547929868847325,-0.25840719722189753,-0.10491274757743084,-0.16251963516007534,-0.15631339825045992,-0.3423368460633143,-0.027407823606561847,-0.5806749931798404,0,0,0,0,1
-0.1561738403902055,-0.3726718555304024,-0.17055987261735106,0.6616359210683995,-0.2052341429355036,-0.20558707943669055,-0.3760461286761314,-0.13992494161019683,-0.5693651455269977,-0.547929868847325,-0.2614025440391332,-0.19394609129186272,-0.13905356711600642,-0.15631339825045992,-0.3423368460633143,0.46219335839093345,-0.5806749931798404,0,0,0,0,0
-0.1604612386370798,-0.48317500023919485,-0.17055987261735106,-0.8815382388578968,-0.26102083342903987,-0.20558723988892474,-0.3820195757230693,-0.1379964416126801,-0.5693651455269977,-0.547929868847325,-0.2560424497346062,-0.20070034495295755,-0.163623418324257,-0.15631339825045992,-0.3423368460633143,0.2989929643917683,-0.5806749931798404,0,0,0,0,1
-0.16903603513082843,-0.3726718555304024,-0.17914474100126204,-0.8815382388578968,-0.33224717778067014,-0.2055894715356195,-0.39644902136256227,-0.1415403388984309,-0.5693651455269977,-0.547929868847325,-0.2623484430340497,-0.19026195293126552,-0.13493551701971285,-0.15631339825045992,-0.3423368460633143,0.543793555390516,-0.5806749931798404,0,1,0,0,0
-0.19047302636520003,-0.3726718555304024,-0.187729609385173,-0.8815382388578968,-0.15943653457543572,-0.20558691263192913,-0.37751640641630047,-0.1415403388984309,-0.5693651455269977,-0.547929868847325,-0.25462360124223143,-0.2080686216741519,-0.1716980825242457,-0.15631339825045992,-0.3423368460633143,-0.19060821760572702,-0.5806749931798404,0,1,0,0,1
-0.14759904389645687,-0.48317500023919485,-0.17914474100126204,-0.8815382388578968,-0.043905899181988756,-0.2055890347946295,-0.3867064703696921,-0.13011403905807337,-0.5693651455269977,-0.547929868847325,-0.2602989952117306,-0.17491137642877727,-0.14474742971808002,-0.15631339825045992,-0.3423368460633143,1.7677965103842541,-0.5806749931798404,0,0,0,0,0
-0.20762261935269727,-0.48317500023919485,-0.17914474100126204,-0.8815382388578968,-0.13416454568786043,-0.2055871056995301,-0.38188653119471305,-0.1415403388984309,-0.5693651455269977,-0.547929868847325,-0.2617178437041054,-0.17859551478937447,-0.18146035164484836,-0.15631339825045992,-0.3423368460633143,-1.6594117635982129,-0.5806749931798404,0,0,0,0,0
-0.1604612386370798,-0.48317500023919485,-0.17485230680930655,-0.8815382388578968,-0.23632568181793978,-0.20558856587012939,-0.3659449255523886,-0.1415403388984309,-0.5693651455269977,-0.547929868847325,-0.2588801467193558,-0.10491274757743084,-0.15803043873842595,-0.15631339825045992,-0.3423368460633143,0.5927536735902655,-0.5806749931798404,0,0,0,0,0
-0.17761083162457708,-0.26216871082161,-0.1834371751932175,-0.8815382388578968,-0.31932782312263913,-0.2055894715356195,-0.39559689043126467,-0.046342720484170694,-0.16820731694541388,-0.547929868847325,-0.2609295945416749,-0.1816656300898721,-0.15903534464666294,-0.15550828418834856,-0.3423368460633143,0.46219335839093345,-0.31889407083762067,0,1,0,0,0
-0.18189822987145138,-0.48317500023919485,-0.187729609385173,-0.8815382388578968,-0.24975751768128893,-0.20558876389515632,-0.3618035407510478,-0.1415403388984309,-0.5693651455269977,-0.547929868847325,-0.2612448942066471,-0.10491274757743084,-0.16057582515700047,-0.15631339825045992,-0.3423368460633143,0.7885941463892636,-0.5806749931798404,0,0,0,0,1
-0.1861856281183257,-0.3726718555304024,-0.17914474100126204,-0.8815382388578968,-0.31331727236185714,-0.20558884079347622,-0.36381671863479614,-0.13692587172063816,-0.5693651455269977,-0.547929868847325,-0.26077194470918885,-0.21113873697464955,-0.1652856022291813,-0.15631339825045992,-0.3423368460633143,-0.4354088086044747,-0.5806749931798404,0,1,0,0,1
-0.1518864421433312,-0.48317500023919485,-0.17485230680930655,-0.8815382388578968,-0.11868510531433643,-0.20558880313359051,-0.3760402376652801,-0.13547579978051635,-0.5693651455269977,-0.547929868847325,-0.2625060928665358,-0.18719183763076788,-0.10612418848010644,-0.15631339825045992,-0.3423368460633143,0.9844346191882619,-0.5806749931798404,0,1,0,0,1
-0.17761083162457708,-0.3726718555304024,-0.17914474100126204,-0.8815382388578968,-0.24170125431162273,-0.2055877304429359,-0.3929405575607471,-0.13889145552885596,-0.5693651455269977,-0.547929868847325,-0.25966839588178625,-0.10491274757743084,-0.1633397475135306,-0.15631339825045992,-0.3423368460633143,0.05419237339302063,-0.5806749931798404,0,0,0,0,1
-0.19476042461207432,-0.26216871082161,-0.187729609385173,-0.8815382388578968,-0.21655777197379875,-0.20558854012507308,-0.371956755212036,-0.13949679336595072,-0.5693651455269977,-0.547929868847325,-0.2612448942066471,-0.16999919194798102,-0.17032271016048556,-0.15631339825045992,-0.3423368460633143,-0.6802093996032224,-0.5806749931798404,0,0,0,0,1
-0.16474863688395414,-0.26216871082161,-0.187729609385173,0.6616359210683995,-0.2607249574889802,-0.2055888649480948,-0.3734936455620753,-0.14020104917681236,-0.5693651455269977,-0.547929868847325,-0.2579342477244393,-0.16999919194798102,-0.16193751185338098,-0.15631339825045992,-0.3423368460633143,2.7469988743792446,-0.5806749931798404,0,1,0,0,1
-0.20333522110582294,-0.26216871082161,-0.17914474100126204,0.6616359210683995,-0.1338605276188088,-0.20558679651261924,-0.3740276066206942,-0.1403825525180406,-0.5693651455269977,-0.547929868847325,-0.2598260457142723,-0.20499850637365424,-0.1756967133804297,-0.15631339825045992,-0.3423368460633143,-1.4146111725994652,-0.5806749931798404,0,0,0,0,0
-0.08328807019334215,0.6218564468487294,-0.08900362297019691,3.7479842409209922,0.08371633856317709,-0.07264209244563526,0.11855450835231808,-0.1401772336908593,0.9893106614679449,2.040090025547292,-0.26219079320156363,-0.047194579928075006,-0.03807375004764188,-0.11877470237343207,0.5593898041155742,-0.1122720284861277,1.4242281229534823,0,0,0,0,0
0.18253062111286533,3.715944498694917,0.1942970336988649,2.2048100809946956,0.3048308690344365,0.6353833579478699,2.119289026528055,-0.14022897298018328,1.5390973730511561,3.1994308867013053,-0.25730364839449493,0.1155215309983005,-0.05646342200923629,0.03411009993101825,4.286850112620184,-0.21212914868254004,2.2254838860782775,0,1,0,0,1
-0.18189822987145138,-0.26216871082161,-0.1834371751932175,0.6616359210683995,-0.29764231964518506,-0.20558871315780672,-0.37429330443448056,-0.1397720450738336,-0.5693651455269977,-0.547929868847325,-0.257461298226981,-0.1712272380681801,-0.168180058885847,-0.15631339825045992,-0.3423368460633143,0.13579257039260312,-0.5806749931798404,0,0,0,0,0
-0.13473684915583392,-0.04116242140402514,-0.13192796488975173,-0.8815382388578968,-0.32230526265833975,-0.2055563073222411,-0.38445080180857116,-0.09513677800267095,0.8231320105570122,0.4098030185181021,-0.2612448942066471,-0.11719320877942144,-0.1248372468108886,-0.13675044139519504,-0.19065660340495152,-0.19060821760572702,0.6935551564968877,0,1,0,0,1
-0.1604612386370798,-0.48317500023919485,-0.17055987261735106,-0.8815382388578968,-0.2030071712639752,-0.20558744158497966,-0.38986209239485536,-0.1415403388984309,-0.5693651455269977,-0.547929868847325,-0.2602989952117306,-0.17368333030857822,-0.15195349024563848,-0.15631339825045992,-0.3423368460633143,0.2989929643917683,-0.5806749931798404,0,0,0,0,1
-0.1861856281183257,-0.48317500023919485,-0.17485230680930655,0.6616359210683995,-0.07273460287483498,-0.2055869963402415,-0.3794864529329835,-0.13938339471772496,-0.5693651455269977,-0.547929868847325,-0.26313669219648017,-0.20684057555395285,-0.14050997884307054,-0.15631339825045992,-0.3423368460633143,-0.5822891632037233,-0.5806749931798404,0,1,0,0,1
-0.1604612386370798,-0.3726718555304024,-0.17485230680930655,-0.8815382388578968,-0.04043113650159169,-0.205587707783546,-0.38639926432701116,-0.1415403388984309,-0.5693651455269977,-0.547929868847325,-0.2615601938716193,-0.19087597599136505,-0.14043658995742075,-0.15631339825045992,-0.3423368460633143,0.5927536735902655,-0.5806749931798404,0,0,0,0,1
-0.1561738403902055,-0.26216871082161,-0.17055987261735106,-0.8815382388578968,-0.3069652787500223,-0.20558848343092348,-0.3687808430984819,-0.13968355976891084,-0.5693651455269977,-0.547929868847325,-0.2601413453792445,-0.1712272380681801,-0.15055161726306235,-0.15631339825045992,-0.3423368460633143,0.46219335839093345,-0.5806749931798404,0,1,0,0,1
-0.16903603513082843,-0.3726718555304024,-0.17055987261735106,0.6616359210683995,-0.04929783285733884,-0.20558777736290673,-0.3859935346250478,-0.13720967307113513,-0.5693651455269977,-0.547929868847325,-0.2612448942066471,-0.1835076992701707,-0.15082894015351542,-0.15631339825045992,-0.3423368460633143,-0.027407823606561847,-0.5806749931798404,0,0,0,0,0
-0.08757546844021648,0.7323595915575218,-0.10188092554606336,-0.8815382388578968,1.5141376972827094,2.061262775270989,2.290602357232209,-0.14136546853209644,0.7978443184481552,1.685381295742012,-0.2604566450442167,-0.10122860921683366,-0.10828254508026586,-0.12750185672702205,0.5065407911452496,-0.012571424152092305,1.163902681939271,0,1,0,0,1
-0.20333522110582294,-0.48317500023919485,-0.187729609385173,-0.8815382388578968,-0.17349243444002585,-0.20558774722285458,-0.3814272219675528,-0.1374312689962059,-0.5693651455269977,-0.547929868847325,-0.2609295945416749,-0.1650870074671848,-0.1764789372646441,-0.15631339825045992,-0.3423368460633143,-1.6594117635982129,-0.5806749931798404,0,1,0,0,1
-0.19047302636520003,-0.26216871082161,-0.187729609385173,-0.8815382388578968,-0.18280743940433802,-0.20558767407536957,-0.3821632742342649,-0.13727020638743515,-0.5693651455269977,-0.547929868847325,-0.2565153992320645,-0.1650870074671848,-0.17121988886989295,-0.15631339825045992,-0.3423368460633143,-0.19060821760572702,-0.5806749931798404,0,1,0,0,0
-0.19476042461207432,-0.3726718555304024,-0.17485230680930655,-0.8815382388578968,-0.08493594781486279,-0.2055886624573548,-0.3709971713046163,-0.13954925356096848,-0.5693651455269977,-0.547929868847325,-0.2549389009072036,-0.17859551478937447,-0.17260201679678724,-0.15631339825045992,-0.3423368460633143,-0.9739701088017195,-0.5806749931798404,0,1,0,0,0
-0.16903603513082843,-0.3726718555304024,-0.1834371751932175,0.6616359210683995,-0.33224717778067014,-0.2055894715356195,-0.39644902136256227,-0.1415403388984309,-0.5693651455269977,-0.547929868847325,-0.26297904236399405,-0.19026195293126552,-0.10924943072036586,-0.15631339825045992,-0.3423368460633143,1.114994934387594,-0.5806749931798404,0,0,0,0,1
-0.20762261935269727,-0.48317500023919485,-0.17055987261735106,-0.8815382388578968,-0.15329163702808396,-0.2055872004685579,-0.3746630009450335,-0.1415403388984309,-0.5693651455269977,-0.547929868847325,-0.26313669219648017,-0.20868264473425144,-0.1956128004851428,-0.15631339825045992,-0.3423368460633143,-1.4962113695990478,-0.5806749931798404,0,1,0,0,0
-0.1861856281183257,-0.48317500023919485,-0.1834371751932175,-0.8815382388578968,-0.2579763950171066,-0.2055880457738542,-0.39137250968706233,-0.13877517388601693,-0.5693651455269977,-0.547929868847325,-0.25588479990212015,-0.10491274757743084,-0.17032058734985644,-0.15631339825045992,-0.3423368460633143,-0.19060821760572702,-0.5806749931798404,0,0,0,0,0
-0.20333522110582294,-0.3726718555304024,-0.187729609385173,-0.8815382388578968,-0.03856231499905718,-0.20558813602701673,-0.3850879177245602,-0.1415403388984309,-0.5693651455269977,-0.547929868847325,-0.257461298226981,-0.19087597599136505,-0.1749195750639306,-0.15631339825045992,-0.3423368460633143,-1.6594117635982129,-0.5806749931798404,0,0,0,0,0
-0.17332343337770276,-0.48317500023919485,-0.17055987261735106,-0.8815382388578968,-0.15383303868233153,-0.20558687728405664,-0.3645819949674472,-0.13879419271064944,-0.5693651455269977,-0.547929868847325,-0.2623484430340497,-0.2080686216741519,-0.14045496770665586,-0.15631339825045992,-0.3423368460633143,-0.19060821760572702,-0.5806749931798404,0,1,0,0,1
0.10535745266912766,2.3899067621894083,0.11274078405171073,-0.8815382388578968,0.21202525661383106,0.5721060489895192,1.914693579116415,-0.14056779415248208,1.539064368393821,1.9977795518412933,-0.2614025440391332,0.03938267154595875,0.07150687162906921,-0.006092767855735938,1.8348073972983039,-0.20420825043899074,1.7668286608684,0,1,0,0,0
-0.1561738403902055,-0.48317500023919485,-0.187729609385173,0.6616359210683995,-0.227572044717084,-0.20558733263317477,-0.39165268057713415,-0.13961596584969602,-0.5693651455269977,-0.547929868847325,-0.2577765978919532,-0.10491274757743084,-0.15940170231591427,-0.15631339825045992,-0.3423368460633143,3.726201238374235,-0.5806749931798404,0,0,0,0,0
0.21682980708785984,1.8373910386454462,0.19858946789082038,0.6616359210683995,0.11499313727422589,0.28168739100998386,2.3181153035890207,-0.14069835435412875,1.5526004116199132,2.316966886802581,-0.2623484430340497,0.2278877509965145,0.36181504480515797,0.037458978949333366,1.6540572003470948,-0.13739069782339056,1.8974858642177619,0,0,0,1,0
-0.1604612386370798,-0.48317500023919485,-0.17914474100126204,-0.8815382388578968,-0.23694502345458707,-0.20558833648067978,-0.37337088258028,-0.13531904579660373,-0.5693651455269977,-0.547929868847325,-0.26329434202896623,-0.20254241413325613,-0.04969321221970503,-0.15631339825045992,-0.3423368460633143,1.0333947373880112,-0.5806749931798404,0,0,0,0,1
-0.16474863688395414,-0.48317500023919485,-0.1834371751932175,-0.8815382388578968,-0.16249785458968205,-0.20558652883166054,-0.3822073164986432,-0.1415403388984309,-0.5693651455269977,-0.547929868847325,-0.25462360124223143,-0.18719183763076788,-0.1660773146120411,-0.15631339825045992,-0.3423368460633143,1.441395722385924,-0.5806749931798404,0,0,0,0,0
-0.1604612386370798,-0.3726718555304024,-0.187729609385173,-0.8815382388578968,-0.2585636730079552,-0.20558660900388462,-0.3838282849183225,-0.13798276204063292,-0.5693651455269977,-0.547929868847325,-0.2560424497346062,-0.20070034495295755,-0.163623418324257,-0.15631339825045992,-0.3423368460633143,3.23660005637674,-0.5806749931798404,0,0,0,0,1
-0.16474863688395414,-0.3726718555304024,-0.187729609385173,-0.8815382388578968,-0.28191579111815074,-0.20558875787192968,-0.38002711830987435,-0.13993448474089526,-0.5693651455269977,-0.547929868847325,-0.2566730490645506,-0.2037704602534552,-0.16396011119708537,-0.15631339825045992,-0.3423368460633143,2.7469988743792446,-0.5806749931798404,0,1,0,0,1
-0.19904782285894865,-0.48317500023919485,-0.1834371751932175,0.6616359210683995,-0.09385330147293292,-0.20558748890174988,-0.3837337538617477,-0.1415403388984309,-0.5693651455269977,-0.547929868847325,-0.25478125107471755,-0.17859551478937447,-0.1735716718283139,-0.15631339825045992,-0.3423368460633143,-1.1698105816007176,-0.5806749931798404,0,0,0,0,0
-0.1604612386370798,-0.26216871082161,-0.187729609385173,-0.8815382388578968,-0.2844620078410921,-0.20558895626504495,-0.37535575563220713,-0.13773368046781648,-0.5693651455269977,-0.547929868847325,-0.2602989952117306,-0.19087597599136505,-0.15195349024563848,-0.15631339825045992,-0.3423368460633143,3.23660005637674,-0.5806749931798404,0,0,0,0,1
-0.19476042461207432,-0.48317500023919485,-0.17485230680930655,-0.8815382388578968,-0.3021852542249354,-0.20558908474179685,-0.36237926912651,-0.1366946435196547,-0.5693651455269977,-0.547929868847325,-0.26077194470918885,-0.21113873697464955,-0.17080964862860304,-0.15631339825045992,-0.3423368460633143,-0.9739701088017195,-0.5806749931798404,0,0,0,0,1
-0.19047302636520003,-0.3726718555304024,-0.17914474100126204,0.6616359210683995,-0.11005382670564393,-0.205588295648085,-0.37067868369247553,-0.1415403388984309,-0.5693651455269977,-0.547929868847325,-0.2576189480594671,-0.21543689839534627,-0.17080849826492134,-0.15631339825045992,-0.3423368460633143,-0.6802093996032224,-0.5806749931798404,0,1,0,0,1
0.43548711767844983,1.0638690256838992,0.42608848006446093,0.6616359210683995,-0.28498407748001625,-0.19961958374174854,0.25071990659201215,-0.1301155504029887,1.8273590973362712,1.7979770225185723,-0.26077194470918885,0.8443669033364428,0.23520776172889407,0.190018669201342,0.7722569970544606,-0.17034885835065822,1.8787007181868716,0,1,0,1,1
