failed_attempts,num_target_servers,num_source_ports,ssh_client_diversity,avg_time_between_attempts,time_variance,total_duration_minutes,attempts_per_minute,port_entropy,target_entropy,session_duration,failures_per_ip,attempts_frequency,port_variability,target_diversity_ratio,attempts_efficiency,global_entropy,is_night,is_weekend,fail2ban_triggered,speed_category_code,is_attack
-0.205112861302041,-0.4957547715337253,-0.19965976266236785,-0.8767634615311403,-0.2723741600605738,-0.24189687964260612,-0.41199456332863926,-0.14625877273908133,-0.5766411011768886,-0.5583876134771013,1.5519906321829926,-0.21542908437166788,-0.14379550406557773,-0.1653805228952227,-0.36625816899683666,-0.6603220877850006,-0.5901546359208569,0,0,0,0,0
-0.205112861302041,-0.4957547715337253,-0.19965976266236785,-0.8767634615311403,-0.3143708967023475,-0.241898486230874,-0.39878039123699166,-0.14784649872747035,-0.5766411011768886,-0.5583876134771013,0.8708813624681547,-0.18998978570690359,-0.14379373551195362,-0.1653805228952227,-0.36625816899683666,-0.6603220877850006,-0.5901546359208569,0,0,0,0,0
-0.2091507147653422,-0.4957547715337253,-0.19965976266236785,-0.8767634615311403,-0.2001470658525753,-0.24189702269202568,-0.3951690235184749,-0.14967684311202195,-0.5766411011768886,-0.5583876134771013,5.638646250435232,-0.2129350354829655,-0.14379845166177438,-0.1653805228952227,-0.36625816899683666,-1.2074831808630695,-0.5901546359208569,0,0,0,0,0
-0.205112861302041,-0.4957547715337253,-0.19965976266236785,-0.8767634615311403,-0.25415156798386107,-0.24189791765309743,-0.40926086869306283,-0.14798709485470224,-0.5766411011768886,-0.5583876134771013,3.3682820180699578,-0.2144314648161869,-0.14379697786260992,-0.1653805228952227,-0.36625816899683666,-0.6603220877850006,-0.5901546359208569,0,1,0,0,0
-0.2091507147653422,-0.4957547715337253,-0.19965976266236785,-0.8767634615311403,-0.2698870944562943,-0.2418974786623363,-0.41733828325596284,-0.14967684311202195,-0.5766411011768886,-0.5583876134771013,2.687172748360375,-0.21243622570522502,-0.14379845166177438,-0.1653805228952227,-0.36625816899683666,-1.2074831808630695,-0.5901546359208569,0,0,0,0,0
-0.205112861302041,-0.4957547715337253,-0.19965976266236785,-0.8767634615311403,-0.19034586665152267,-0.24189778027699496,-0.4100408705877543,-0.14693082367441776,-0.5766411011768886,-0.5583876134771013,0.8708813624734102,-0.19846955192849167,-0.14379373551195365,-0.1653805228952227,-0.36625816899683666,-0.6603220877850006,-0.5901546359208569,0,0,0,0,0
-0.1606964732057282,0.571950071710715,-0.15520448569885706,0.6784710600318581,2.2725678103673643,6.568591344717476,2.2411977035591955,-0.1494718969249903,0.7929749960968553,1.725354422861465,-0.0560154368722376,-0.19647431281752978,-0.14349001126671118,-0.14966328393691855,0.4330506695404274,-0.1973396244112499,1.1833345400533195,0,0,0,0,1
-0.20107500783873986,-0.4957547715337253,-0.19965976266236785,-0.8767634615311403,-0.2752323853111284,-0.24189838167161573,-0.4166045103191965,-0.14392869018388624,-0.5766411011768886,-0.5583876134771013,5.4116098271987045,-0.19447907370656786,-0.14379656519835263,-0.1653805228952227,-0.36625816899683666,-0.11316099470693164,-0.5901546359208569,0,0,0,0,0
1.539239834844063,2.7073597581995954,1.5300546500996886,0.6784710600318581,-0.3397015002327612,-0.24182182016649528,-0.30477614479055093,0.016450308143377126,2.762333521458193,2.4728535448034115,-0.25502894358515066,2.1668864141168482,0.10615229490656372,1.2044491475778922,2.6397193587462873,-0.10552618875700517,2.748619804887128,0,1,0,1,1
-0.156658619742427,0.08662968841778755,-0.15116309688399246,0.6784710600318581,-0.12501194857953588,-0.18952395861630894,-0.18146861124757968,-0.14723140046998742,0.8370924605933205,1.2108861694355222,-0.24539024887908545,-0.17552430215242976,-0.1401185685490464,-0.1478050475878658,-0.0050318333817629115,-0.19132686514665576,1.0121372484373259,0,0,0,0,1
-0.205112861302041,-0.4957547715337253,-0.19965976266236785,-0.8767634615311403,-0.3426658215771857,-0.24189923407217187,-0.42339013519811286,-0.14967684311202195,-0.5766411011768886,-0.5583876134771013,-0.26430075373813255,-0.21143860614974405,1.8935829870966607,-0.1653805228952227,-0.36625816899683666,-0.6603220877850006,-0.5901546359208569,0,0,0,1,0
-0.18492359398553518,-0.30162661821655434,-0.17945281858804477,-0.8767634615311403,-0.05790795745342812,-0.22789503144188158,-0.29151206149127484,-0.14760638097144574,0.41093024751211277,0.45128696141428637,-0.2539921176418468,-0.20545288881685833,-0.14068319746196892,-0.15971400988233667,-0.2779117403158045,-0.26949273558638,0.44128109781337177,0,0,0,0,1
-0.20107500783873986,-0.4957547715337253,-0.19965976266236785,-0.8767634615311403,-0.29373884578496534,-0.24189756357890269,-0.3952568554856612,-0.1457404713872138,-0.5766411011768886,-0.5583876134771013,2.914209171596903,-0.17951478037435356,-0.14379508297831806,-0.1653805228952227,-0.36625816899683666,-0.11316099470693164,-0.5901546359208569,0,0,0,0,0
-0.20107500783873986,-0.4957547715337253,-0.19561837384750325,-0.8767634615311403,-0.3332114200257029,-0.24189923407217187,-0.42251442399142747,-0.0457428228940896,-0.19459635259214608,-0.5583876134771013,-0.2642323012049329,-0.19697312259527025,0.0068397312918528075,-0.1646498207398007,-0.36625816899683666,-0.4779350567589777,-0.3428034885075411,0,0,0,0,0
-0.2091507147653422,-0.4957547715337253,-0.19965976266236785,-0.8767634615311403,-0.19727824265071817,-0.2418981146954206,-0.4086800672192256,-0.14967684311202195,-0.5766411011768886,-0.5583876134771013,0.4168085159924719,-0.2129350354829655,-0.14379845166177438,-0.1653805228952227,-0.36625816899683666,-1.2074831808630695,-0.5901546359208569,0,1,0,0,0
2.266053458238273,2.8044238348581807,2.233256303886132,0.6784710600318581,-0.326664763365651,-0.24065635829017645,0.4836510265556404,-0.118921390917361,2.9480599563055,2.5645358247861636,-0.19339922328874057,1.3089335964032283,-0.09751317027320458,1.8671438367317867,2.821722687626689,-0.09685486941652559,2.9044655010403804,0,0,0,0,1
-0.205112861302041,-0.4957547715337253,-0.19965976266236785,-0.8767634615311403,-0.22502666725001588,-0.241897720740166,-0.4024011881908607,-0.1452390124820627,-0.5766411011768886,-0.5583876134771013,1.3249542089385817,-0.19198502481786547,-0.14379508298110302,-0.1653805228952227,-0.36625816899683666,-0.6603220877850006,-0.5901546359208569,0,0,0,0,0
-0.20107500783873986,-0.4957547715337253,-0.19965976266236785,-0.8767634615311403,-0.1523745280808868,-0.24189665064561164,-0.41203174105646134,-0.14539188157402344,-0.5766411011768886,-0.5583876134771013,4.503464134252595,-0.1790159705966131,-0.1437962058721846,-0.1653805228952227,-0.36625816899683666,-0.11316099470693164,-0.5901546359208569,0,0,0,0,0
-0.17684788705893284,-0.20456254155796888,-0.17137004095831554,-0.8767634615311403,-0.3423106660366864,-0.24189922126481805,-0.42315986184340715,1.4313343229784476,0.5694931445773389,0.7156798479700773,-0.26428275374417887,-0.1555719110428107,1.9325138677416844,-0.1566120970301586,-0.21761712772579145,-0.23475234872428036,0.6466011011457224,0,1,0,2,1
2.1085771731695275,4.066256831419792,2.0796835289212767,2.2337055815948563,-0.28608110828808897,-0.17216252431677734,2.5797846343057267,-0.14097883268582917,2.912782964085111,2.3755806034384213,-0.02954879721970919,0.9213583990988781,-0.13070808083360536,1.7199971425997487,3.741292842373739,-0.09769354331249848,2.808257128393601,0,0,0,0,1
-0.205112861302041,-0.4957547715337253,-0.19965976266236785,-0.8767634615311403,-0.22218959335568955,-0.24189862883737398,-0.4041572799995204,-0.14779182541817168,-0.5766411011768886,-0.5583876134771013,1.5519906321751094,-0.19846955192849167,-0.1437955040655777,-0.1653805228952227,-0.36625816899683666,-0.6603220877850006,-0.5901546359208569,0,0,0,0,0
-0.2091507147653422,-0.4957547715337253,-0.19965976266236785,-0.8767634615311403,-0.27185808590190874,-0.24189764524504548,-0.40840536925774584,-0.14967684311202195,-0.5766411011768886,-0.5583876134771013,4.957536980788715,-0.21193741592748455,-0.14379845166177438,-0.1653805228952227,-0.36625816899683666,-1.2074831808630695,-0.5901546359208569,0,1,0,0,0
-0.20107500783873986,-0.39869069487513986,-0.19561837384750325,-0.8767634615311403,6.898353261503599,-0.24189923407217187,0.24730716111907858,-0.14954113929040158,-0.19459635259214608,0.078646117246488,-0.21187373412490543,-0.19048859548464406,-0.14359422746430953,-0.1646498207398007,-0.32909790867907535,-0.4779350567589777,-0.09545234109422522,0,0,0,0,0
-0.205112861302041,-0.4957547715337253,-0.19965976266236785,-0.8767634615311403,-0.29531199238861644,-0.24189867501256707,-0.4100879015040946,-0.14789012473100643,-0.5766411011768886,-0.5583876134771013,3.822354864543013,-0.21093979637200358,-0.14379714161796733,-0.1653805228952227,-0.36625816899683666,-0.6603220877850006,-0.5901546359208569,0,0,0,0,0
-0.205112861302041,-0.4957547715337253,-0.19965976266236785,-0.8767634615311403,-0.18325610375394386,-0.2418986651028373,-0.4185700009997352,-0.14716702276680993,-0.5766411011768886,-0.5583876134771013,5.638646250432605,-0.21991837237133216,-0.14379754470819006,-0.1653805228952227,-0.36625816899683666,-0.6603220877850006,-0.5901546359208569,0,0,0,0,0
-0.18492359398553518,-0.30162661821655434,-0.17945281858804477,-0.8767634615311403,-0.34260557486410376,-0.2418992337326557,-0.42336223345908985,9.636399879817391,0.41093024751211277,0.45128696141428637,-0.2642985727165114,-0.2084457474833012,6.536140100469682,-0.15971400988233667,-0.2779117403158045,-0.26949273558638,0.44128109781337177,0,0,0,2,1
-0.2091507147653422,-0.4957547715337253,-0.19965976266236785,-0.8767634615311403,-0.15890486782480231,-0.24189685749018203,-0.4067537067805412,-0.14967684311202195,-0.5766411011768886,-0.5583876134771013,3.1412455948360574,-0.20495407903911786,-0.14379845166177438,-0.1653805228952227,-0.36625816899683666,-1.2074831808630695,-0.5901546359208569,0,0,0,0,0
-0.2091507147653422,-0.4957547715337253,-0.19965976266236785,-0.8767634615311403,-0.2589175668209209,-0.2418972288203529,-0.402208373146138,-0.14967684311202195,-0.5766411011768886,-0.5583876134771013,2.0060634786481644,-0.22041718214907263,-0.14379845166177438,-0.1653805228952227,-0.36625816899683666,-1.2074831808630695,-0.5901546359208569,0,1,0,0,0
0.3642244770234235,0.6690141483693004,0.3701760602335432,0.6784710600318581,-0.3013846775568703,-0.23634575520676362,0.11574508294358099,-0.13769070492801636,2.154882239538765,1.4193110707625056,-0.22215766949959181,0.13323895026892518,-0.1257604223400872,0.20554730690182765,0.3836184286587427,-0.1208135974073242,1.946255820075047,0,1,0,0,1
-0.2091507147653422,-0.4957547715337253,-0.19965976266236785,-0.8767634615311403,-0.1291731828678362,-0.24189799292026512,-0.4137134206310225,-0.14967684311202195,-0.5766411011768886,-0.5583876134771013,1.551990632177737,-0.19697312259527025,-0.14379845166177438,-0.1653805228952227,-0.36625816899683666,-1.2074831808630695,-0.5901546359208569,0,0,0,0,0
9.340372725941917,-0.4957547715337253,9.354183395677587,-0.8767634615311403,-0.34259902937042297,-0.24189834926701761,-0.4087649176662574,7.2093002127071575,3.7051729710190107,-0.5583876134771013,-0.26315753074877674,9.216565002923002,10.906073362523296,9.518626785685623,-0.36625816899683666,-0.11362351465036201,2.182064136072585,0,1,1,3,1
-0.205112861302041,-0.4957547715337253,-0.19965976266236785,-0.8767634615311403,-0.20787849092216557,-0.24189730649310995,-0.3945875448087599,-0.14625689530510355,-0.5766411011768886,-0.5583876134771013,5.638646250435232,-0.20744812792782025,-0.1437975447081901,-0.1653805228952227,-0.36625816899683666,-0.6603220877850006,-0.5901546359208569,0,0,0,0,0
-0.2091507147653422,-0.4957547715337253,-0.19965976266236785,-0.8767634615311403,-0.268826051229815,-0.2418984776324579,-0.3942173655419315,-0.14967684311202195,-0.5766411011768886,-0.5583876134771013,3.5953184413091126,-0.21792313326037024,-0.14379845166177438,-0.1653805228952227,-0.36625816899683666,-1.2074831808630695,-0.5901546359208569,0,1,0,0,0
-0.18492359398553518,-0.30162661821655434,-0.17945281858804477,-0.8767634615311403,-0.1175494437355454,-0.23046263118437188,-0.31913343846191267,-0.14705784052197232,0.41093024751211277,0.45128696141428637,-0.2561512235161067,-0.21343384526070597,-0.13985811977371373,-0.15971400988233667,-0.2779117403158045,-0.26949273558638,0.44128109781337177,0,1,0,0,1
-0.2091507147653422,-0.4957547715337253,-0.19965976266236785,-0.8767634615311403,-0.20614225349964546,-0.24189740768819892,-0.40555909284990244,-0.14967684311202195,-0.5766411011768886,-0.5583876134771013,5.865682673669132,-0.21343384526070597,-0.14379845166177438,-0.1653805228952227,-0.36625816899683666,-1.2074831808630695,-0.5901546359208569,0,0,0,0,0
0.15425609693176282,1.3484626849793988,0.15598245304571848,-0.8767634615311403,0.09125375398385567,0.29694135203539723,3.153668947159076,-0.14853184430505986,1.8950473995575814,1.8780447461887795,0.015310551837052322,0.18112468893201095,-0.14207524311599953,0.04498758559480889,1.054992486427035,-0.11316099470693164,1.9561480554206356,0,0,0,0,1
-0.20107500783873986,-0.4957547715337253,-0.19965976266236785,-0.8767634615311403,-0.32074290230667846,-0.24189879186103894,-0.395045202460904,-0.14556789925723032,-0.5766411011768886,-0.5583876134771013,3.8223548645403844,-0.21093979637200358,-0.14379583157416032,-0.1653805228952227,-0.36625816899683666,-0.11316099470693164,-0.5901546359208569,0,0,0,0,0
-0.20107500783873986,-0.4957547715337253,-0.19965976266236785,-0.8767634615311403,-0.13155797420754492,-0.2418968451634341,-0.40554386797082725,-0.14548908134642963,-0.5766411011768886,-0.5583876134771013,5.1845734039726885,-0.19697312259527025,-0.14379648659574792,-0.1653805228952227,-0.36625816899683666,-0.11316099470693164,-0.5901546359208569,0,1,0,0,0
-0.205112861302041,-0.4957547715337253,-0.19965976266236785,-0.8767634615311403,-0.3426658215771857,-0.24189923407217187,-0.42339013519811286,-0.14967684311202195,-0.5766411011768886,-0.5583876134771013,-0.26430075373813255,-0.19647431281752978,1.8935829870966607,-0.1653805228952227,-0.36625816899683666,-0.6603220877850006,-0.5901546359208569,0,1,0,1,0
0.44094369282614565,4.066256831419792,0.44696244771597093,-0.8767634615311403,-0.10243616989458974,0.05116058361167655,3.1368021778705297,-0.14761886355650972,2.224097194418055,2.8156451927189026,0.013992111386326576,1.2470811839634093,-0.14070121891562737,0.26583517661144107,4.3573825935666575,-0.1199160699301177,2.533245069825134,0,0,0,0,1
-0.2091507147653422,-0.4957547715337253,-0.19965976266236785,-0.8767634615311403,-0.31265785524007816,-0.24189831278317106,-0.4034295452337878,-0.14967684311202195,-0.5766411011768886,-0.5583876134771013,0.6438449392316271,-0.20794693770556072,-0.14379845166177438,-0.1653805228952227,-0.36625816899683666,-1.2074831808630695,-0.5901546359208569,0,0,0,0,0
-0.18492359398553518,-0.4957547715337253,-0.17945281858804477,-0.8767634615311403,-0.337658073829562,-0.2418988005045362,-0.42107092920390077,-0.03194320519302771,0.41093024751211277,-0.5583876134771013,-0.26411946620524646,-0.19647431281752978,0.03085919415625724,-0.15971400988233667,-0.36625816899683666,-0.26949273558638,0.049238804652915344,0,1,0,0,1
-0.18492359398553518,-0.39869069487513986,-0.17945281858804477,-0.8767634615311403,-0.01799477671969862,-0.19938761427597612,-0.2730273274376931,-0.1478609116137409,0.41093024751211277,0.078646117246488,-0.2525472042382216,-0.2024600301504155,-0.14106608319587086,-0.15971400988233667,-0.32909790867907535,-0.26949273558638,0.29658995206623123,0,0,0,0,1
-0.205112861302041,-0.4957547715337253,-0.19965976266236785,-0.8767634615311403,-0.2724425747405462,-0.2418976419475038,-0.41915362096180664,-0.14693407116497784,-0.5766411011768886,-0.5583876134771013,2.687172748360375,-0.17951478037435356,-0.14379663775541324,-0.1653805228952227,-0.36625816899683666,-0.6603220877850006,-0.5901546359208569,0,0,0,0,0
-0.14858291281582467,0.08662968841778755,-0.1430803192542632,-0.8767634615311403,2.0439857296026425,2.733326081517943,2.6714905909981543,-0.14945627842557788,0.915965934170463,1.0655740627483936,-0.02238033237492624,-0.17951478037435356,-0.14346650511844616,-0.14396972255115428,-0.034699689383498704,-0.18155613134169027,1.0067804832604201,0,0,0,0,1
-0.18492359398553518,-0.30162661821655434,-0.17945281858804477,0.6784710600318581,0.8581222946840298,-0.03426998705089763,0.13272312305630482,-0.14918584859835185,0.41093024751211277,0.3711388277843188,-0.2208305312409725,-0.21193741592748455,-0.14305954892621756,-0.15971400988233667,-0.28492469433855927,-0.26949273558638,0.4101607161753542,0,0,0,0,1
-0.2091507147653422,-0.4957547715337253,-0.19965976266236785,-0.8767634615311403,-0.2807508284886574,-0.24189843364774555,-0.39466688808342,-0.14967684311202195,-0.5766411011768886,-0.5583876134771013,2.233099901897831,-0.17951478037435356,-0.14379845166177438,-0.1653805228952227,-0.36625816899683666,-1.2074831808630695,-0.5901546359208569,0,0,0,0,0
0.06138546727583599,1.833783068272326,0.0670718991186969,-0.8767634615311403,0.15863813465958515,0.5875406165879102,2.6411966980272408,-0.14868191544129097,1.740876418484175,2.1778412436040013,-0.024748343291397624,0.016018652499913216,-0.14230110060788992,-0.016891623939159637,1.628906523903527,-0.12925396803275713,1.9727382777307787,0,0,0,0,1
-0.19703715437543867,-0.4957547715337253,-0.19965976266236785,-0.8767634615311403,-0.15626283727956886,-0.24189874631748018,-0.4113225188618017,-0.13945131177936276,-0.5766411011768886,-0.5583876134771013,3.3682820180673296,-0.20694931815007978,-0.143794030264281,-0.1653805228952227,-0.36625816899683666,0.43400009837113734,-0.5901546359208569,0,1,0,0,0
-0.1687721801323305,0.18369376507637303,-0.1632872633285863,-0.8767634615311403,-0.31338036430740435,-0.2418641802259123,-0.3989771220495884,-0.13103592695247568,0.6924840826509464,1.302979141715065,-0.26239243902413734,-0.17352906304146784,-0.11578242571804359,-0.1532438227997671,0.06806026554634219,-0.2126448298120351,0.9542703569036558,0,1,0,0,1
-0.20107500783873986,-0.4957547715337253,-0.19561837384750325,-0.8767634615311403,-0.28000908899185006,-0.24189923407217187,-0.4175865734813311,-0.13399402785091713,-0.19459635259214608,-0.5583876134771013,-0.26384710132920436,-0.21742432348262977,-0.12033172236522484,-0.1646498207398007,-0.36625816899683666,-0.4779350567589777,-0.3428034885075411,0,0,0,0,0
0.24712672658768967,0.7660782250278859,0.24893439578760468,-0.8767634615311403,0.01558373452651302,0.08012693989515307,3.293079145807232,-0.14829316033815573,2.02221060186472,1.499318611533116,0.026207958547125557,0.29535212803458005,-0.1417160260674119,0.1129723315593459,0.4739709539477557,-0.11316099470693164,1.891424653281781,0,0,0,0,1
-0.1687721801323305,0.08662968841778755,-0.1632872633285863,-0.8767634615311403,0.19513134747886782,-0.10402250716896817,0.02492962877479294,-0.14866176198494713,0.6924840826509464,1.175572395570347,-0.22925652560701548,-0.16754334570858212,-0.14227086774756822,-0.1532438227997671,-0.012241720993988056,-0.2126448298120351,0.9048001274209924,0,1,0,0,1
-0.205112861302041,-0.4957547715337253,-0.19965976266236785,-0.8767634615311403,-0.22599282368319545,-0.2418967993267664,-0.4009704401596477,-0.14738097726061503,-0.5766411011768886,-0.5583876134771013,3.3682820180988626,-0.20545288881685833,-0.14379697786260995,-0.1653805228952227,-0.36625816899683666,-0.6603220877850006,-0.5901546359208569,0,1,0,0,0
-0.11628008510941534,0.4748859950521295,-0.11074920873534627,2.2337055815948563,-0.06025784880727724,-0.13939274256792358,0.152084912945077,-0.14785802204345372,1.1515619890324191,1.5268464024170074,-0.21931706019541763,-0.10968141149068686,-0.14106128340679622,-0.12736869347325033,0.30275367942338355,-0.15875775246343735,1.3384203481222574,0,1,0,0,1
-0.205112861302041,-0.4957547715337253,-0.19965976266236785,-0.8767634615311403,-0.23754282225356632,-0.24189782681204017,-0.39804575441242296,-0.14739642595994784,-0.5766411011768886,-0.5583876134771013,5.865682673674388,-0.17352906304146784,-0.14379757829904916,-0.1653805228952227,-0.36625816899683666,-0.6603220877850006,-0.5901546359208569,0,0,0,0,0
-0.16473432666902935,-0.10749846489938342,-0.15924587451372169,-0.8767634615311403,2.6376032605675177,5.988188170868683,2.337075474483856,-0.14949550086936617,0.7450165818115065,0.6976818977752681,-0.048520869942316996,-0.1745266825969488,-0.1435255346669021,-0.15147754512371941,-0.1830815656075491,-0.20435451021994316,0.7532536908066969,0,0,0,0,1
-0.205112861302041,-0.4957547715337253,-0.19965976266236785,-0.8767634615311403,-0.260187162514503,-0.24189786926080167,-0.3957352944548621,-0.14815163605687434,-0.5766411011768886,-0.5583876134771013,0.41680851599509966,-0.18998978570690359,-0.1437905914242032,-0.1653805228952227,-0.36625816899683666,-0.6603220877850006,-0.5901546359208569,0,1,0,0,0
-0.156658619742427,-0.30162661821655434,-0.15116309688399246,-0.8767634615311403,-0.33369381855539376,-0.24186590244468256,-0.4134177847724887,-0.09035229218424193,0.8370924605933205,0.4281104676223514,-0.26352123574136577,-0.1685409652640631,-0.05481488466501878,-0.1478050475878658,-0.2799396813046977,-0.19132686514665576,0.7081965641805862,0,1,0,0,1
-0.19703715437543867,-0.4957547715337253,-0.19965976266236785,-0.8767634615311403,-0.1642239098537356,-0.24189779675950712,-0.41537883721359214,-0.13855212730240324,-0.5766411011768886,-0.5583876134771013,1.09791778570731,-0.21143860614974405,-0.14378666128267373,-0.1653805228952227,-0.36625816899683666,0.43400009837113734,-0.5901546359208569,0,0,0,0,0
-0.20107500783873986,-0.4957547715337253,-0.19965976266236785,-0.8767634615311403,-0.2301172667732864,-0.24189840158243298,-0.4124488316959261,-0.1465592945079253,-0.5766411011768886,-0.5583876134771013,4.7305005574864945,-0.201961220372675,-0.1437963079534759,-0.1653805228952227,-0.36625816899683666,-0.11316099470693164,-0.5901546359208569,0,0,0,0,0
-0.2091507147653422,-0.4957547715337253,-0.19965976266236785,-0.8767634615311403,-0.3104852008382438,-0.24189759103605654,-0.39788859331016146,-0.14967684311202195,-0.5766411011768886,-0.5583876134771013,2.687172748357747,-0.21143860614974405,-0.14379845166177438,-0.1653805228952227,-0.36625816899683666,-1.2074831808630695,-0.5901546359208569,0,0,0,0,0
-0.205112861302041,-0.4957547715337253,-0.19965976266236785,-0.8767634615311403,-0.21796772606602827,-0.2418974254883499,-0.40267354581643405,-0.14750516505375963,-0.5766411011768886,-0.5583876134771013,3.141245594830802,-0.20794693770556072,-0.14379687960940812,-0.1653805228952227,-0.36625816899683666,-0.6603220877850006,-0.5901546359208569,0,0,0,0,0
-0.2091507147653422,-0.4957547715337253,-0.19965976266236785,-0.8767634615311403,-0.1345555376591759,-0.24189726053405786,-0.40008551675595383,-0.14967684311202195,-0.5766411011768886,-0.5583876134771013,4.276427711016068,-0.17352906304146784,-0.14379845166177438,-0.1653805228952227,-0.36625816899683666,-1.2074831808630695,-0.5901546359208569,0,0,0,0,0
-0.20107500783873986,-0.4957547715337253,-0.19965976266236785,-0.8767634615311403,-0.14989743410789702,-0.24189718979839217,-0.4099296007042767,-0.1466272896188104,-0.5766411011768886,-0.5583876134771013,2.687172748357747,-0.2214148017045536,-0.1437948238490521,-0.1653805228952227,-0.36625816899683666,-0.11316099470693164,-0.5901546359208569,0,0,0,0,0
-0.2091507147653422,-0.4957547715337253,-0.19965976266236785,-0.8767634615311403,-0.23374366458826304,-0.24189810118983637,-0.4078957602557512,-0.14967684311202195,-0.5766411011768886,-0.5583876134771013,0.18977209275594437,-0.19846955192849167,-0.14379845166177438,-0.1653805228952227,-0.36625816899683666,-1.2074831808630695,-0.5901546359208569,0,1,0,0,0
-0.2091507147653422,-0.4957547715337253,-0.19965976266236785,-0.8767634615311403,-0.30204440808346,-0.24189857275928367,-0.4018685081478567,-0.14967684311202195,-0.5766411011768886,-0.5583876134771013,4.049391287779541,-0.2104409865942631,-0.14379845166177438,-0.1653805228952227,-0.36625816899683666,-1.2074831808630695,-0.5901546359208569,0,0,0,0,0
-0.205112861302041,-0.4957547715337253,-0.19965976266236785,-0.8767634615311403,-0.22515315520063503,-0.24189686203236735,-0.39935095720763253,-0.14643624435266092,-0.5766411011768886,-0.5583876134771013,0.41680851599509966,-0.2169255137048893,-0.1437905914242032,-0.1653805228952227,-0.36625816899683666,-0.6603220877850006,-0.5901546359208569,0,1,0,0,0
-0.20107500783873986,-0.4957547715337253,-0.19965976266236785,-0.8767634615311403,-0.22975852015553783,-0.2418970120328927,-0.4134764948054041,-0.14400259586692143,-0.5766411011768886,-0.5583876134771013,4.049391287776912,-0.20096360081719405,-0.1437959694734244,-0.1653805228952227,-0.36625816899683666,-0.11316099470693164,-0.5901546359208569,0,0,0,0,0
-0.2091507147653422,-0.4957547715337253,-0.19965976266236785,-0.8767634615311403,-0.19571612797200982,-0.24189808523372572,-0.39859819148804526,-0.14967684311202195,-0.5766411011768886,-0.5583876134771013,4.049391287776912,-0.21393265503844644,-0.14379845166177438,-0.1653805228952227,-0.36625816899683666,-1.2074831808630695,-0.5901546359208569,0,0,0,0,0
-0.205112861302041,-0.4957547715337253,-0.19965976266236785,-0.8767634615311403,-0.2261708755576446,-0.24189834840075106,-0.3932410606106193,-0.14776523538074382,-0.5766411011768886,-0.5583876134771013,3.5953184413064854,-0.20545288881685833,-0.14379706455661942,-0.1653805228952227,-0.36625816899683666,-0.6603220877850006,-0.5901546359208569,0,1,0,0,0
-0.2091507147653422,-0.4957547715337253,-0.19965976266236785,-0.8767634615311403,-0.27747593998994774,-0.2418973550932155,-0.41120047896026474,-0.14967684311202195,-0.5766411011768886,-0.5583876134771013,0.8708813624681547,-0.201961220372675,-0.14379845166177438,-0.1653805228952227,-0.36625816899683666,-1.2074831808630695,-0.5901546359208569,0,0,0,0,0
-0.2091507147653422,-0.4957547715337253,-0.19965976266236785,-0.8767634615311403,-0.2083172774783957,-0.24189714906864745,-0.4050565714736702,-0.14967684311202195,-0.5766411011768886,-0.5583876134771013,3.8223548645403844,-0.21193741592748455,-0.14379845166177438,-0.1653805228952227,-0.36625816899683666,-1.2074831808630695,-0.5901546359208569,0,0,0,0,0
-0.2091507147653422,-0.4957547715337253,-0.19965976266236785,-0.8767634615311403,-0.18099816862289356,-0.24189761313407582,-0.4039869290326643,-0.14967684311202195,-0.5766411011768886,-0.5583876134771013,0.8708813624681547,-0.21243622570522502,-0.14379845166177438,-0.1653805228952227,-0.36625816899683666,-1.2074831808630695,-0.5901546359208569,0,0,0,0,0
-0.205112861302041,-0.4957547715337253,-0.19965976266236785,-0.8767634615311403,-0.15299580917627842,-0.24189658447104512,-0.4000801611644221,-0.14649840296207894,-0.5766411011768886,-0.5583876134771013,3.822354864543013,-0.21393265503844644,-0.14379714161796733,-0.1653805228952227,-0.36625816899683666,-0.6603220877850006,-0.5901546359208569,0,0,0,0,0
-0.205112861302041,-0.4957547715337253,-0.19965976266236785,-0.8767634615311403,-0.15005908654097427,-0.24189836779109225,-0.3955892744100368,-0.14723852694724687,-0.5766411011768886,-0.5583876134771013,0.8708813624655269,-0.20495407903911786,-0.1437937355119536,-0.1653805228952227,-0.36625816899683666,-0.6603220877850006,-0.5901546359208569,0,0,0,0,0
-0.2091507147653422,-0.4957547715337253,-0.19965976266236785,-0.8767634615311403,-0.1588042865847494,-0.24189773504959136,-0.3983288923518699,-0.14967684311202195,-0.5766411011768886,-0.5583876134771013,4.049391287779541,-0.20744812792782025,-0.14379845166177438,-0.1653805228952227,-0.36625816899683666,-1.2074831808630695,-0.5901546359208569,0,0,0,0,0
-0.205112861302041,-0.4957547715337253,-0.19965976266236785,-0.8767634615311403,-0.3426658215771857,-0.24189923407217187,-0.42339013519811286,-0.14967684311202195,-0.5766411011768886,-0.5583876134771013,-0.26430075373813255,-0.2089445572610417,1.8935829870966607,-0.1653805228952227,-0.36625816899683666,-0.6603220877850006,-0.5901546359208569,0,0,0,1,0
-0.205112861302041,-0.4957547715337253,-0.19965976266236785,-0.8767634615311403,-0.29080003587817704,-0.24189877182123737,-0.40267244081610293,-0.1458257346791844,-0.5766411011768886,-0.5583876134771013,5.4116098271987045,-0.2129350354829655,-0.1437975084300635,-0.1653805228952227,-0.36625816899683666,-0.6603220877850006,-0.5901546359208569,0,0,0,0,0
-0.2091507147653422,-0.4957547715337253,-0.19965976266236785,-0.8767634615311403,-0.2895690171973868,-0.24189867052294522,-0.39734682047984804,-0.14967684311202195,-0.5766411011768886,-0.5583876134771013,1.551990632177737,-0.19198502481786547,-0.14379845166177438,-0.1653805228952227,-0.36625816899683666,-1.2074831808630695,-0.5901546359208569,0,0,0,0,0
-0.205112861302041,-0.4957547715337253,-0.19965976266236785,-0.8767634615311403,-0.21402156353209395,-0.2418968278163235,-0.4186050599107826,-0.14769787451353283,-0.5766411011768886,-0.5583876134771013,5.638646250435232,-0.18998978570690359,-0.1437975447081901,-0.1653805228952227,-0.36625816899683666,-0.6603220877850006,-0.5901546359208569,0,0,0,0,0
-0.19703715437543867,-0.4957547715337253,-0.19965976266236785,-0.8767634615311403,-0.21351574393712788,-0.24189745880224453,-0.3981296907260819,-0.14422459461636974,-0.5766411011768886,-0.5583876134771013,5.411609827246004,-0.18849335637368214,-0.14379562196664175,-0.1653805228952227,-0.36625816899683666,0.43400009837113734,-0.5901546359208569,0,0,0,0,0
-0.18896144744883633,-0.30162661821655434,-0.1834942074029094,0.6784710600318581,-0.25760342776138584,-0.24107248429447486,-0.39187461672335083,-0.14245689317421625,0.31043933406620383,0.4111319187020397,-0.2618372508818334,-0.18001359015209403,-0.13294399540839966,-0.16113892823604992,-0.2814253027104433,-0.2955480257329546,0.3606276031116975,0,0,0,0,1
0.31173238200050835,1.6396549149551551,0.3176380056403032,2.2337055815948563,-0.0701907005644931,0.2157832668254075,2.8070648047453286,-0.14785959318191813,2.1019614528917825,1.3159732163732547,-0.011782776663527646,0.23449733515024193,-0.1410635165397187,0.16506064407086662,0.8911241791979694,-0.12157885767736344,1.8718681519984235,0,0,0,0,1
-0.156658619742427,0.18369376507637303,-0.15116309688399246,-0.8767634615311403,2.4500128720412895,4.544606997490449,2.6806625312959023,-0.14948625188363188,0.8370924605933205,1.2718999124868584,-0.021663380781218742,-0.13362428082222974,-0.14351161471383572,-0.1478050475878658,0.060808453324193774,-0.19132686514665576,1.0358280180525972,0,0,0,0,1
-0.2091507147653422,-0.4957547715337253,-0.19965976266236785,-0.8767634615311403,-0.23641481716723506,-0.24189687785620306,-0.41822492277484397,-0.14967684311202195,-0.5766411011768886,-0.5583876134771013,2.9142091715942744,-0.18849335637368214,-0.14379845166177438,-0.1653805228952227,-0.36625816899683666,-1.2074831808630695,-0.5901546359208569,0,0,0,0,0
-0.14050720588922236,0.377821918393544,-0.13499754162453398,-0.8767634615311403,1.791286063582526,2.187419102977955,2.7391166745490647,-0.149432215153963,0.9849526123580745,1.4642729227910058,-0.017094141377014267,-0.18649811726272023,-0.1434302901702481,-0.13999342067459628,0.22368384221197626,-0.173956671715606,1.206254338520586,0,0,0,0,1
0.085612588055643,2.222039374906668,0.09132023200788461,0.6784710600318581,-0.259887182905343,-0.22816811944287496,0.12865888182741608,-0.1436590970495156,1.7881488662040923,2.471693889625905,-0.22114822456894503,-0.002936119054224889,-0.13474228723391618,-0.00029401053491611497,2.1966829660289804,-0.12794913235769023,2.1174431708228534,0,0,0,0,1
-0.11628008510941534,0.9602063783450568,-0.11074920873534627,-0.8767634615311403,-0.03460971207509684,-0.17381518431653292,0.2043492402870311,-0.14800945345498598,1.1515619890324191,1.8936978558235489,-0.21523166589054635,-0.1426028568215583,-0.14128916236858283,-0.12736869347325033,0.778047131849461,-0.15875775246343735,1.4808635556856626,0,0,0,0,1
-0.205112861302041,-0.4957547715337253,-0.19965976266236785,-0.8767634615311403,-0.19885031436468453,-0.24189830339048468,-0.39782916478568775,-0.14753677052403874,-0.5766411011768886,-0.5583876134771013,1.551990632177737,-0.17951478037435356,-0.1437955040655777,-0.1653805228952227,-0.36625816899683666,-0.6603220877850006,-0.5901546359208569,0,0,0,0,0
-0.20107500783873986,-0.4957547715337253,-0.19965976266236785,-0.8767634615311403,-0.17853258774736708,-0.24189848591577787,-0.398225487240599,-0.1435891257836255,-0.5766411011768886,-0.5583876134771013,3.822354864543013,-0.18998978570690359,-0.14379583157416032,-0.1653805228952227,-0.36625816899683666,-0.11316099470693164,-0.5901546359208569,0,0,0,0,0
-0.20107500783873986,-0.4957547715337253,-0.19965976266236785,-0.8767634615311403,-0.2500446215738054,-0.24189795202110456,-0.39624970568160134,-0.14243189810256857,-0.5766411011768886,-0.5583876134771013,1.551990632177737,-0.21243622570522502,-0.14379255646938105,-0.1653805228952227,-0.36625816899683666,-0.11316099470693164,-0.5901546359208569,0,0,0,0,0
-0.2091507147653422,-0.4957547715337253,-0.19965976266236785,-0.8767634615311403,-0.29369409886742603,-0.2418969569408907,-0.41195501469626306,-0.14967684311202195,-0.5766411011768886,-0.5583876134771013,0.18977209280587137,-0.20994217681652264,-0.14379845166177438,-0.1653805228952227,-0.36625816899683666,-1.2074831808630695,-0.5901546359208569,0,1,0,0,0
-0.205112861302041,-0.4957547715337253,-0.19965976266236785,-0.8767634615311403,-0.2770872922838072,-0.24189867031349874,-0.402186644322741,-0.1480181178839744,-0.5766411011768886,-0.5583876134771013,2.460136325126475,-0.20545288881685833,-0.1437964865966956,-0.1653805228952227,-0.36625816899683666,-0.6603220877850006,-0.5901546359208569,0,0,0,0,0
0.15425609693176282,3.095616064833937,0.1600238418605831,0.6784710600318581,0.06358371032062361,0.7412332830161077,2.9255681966597735,-0.14845385734275449,1.9035372828594643,2.693698140489151,-0.00251961176376167,0.10331036360449661,-0.1419578749142831,0.04808197436247845,3.2381329329628836,-0.12518651323611993,2.2783513727472764,0,0,0,0,1
-0.205112861302041,-0.4957547715337253,-0.19965976266236785,-0.8767634615311403,-0.19927076579683367,-0.24189731037900913,-0.40972565880484474,-0.14609679343791193,-0.5766411011768886,-0.5583876134771013,2.460136325121219,-0.1790159705966131,-0.1437964865966956,-0.1653805228952227,-0.36625816899683666,-0.6603220877850006,-0.5901546359208569,0,0,0,0,0
-0.205112861302041,-0.4957547715337253,-0.19965976266236785,-0.8767634615311403,-0.1937904818353479,-0.24189699309869742,-0.39359272022124425,-0.1481461094922114,-0.5766411011768886,-0.5583876134771013,4.276427711016068,-0.1954766932620488,-0.14379727262227224,-0.1653805228952227,-0.36625816899683666,-0.6603220877850006,-0.5901546359208569,0,0,0,0,0
-0.205112861302041,-0.4957547715337253,-0.19965976266236785,-0.8767634615311403,-0.3426658215771857,-0.24189923407217187,-0.42339013519811286,-0.14967684311202195,-0.5766411011768886,-0.5583876134771013,-0.26430075373813255,-0.2149302745939274,1.8935829870966607,-0.1653805228952227,-0.36625816899683666,-0.6603220877850006,-0.5901546359208569,0,1,0,1,0
-0.20107500783873986,-0.4957547715337253,-0.19965976266236785,-0.8767634615311403,-0.12631483186989856,-0.2418975493534925,-0.4117893297306424,-0.1439632604120659,-0.5766411011768886,-0.5583876134771013,5.18457340395955,-0.20545288881685833,-0.14379648659574792,-0.1653805228952227,-0.36625816899683666,-0.11316099470693164,-0.5901546359208569,0,1,0,0,0
-0.19703715437543867,-0.4957547715337253,-0.19965976266236785,-0.8767634615311403,-0.32032198512010424,-0.24189843465291128,-0.4093241250995528,-0.14289069832010487,-0.5766411011768886,-0.5583876134771013,1.5519906321751094,-0.2089445572610417,-0.14378960887318437,-0.1653805228952227,-0.36625816899683666,0.43400009837113734,-0.5901546359208569,0,0,0,0,0
-0.18492359398553518,-0.4957547715337253,-0.1834942074029094,-0.8767634615311403,-0.2836047232915635,-0.2418981687742618,-0.3923556215042549,-0.14844786903305526,-0.5766411011768886,-0.5583876134771013,-0.25673287296358166,-0.18998978570690359,-0.13955538028636633,-0.1653805228952227,-0.36625816899683666,-0.11316099470693164,-0.5901546359208569,0,1,0,0,0
-0.19299930091213752,-0.30162661821655434,-0.187535596217774,0.6784710600318581,-0.2852499293640902,-0.24189858489491795,-0.4040043464491034,-0.14967684311202195,-0.5766411011768886,-0.5583876134771013,-0.26288177609290425,-0.19198502481786547,-0.12873463326060297,-0.1653805228952227,-0.36625816899683666,-0.3320254319381592,-0.5901546359208569,0,0,0,0,0
-0.12839364549931884,0.18369376507637303,-0.13499754162453398,0.6784710600318581,2.4158086325591364,5.085052046238835,2.870416425564212,-0.14947416684946196,0.9436572950593107,1.1717840395380357,-0.26225111936169165,-0.13362428082222974,-0.09162479125822931,-0.140664765873037,0.03744810851801,0.008430359310417078,1.0659488099492014,0,1,0,0,1
-0.20107500783873986,-0.39869069487513986,-0.19965976266236785,-0.8767634615311403,-0.17794861690446614,-0.24189875378818618,-0.4190705982533688,-0.1474450777950338,-0.5766411011768886,-0.5583876134771013,-0.2597284924368414,-0.21991837237133216,-0.14145797901529714,-0.1653805228952227,-0.36625816899683666,-0.11316099470693164,-0.5901546359208569,0,1,0,0,1
-0.20107500783873986,-0.39869069487513986,-0.1834942074029094,0.6784710600318581,-0.1281711770024579,-0.24189799288870326,-0.4157049737013268,-0.1382433326915106,-0.5766411011768886,-0.5583876134771013,-0.2641430895553294,-0.21143860614974405,-0.07699906022707159,-0.1653805228952227,-0.36625816899683666,-0.8427091188110237,-0.5901546359208569,0,0,0,0,0
-0.19703715437543867,-0.39869069487513986,-0.187535596217774,0.6784710600318581,-0.1799044591252411,-0.2418978661413444,-0.41283661763560453,-0.14967684311202195,-0.5766411011768886,-0.5583876134771013,-0.26351243282411685,-0.2129350354829655,-0.1234923243651787,-0.1653805228952227,-0.36625816899683666,-0.5508898691693869,-0.5901546359208569,0,1,0,0,0
-0.2091507147653422,-0.30162661821655434,-0.19157698503263862,-0.8767634615311403,-0.2459911959112534,-0.24189827647910425,-0.3971694033817093,-0.14842928731697844,-0.5766411011768886,-0.5583876134771013,-0.2639854253725263,-0.18998978570690359,-0.14379845166177438,-0.1653805228952227,-0.36625816899683666,-1.2074831808630695,-0.5901546359208569,0,1,0,0,0
0.1704075107849675,3.095616064833937,0.16406523067544773,2.2337055815948563,0.03606490272168294,1.0042402093327183,3.0802593530163613,-0.14859537449351162,1.5973840001819932,2.349130546370397,-0.25988615661964454,0.10331036360449661,-0.029869923854937436,0.023811188073738717,2.85623760048261,-0.08937138196440679,1.9463447133848364,0,0,0,0,0
-0.21318856822864335,-0.39869069487513986,-0.19561837384750325,-0.8767634615311403,-0.2755073704297278,-0.24189876914972103,-0.40182954626029455,-0.14798278153173006,-0.5766411011768886,-0.5583876134771013,-0.25531389531835336,-0.20545288881685833,-0.14439400309081807,-0.1653805228952227,-0.36625816899683666,-1.5722572429151156,-0.5901546359208569,0,1,0,0,1
-0.18492359398553518,-0.4957547715337253,-0.19965976266236785,0.6784710600318581,-0.25450313512195705,-0.24189780575719966,-0.3998344482581977,-0.1482729569866725,-0.5766411011768886,-0.5583876134771013,-0.26146279844767595,-0.18998978570690359,-0.1324901365530319,-0.1653805228952227,-0.36625816899683666,2.075483377605344,-0.5901546359208569,0,0,0,0,1
-0.205112861302041,-0.30162661821655434,-0.17945281858804477,0.6784710600318581,-0.2680540408654703,-0.24189923407217187,-0.418494865805232,-0.13210115508917772,-0.25647288533564644,-0.5583876134771013,-0.26351243282411685,-0.21742432348262977,-0.13702974256290917,-0.16354345323561248,-0.36625816899683666,-1.0511514399836215,-0.38286484631643536,0,0,0,0,0
-0.156658619742427,-0.30162661821655434,-0.1834942074029094,0.6784710600318581,-0.2494604442586392,-0.24130604936202327,-0.3894285247517387,-0.14448846432775914,0.33274991274275323,0.5437316676033057,-0.2590978357056288,-0.18001359015209403,-0.13042845736401584,-0.1610322497122117,-0.2698228373708673,1.1635482224752292,0.4265589684175376,0,1,0,0,0
-0.19703715437543867,-0.30162661821655434,-0.19561837384750325,0.6784710600318581,-0.19628142327278855,-0.24189777847227184,-0.40955079970168057,-0.14967684311202195,-0.5766411011768886,-0.5583876134771013,-0.25988615661964454,-0.21243622570522502,-0.14016243481687535,-0.1653805228952227,-0.36625816899683666,-0.11316099470693164,-0.5901546359208569,0,1,0,0,1
-0.2091507147653422,-0.30162661821655434,-0.19965976266236785,0.6784710600318581,-0.2531746373457693,-0.24189714954559438,-0.4061295975996538,-0.14967684311202195,-0.5766411011768886,-0.5583876134771013,-0.2639854253725263,-0.22041718214907263,-0.14379845166177438,-0.1653805228952227,-0.36625816899683666,-1.2074831808630695,-0.5901546359208569,0,0,0,0,1
-0.1687721801323305,-0.30162661821655434,-0.1834942074029094,0.6784710600318581,-0.30427035593574414,-0.24189744024316126,-0.39969925096565817,-0.14593769888895752,-0.5766411011768886,-0.5583876134771013,-0.26225111936169165,-0.17951478037435356,-0.11771162146000184,-0.1653805228952227,-0.36625816899683666,0.6163871293971604,-0.5901546359208569,0,0,0,0,1
-0.205112861302041,-0.4957547715337253,-0.1834942074029094,0.6784710600318581,-0.2671275106529659,-0.24189863101042464,-0.4171414783271463,-0.14298459608563716,-0.5766411011768886,-0.5583876134771013,-0.25610221623236906,-0.19447907370656786,-0.1431456540203907,-0.1653805228952227,-0.36625816899683666,-1.0250961498370466,-0.5901546359208569,0,0,0,0,1
-0.19299930091213752,-0.39869069487513986,-0.1834942074029094,-0.8767634615311403,-0.12999643635368888,-0.24189782151771344,-0.41493212362457893,-0.14538447684556163,-0.5766411011768886,-0.5583876134771013,-0.2630394402757074,-0.20545288881685833,-0.12685557067417824,-0.1653805228952227,-0.36625816899683666,-0.4779350567589777,-0.5901546359208569,0,1,0,0,0
-0.1687721801323305,-0.39869069487513986,-0.1834942074029094,0.6784710600318581,-0.3426658215771857,-0.24189923407217187,-0.42339013519811286,-0.14967684311202195,-0.5766411011768886,-0.5583876134771013,-0.2551562311355502,-0.19647431281752978,-0.1379455891545683,-0.1653805228952227,-0.36625816899683666,0.6163871293971604,-0.5901546359208569,0,0,0,0,0
-0.18492359398553518,-0.30162661821655434,-0.187535596217774,0.6784710600318581,-0.19741919414215692,-0.24189745607496624,-0.4005455433954931,-0.14763944971835302,-0.5766411011768886,-0.5583876134771013,-0.2556292236839596,-0.20545288881685833,-0.14009524395727557,-0.1653805228952227,-0.36625816899683666,0.1057034425242959,-0.5901546359208569,0,0,0,0,0
-0.10012867125621068,0.4748859950521295,-0.11074920873534627,3.7889401031578553,-0.03295907311992501,-0.12591003422013658,0.22281886115824223,-0.14804540794496085,0.9519071607541871,1.2141219356049304,-0.2627241119101011,-0.10968141149068686,-0.05226883627662006,-0.13176010170459784,0.2024213560517703,0.023629278562585607,1.087729308610233,0,0,0,0,0
-0.20107500783873986,-0.4957547715337253,-0.19965976266236785,-0.8767634615311403,-0.2986633015965213,-0.2418986882326775,-0.41252192759873485,-0.14819198509036285,-0.5766411011768886,-0.5583876134771013,-0.2624087835444948,-0.21093979637200358,-0.13814690814233352,-0.1653805228952227,-0.36625816899683666,-0.11316099470693164,-0.5901546359208569,0,1,0,0,1
-0.21318856822864335,-0.30162661821655434,-0.19965976266236785,-0.8767634615311403,-0.2431000730701674,-0.24189699661062686,-0.40665379950155295,-0.14967684311202195,-0.5766411011768886,-0.5583876134771013,-0.26351243282411685,-0.22041718214907263,-0.1505671607606396,-0.1653805228952227,-0.36625816899683666,-1.7546442739411385,-0.5901546359208569,0,1,0,0,1
-0.17684788705893284,-0.4957547715337253,-0.19157698503263862,-0.8767634615311403,-0.1711313223178616,-0.24189797571756783,-0.4024716300176924,-0.14967684311202195,-0.5766411011768886,-0.5583876134771013,-0.2639854253725263,-0.21243622570522502,-0.009095546619894371,-0.1653805228952227,-0.36625816899683666,0.9811611914492063,-0.5901546359208569,0,0,0,0,1
-0.19703715437543867,-0.39869069487513986,-0.19561837384750325,-0.8767634615311403,-0.22826852657996188,-0.24189776744168742,-0.3973914610310115,-0.14696155763679478,-0.5766411011768886,-0.5583876134771013,-0.25988615661964454,-0.17352906304146784,-0.14016243481687535,-0.1653805228952227,-0.36625816899683666,-0.11316099470693164,-0.5901546359208569,0,0,0,0,1
-0.2091507147653422,-0.30162661821655434,-0.19561837384750325,0.6784710600318581,-0.20138902667289793,-0.2418985643696107,-0.4039080378512315,-0.1477396476604226,-0.5766411011768886,-0.5583876134771013,-0.2638277611897231,-0.20495407903911786,-0.14379845166177438,-0.1653805228952227,-0.36625816899683666,-1.2074831808630695,-0.5901546359208569,0,1,0,0,1
-0.20107500783873986,-0.4957547715337253,-0.19561837384750325,0.6784710600318581,-0.2676826803210112,-0.24189859938686337,-0.3907529433761785,-0.14967684311202195,-0.5766411011768886,-0.5583876134771013,-0.25547155950115646,-0.17951478037435356,-0.14258608543817522,-0.1653805228952227,-0.36625816899683666,-0.4779350567589777,-0.5901546359208569,0,1,0,0,1
-0.17684788705893284,-0.39869069487513986,-0.19561837384750325,-0.8767634615311403,-0.2116665601600798,-0.24189825257979294,-0.4103694641079492,-0.14967684311202195,-0.5766411011768886,-0.5583876134771013,-0.2617781268132823,-0.19846955192849167,-0.12683794020488834,-0.1653805228952227,-0.36625816899683666,1.7107093155532982,-0.5901546359208569,0,0,0,0,0
-0.19703715437543867,-0.39869069487513986,-0.19561837384750325,0.6784710600318581,-0.2398308974782715,-0.24189764098694289,-0.3983770028361836,-0.14830607258158934,-0.5766411011768886,-0.5583876134771013,-0.2619357909960854,-0.18998978570690359,-0.13701471768144663,-0.1653805228952227,-0.36625816899683666,-0.11316099470693164,-0.5901546359208569,0,1,0,0,0
-0.11224223164611417,0.6690141483693004,-0.11074920873534627,2.2337055815948563,-0.07602210081144871,-0.1270601817635569,0.14744893201320447,-0.14821050983522996,1.035213384910966,1.9285903553213315,-0.25547155950115646,-0.10968141149068686,-0.12925005697858413,-0.12992778118603393,0.5767199461976861,-0.11316099470693164,1.4190830482265024,0,0,0,0,1
-0.156658619742427,-0.10749846489938342,-0.1632872633285863,0.6784710600318581,-0.3422297575544217,-0.24189922174629494,-0.4231688710039758,1.1171377570731966,0.5996220655951049,0.8885802320768574,-0.25894017152282567,-0.1555719110428107,-0.13082149982254868,-0.15413186636365458,-0.15524225563562505,0.08580667550327532,0.7332425400752914,0,0,0,0,0
-0.18088574052223402,-0.4957547715337253,-0.19157698503263862,0.6784710600318581,-0.22421687519538291,-0.24189846500773818,-0.4111325246391379,-0.1470749335464434,-0.5766411011768886,-0.5583876134771013,-0.2602014849852508,-0.201961220372675,-0.13466221202608633,-0.1653805228952227,-0.36625816899683666,0.7075806449101718,-0.5901546359208569,0,0,0,0,1
-0.18896144744883633,-0.39869069487513986,-0.1632872633285863,0.6784710600318581,-0.33627336562383003,-0.24189886927000986,-0.4211792355643808,-0.033081379626135506,0.558731468195661,-0.5583876134771013,-0.25689053714638477,-0.19647431281752978,-0.1401873537554319,-0.15452290494967036,-0.36625816899683666,-0.7100640053375523,0.14493126387554262,0,1,0,0,0
-0.156658619742427,-0.10749846489938342,-0.15924587451372169,-0.8767634615311403,-0.34241218821105984,-0.24189922404358494,-0.4231170231781174,1.0409329169676285,0.6150953326098385,0.5714654494471456,-0.2627241119101011,-0.1555719110428107,-0.09972863684670008,-0.15284423202226077,-0.2014881108580211,-0.02196747919392022,0.6201293910337694,0,1,0,0,1
0.18252107117487099,1.4455267616379843,0.15598245304571848,0.6784710600318581,0.1424988898868129,0.14320930298556775,3.756320381776675,-0.14865401619116098,1.4520506125557981,1.6861930182154024,-0.2559445520495659,0.18112468893201095,-0.08167144771346624,0.007283645101889126,1.0085459643308299,-0.028047046894787635,1.5948408046678173,0,1,0,0,0
-0.2091507147653422,-0.4957547715337253,-0.19965976266236785,-0.8767634615311403,-0.1965517386340045,-0.24189731222790897,-0.40075876482753436,-0.14757740398287073,-0.5766411011768886,-0.5583876134771013,-0.25641754459797533,-0.20545288881685833,-0.14379845166177438,-0.1653805228952227,-0.36625816899683666,-1.2074831808630695,-0.5901546359208569,0,0,0,0,1
0.24308887312438848,0.8631423016864713,0.26509995104706313,-0.8767634615311403,0.02335858837951694,0.14088366899756888,3.5160901905720268,-0.1486144340282533,2.2167562710054947,1.7536631262719378,-0.25862484315721934,0.29535212803458005,-0.03820533683486798,0.14449471115831725,0.6452629233716562,-0.15992690009821955,2.1161397115298963,0,1,0,0,0
-0.16473432666902935,-0.39869069487513986,-0.19965976266236785,0.6784710600318581,-0.15144286297382228,-0.24189867894157013,-0.4013726644438048,-0.14319440815011744,-0.5766411011768886,-0.5583876134771013,-0.2581518506088099,-0.18998978570690359,-0.13422510872014998,-0.1653805228952227,-0.36625816899683666,4.8112888429956895,-0.5901546359208569,0,0,0,0,0
-0.18896144744883633,-0.39869069487513986,-0.1834942074029094,-0.8767634615311403,-0.2186121828171675,-0.2418968048399436,-0.4058935412721354,-0.14629645916735548,-0.5766411011768886,-0.5583876134771013,-0.2597284924368414,-0.2169255137048893,-0.1379472700455813,-0.1653805228952227,-0.36625816899683666,-0.2955480257329546,-0.5901546359208569,0,0,0,0,0
-0.19299930091213752,-0.39869069487513986,-0.19561837384750325,-0.8767634615311403,-0.17364575754792447,-0.2418968038690527,-0.41353627260829157,-0.14532819065169356,-0.5766411011768886,-0.5583876134771013,-0.26146279844767595,-0.1790159705966131,-0.13625957492261273,-0.1653805228952227,-0.36625816899683666,0.2516130673451143,-0.5901546359208569,0,0,0,0,1
-0.19703715437543867,-0.30162661821655434,-0.19157698503263862,0.6784710600318581,-0.1722468251163465,-0.24189749986208314,-0.40582942961203483,-0.14967684311202195,-0.5766411011768886,-0.5583876134771013,-0.26288177609290425,-0.21193741592748455,-0.1325005878608958,-0.1653805228952227,-0.36625816899683666,-0.3867415412459661,-0.5901546359208569,0,0,0,0,0
-0.2091507147653422,-0.4957547715337253,-0.19561837384750325,0.6784710600318581,-0.14898914279908002,-0.2418980258411085,-0.4152650638553325,-0.14967684311202195,-0.5766411011768886,-0.5583876134771013,-0.26367009700691996,-0.19697312259527025,-0.14379845166177438,-0.1653805228952227,-0.36625816899683666,-1.2074831808630695,-0.5901546359208569,0,0,0,0,1
-0.19299930091213752,-0.30162661821655434,-0.187535596217774,-0.8767634615311403,-0.15809169162213552,-0.24189738948253453,-0.4109004655279979,-0.1459180856668328,-0.5766411011768886,-0.5583876134771013,-0.25894017152282567,-0.1790159705966131,-0.13980554340355109,-0.1653805228952227,-0.36625816899683666,-0.3320254319381592,-0.5901546359208569,0,0,0,0,1
0.3601866235601223,0.6690141483693004,0.3742174490484078,2.2337055815948563,-0.30358655457595346,-0.2377222434849015,0.2021091037597274,-0.137707196207924,1.7967422326999123,1.224970857911682,-0.25988615661964454,0.13323895026892518,0.027094340048481037,0.15918328062609954,0.3099311785424449,-0.13595937358518456,1.6389220209336646,0,1,0,0,1
-0.2091507147653422,-0.4957547715337253,-0.19965976266236785,0.6784710600318581,-0.26358968836630847,-0.2418974188313179,-0.39891885729543497,-0.14967684311202195,-0.5766411011768886,-0.5583876134771013,-0.25894017152282567,-0.22041718214907263,-0.14379845166177438,-0.1653805228952227,-0.36625816899683666,-1.2074831808630695,-0.5901546359208569,0,1,0,0,0
-0.20107500783873986,-0.30162661821655434,-0.19965976266236785,0.6784710600318581,-0.17792939618765355,-0.24189841002703844,-0.3988920931799797,-0.14782766239875597,-0.5766411011768886,-0.5583876134771013,-0.26288177609290425,-0.17951478037435356,-0.13626654246118866,-0.1653805228952227,-0.36625816899683666,-0.11316099470693164,-0.5901546359208569,0,0,0,0,0
-0.19299930091213752,-0.39869069487513986,-0.19157698503263862,0.6784710600318581,-0.22839790025416412,-0.2418965827508511,-0.41631487871000245,-0.14484363293055078,-0.5766411011768886,-0.5583876134771013,-0.2551562311355502,-0.20096360081719405,-0.14145730665889195,-0.1653805228952227,-0.36625816899683666,-0.11316099470693164,-0.5901546359208569,0,1,0,0,1
-0.205112861302041,-0.39869069487513986,-0.187535596217774,-0.8767634615311403,-0.21133008701264275,-0.2418983742022903,-0.39912718592623847,-0.14714610192921757,-0.5766411011768886,-0.5583876134771013,-0.2573635296947942,-0.17951478037435356,-0.1430270084816311,-0.1653805228952227,-0.36625816899683666,-0.9886187436318421,-0.5901546359208569,0,0,0,0,1
2.1085771731695275,4.066256831419792,2.0837249177361414,2.2337055815948563,-0.29239269507581844,-0.16710085787835172,2.289508030307413,-0.14209651923993707,3.1721548134393265,2.5900811304282416,-0.2627241119101011,0.9213583990988781,1.8020533717115066,1.8637238530976112,4.041593251729512,-0.0996508442605595,3.0594724105586417,0,1,0,1,1
-0.16473432666902935,-0.39869069487513986,-0.19157698503263862,0.6784710600318581,-0.22680523371681918,-0.24189836651435984,-0.4107685148234565,-0.14712509029327636,-0.5766411011768886,-0.5583876134771013,-0.25499856695274703,-0.201961220372675,-0.13746939325275354,-0.1653805228952227,-0.36625816899683666,1.8019028310663099,-0.5901546359208569,0,0,0,0,1
-0.19703715437543867,-0.20456254155796888,-0.17945281858804477,0.6784710600318581,-0.26251780850434575,-0.24114468707597214,-0.3991207110604814,-0.14459283030743017,0.30133434646094076,0.3294333260897619,-0.2616204626304791,-0.18001359015209403,-0.13781202236081913,-0.16034285214298935,-0.26267917266209084,-0.7384879582247247,0.32301026482944706,0,1,0,0,1
-0.18088574052223402,-0.39869069487513986,-0.1834942074029094,0.6784710600318581,-0.2829675008870777,-0.24189861004034519,-0.41583855695500377,-0.14530330616500806,-0.5766411011768886,-0.5583876134771013,-0.2617781268132823,-0.19447907370656786,-0.1289580041369991,-0.1653805228952227,-0.36625816899683666,0.06922603631909144,-0.5901546359208569,0,0,0,0,1
-0.13646935242592118,0.4748859950521295,-0.13095615280966935,-0.8767634615311403,1.6557332598140062,2.226453983342007,2.1475178727113056,-0.14948705906918325,1.2218456755303873,1.8059515941106765,-0.2617781268132823,-0.18649811726272023,-0.1056373008837808,-0.134422307864246,0.3922998304910359,-0.17075689924146528,1.4922974163931284,0,0,0,0,0
-0.18896144744883633,-0.4957547715337253,-0.19157698503263862,-0.8767634615311403,-0.14664039837800819,-0.2418986919812956,-0.3984920242192806,-0.14379889272602497,-0.5766411011768886,-0.5583876134771013,-0.2565752087807785,-0.18998978570690359,-0.14033469539050877,-0.1653805228952227,-0.36625816899683666,0.16041955183210285,-0.5901546359208569,0,0,0,0,0
-0.19299930091213752,-0.39869069487513986,-0.187535596217774,0.6784710600318581,-0.31593819723824323,-0.2418988008456937,-0.39311345045807916,-0.14564089613061684,-0.5766411011768886,-0.5583876134771013,-0.262566447727298,-0.21093979637200358,-0.13146936579939353,-0.1653805228952227,-0.36625816899683666,-0.3320254319381592,-0.5901546359208569,0,1,0,0,1
-0.205112861302041,-0.30162661821655434,-0.1834942074029094,0.6784710600318581,-0.320515825376678,-0.24189857267458084,-0.40425413706913,-0.14814723838868127,-0.5766411011768886,-0.5583876134771013,-0.2587825073400225,-0.18998978570690359,-0.1428287317956352,-0.1653805228952227,-0.36625816899683666,-1.0250961498370466,-0.5901546359208569,0,1,0,0,0
-0.19703715437543867,-0.4957547715337253,-0.19561837384750325,0.6784710600318581,-0.2773801015674576,-0.24189878747226806,-0.4000033421395462,-0.14837176216386247,-0.5766411011768886,-0.5583876134771013,-0.2572058655119911,-0.20545288881685833,-0.14153553262575982,-0.1653805228952227,-0.36625816899683666,-0.11316099470693164,-0.5901546359208569,0,1,0,0,1
-0.156658619742427,0.18369376507637303,-0.1632872633285863,0.6784710600318581,0.1451191783543313,-0.07180467827268552,0.07904974339062945,-0.14857156952193815,0.6562491361095224,1.0129996877351275,-0.2587825073400225,-0.16754334570858212,-0.13119209340196494,-0.1535903391913351,0.0003984669507989502,0.08580667550327532,0.8182154917745817,0,0,0,0,1
-0.18492359398553518,-0.4957547715337253,-0.19157698503263862,0.6784710600318581,-0.2810058862328686,-0.24189721013821758,-0.4093759924161248,-0.14967684311202195,-0.5766411011768886,-0.5583876134771013,-0.25925549988843194,-0.201961220372675,-0.1374349489899625,-0.1653805228952227,-0.36625816899683666,0.43400009837113734,-0.5901546359208569,0,0,0,0,0
1.5594291021605688,2.7073597581995954,1.534096038914553,2.2337055815948563,-0.3399407588383609,-0.24181783797590134,-0.3211336706700808,0.01610755355938675,2.558698044222601,2.243311605410453,-0.2608321417164634,2.1668864141168482,0.531729989046927,1.123905096661095,2.4120905177994283,-0.09538778054662321,2.527650126657499,0,0,0,1,1
-0.14858291281582467,-0.30162661821655434,-0.17541142977318014,-0.8767634615311403,0.03321286988344309,-0.20192197049261928,-0.30036167870781955,-0.1483016487018727,0.22469042533403247,0.16565999594776312,-0.2556292236839596,-0.2024600301504155,-0.13454043240052735,-0.16001630478911408,-0.3029040724607258,0.8443709181796891,0.20979704800333435,0,1,0,0,0
0.09772614844554649,1.833783068272326,0.07515467674842613,0.6784710600318581,0.14908539249771804,0.4829684939321839,1.926379545480929,-0.14866063557290785,1.3762753554743654,1.8148537806615197,-0.26130513426487284,0.016018652499913216,-0.00809206310293033,-0.036517322187834496,1.3642284549788075,-0.01936195017926276,1.5957379995002208,0,0,0,0,1
-0.18896144744883633,-0.39869069487513986,-0.187535596217774,-0.8767634615311403,-0.17078889491476662,-0.24189727538260666,-0.3894591072103907,-0.1471888721138993,-0.5766411011768886,-0.5583876134771013,-0.262566447727298,-0.20744812792782025,-0.1283870943337983,-0.1653805228952227,-0.36625816899683666,-0.11316099470693164,-0.5901546359208569,0,0,0,0,1
-0.2091507147653422,-0.4957547715337253,-0.187535596217774,-0.8767634615311403,-0.2323315523730211,-0.24189807207256164,-0.40879859543234887,-0.14967684311202195,-0.5766411011768886,-0.5583876134771013,-0.2605168133508571,-0.19846955192849167,-0.14379845166177438,-0.1653805228952227,-0.36625816899683666,-1.2074831808630695,-0.5901546359208569,0,0,0,0,0
-0.17684788705893284,-0.10749846489938342,-0.1673286521434509,2.2337055815948563,-0.24317815194110123,-0.2409114109395392,-0.39282305450360816,-0.14183170613949667,0.1943912493680098,0.5659628967689465,-0.25499856695274703,-0.18001359015209403,-0.1391955000915774,-0.1587444481647457,-0.20229056557930333,-0.3320254319381592,0.34561207130639593,0,1,0,0,0
-0.18896144744883633,-0.30162661821655434,-0.187535596217774,-0.8767634615311403,-0.21510214069153083,-0.2418985043698739,-0.41113227617619136,-0.1470790277930151,-0.5766411011768886,-0.5583876134771013,-0.2559445520495659,-0.201961220372675,-0.14059602877784097,-0.1653805228952227,-0.36625816899683666,-0.11316099470693164,-0.5901546359208569,0,0,0,0,1
-0.12031793857271651,0.2807578417349585,-0.15116309688399246,0.6784710600318581,-0.1576197927621074,-0.1751318843289557,-0.20767506903835123,-0.14702492118978283,0.9865698797013551,1.4268724343050447,-0.26130513426487284,-0.17552430215242976,-0.10451502339474059,-0.14594675069262117,0.15487202360077776,0.5121659688108614,1.1927793441562133,0,1,0,0,0
-0.08397725740300602,0.4748859950521295,-0.11074920873534627,3.7889401031578553,0.010292378712910246,-0.16080791530613628,0.0895012361170773,-0.1477617206450276,0.9874468362531361,1.362273102437046,-0.25673287296358166,-0.10968141149068686,-0.12187591622216609,-0.1309784064915574,0.24995313675959047,0.20601630958860867,1.1682641183121094,0,0,0,0,0
0.31980808892711066,1.7367189916137404,0.3257207832700324,2.2337055815948563,-0.0793299818004957,0.23128421194909052,3.1963780201888694,-0.14835191426602867,2.333408169384328,1.6869803322859656,-0.25846717897441623,0.23449733515024193,-0.02362872249592341,0.19917845347613866,1.205497674052862,-0.12145131429902359,2.165772864188165,0,0,0,0,1
-0.18088574052223402,-0.30162661821655434,-0.19157698503263862,-0.8767634615311403,-0.20379307581023595,-0.241898323638777,-0.3985224003428618,-0.14348102607303978,-0.5766411011768886,-0.5583876134771013,-0.2587825073400225,-0.18998978570690359,-0.13701041259880006,-0.1653805228952227,-0.36625816899683666,0.7075806449101718,-0.5901546359208569,0,1,0,0,0
-0.1687721801323305,-0.4957547715337253,-0.187535596217774,-0.8767634615311403,-0.20878945480349714,-0.241897405465978,-0.40459961005004946,-0.14498933213965293,-0.5766411011768886,-0.5583876134771013,-0.2562598804151722,-0.18849335637368214,-0.13714251752666023,-0.1653805228952227,-0.36625816899683666,0.9811611914492063,-0.5901546359208569,0,1,0,0,0
-0.18896144744883633,-0.39869069487513986,-0.19965976266236785,0.6784710600318581,-0.20879265803985733,-0.24189865371972563,-0.40604815473877653,-0.14789297592499706,-0.5766411011768886,-0.5583876134771013,-0.26288177609290425,-0.19846955192849167,-0.12496867866031011,-0.1653805228952227,-0.36625816899683666,1.5283222845272753,-0.5901546359208569,0,0,0,0,0
0.4611329601426515,4.260384984736963,0.44696244771597093,0.6784710600318581,-0.088035881008323,0.09382812447335445,2.6919298301493417,-0.14765575363222,2.0769253944268713,2.3307101719795478,-0.25925549988843194,1.2470811839634093,0.032258455591687475,0.2431758689636438,3.847004826868778,-0.08614069381418737,2.2496667437265514,0,0,0,0,1
0.46920866706925385,4.066256831419792,0.46312800297542944,0.6784710600318581,-0.10057809108887852,0.09849181793731264,2.092325794089529,-0.1481167032411697,2.5070284502263207,2.9422786323114236,-0.2639854253725263,1.2470811839634093,2.684962554217706,0.32119239738110206,4.534669215102876,-0.09997639005444812,2.7655961182630913,0,1,0,2,1
-0.17281003359563168,0.08662968841778755,-0.15924587451372169,0.6784710600318581,0.2850159504787176,-0.13321335782744315,-0.00978271601782522,-0.1488689946841028,0.6788058455390046,1.3223889238788666,-0.2631971044585105,-0.16754334570858212,-0.10024397909924251,-0.1521740389333344,0.017733287419524527,-0.3867415412459661,0.9529510583155215,0,0,0,0,1
-0.19703715437543867,-0.39869069487513986,-0.19157698503263862,-0.8767634615311403,-0.23833951921066981,-0.24189674218239682,-0.41561282945812394,-0.14432657504240168,-0.5766411011768886,-0.5583876134771013,-0.25641754459797533,-0.20096360081719405,-0.1417617491238619,-0.1653805228952227,-0.36625816899683666,-0.3867415412459661,-0.5901546359208569,0,0,0,0,0
-0.13243149896262002,0.08662968841778755,-0.1430803192542632,2.2337055815948563,-0.06297995197499721,-0.203463760775599,-0.15614687563577503,-0.14767763081496119,0.8899386526762125,1.2151457506207535,-0.26351243282411685,-0.17552430215242976,-0.015192978783334962,-0.14434307261207144,-0.004162169840904306,0.09202441519734422,1.048005935093306,0,1,0,0,0
-0.20107500783873986,-0.30162661821655434,-0.187535596217774,0.6784710600318581,-0.2339583108693531,-0.24189792521574552,-0.4017716898092724,-0.14967684311202195,-0.5766411011768886,-0.5583876134771013,-0.2595708282540382,-0.21393265503844644,-0.14153595145215925,-0.1653805228952227,-0.36625816899683666,-0.7697543064006144,-0.5901546359208569,0,1,0,0,0
-0.1606964732057282,0.2807578417349585,-0.13499754162453398,0.6784710600318581,2.6509737728590954,5.248541424339079,2.1276170713105764,-0.14946975737344956,0.9222814770805988,0.9239346133748096,-0.26288177609290425,-0.13362428082222974,-0.0986069964582601,-0.14101227628587454,0.02285098999422267,-0.4779350567589777,0.9558728339941246,0,0,0,0,0
2.29028057901808,2.8044238348581807,2.233256303886132,0.6784710600318581,-0.3221660884917648,-0.24039040567902065,0.2782995780213705,-0.1243487163182041,2.772075246297552,2.8561686513652167,-0.2579941864260068,1.3089335964032283,0.3814573211793215,1.7656619793544859,3.1194308724978717,-0.08598411922292164,2.903762799836811,0,1,0,1,0
-0.1687721801323305,-0.4957547715337253,-0.187535596217774,-0.8767634615311403,-0.22672798459884697,-0.2418981734933925,-0.4141661132977427,-0.14655876235881732,-0.5766411011768886,-0.5583876134771013,-0.2551562311355502,-0.201961220372675,-0.1379455891545683,-0.1653805228952227,-0.36625816899683666,0.9811611914492063,-0.5901546359208569,0,0,0,0,0
-0.17281003359563168,-0.39869069487513986,-0.19157698503263862,0.6784710600318581,-0.16688884938977375,-0.24189698099601636,-0.4132144901682227,-0.14707669037763002,-0.5766411011768886,-0.5583876134771013,-0.26067447753366024,-0.1790159705966131,-0.1305208028936166,-0.1653805228952227,-0.36625816899683666,1.2547417379882408,-0.5901546359208569,0,1,0,0,1
-0.17684788705893284,-0.39869069487513986,-0.1834942074029094,-0.8767634615311403,-0.21544243975481753,-0.2418979463375206,-0.4043855038882375,-0.14967684311202195,-0.5766411011768886,-0.5583876134771013,-0.2556292236839596,-0.21343384526070597,-0.1388608413891093,-0.1653805228952227,-0.36625816899683666,0.2516130673451143,-0.5901546359208569,0,1,0,0,0
-0.18492359398553518,-0.4957547715337253,-0.187535596217774,0.6784710600318581,-0.3426658215771857,-0.24189923407217187,-0.42339013519811286,-0.14967684311202195,-0.5766411011768886,-0.5583876134771013,-0.2572058655119911,-0.2089445572610417,-0.1392726135897453,-0.1653805228952227,-0.36625816899683666,0.1057034425242959,-0.5901546359208569,0,1,0,0,0
-0.17281003359563168,-0.30162661821655434,-0.187535596217774,-0.8767634615311403,-0.2276937051955394,-0.2418963666437233,-0.3936701191317048,-0.14967684311202195,-0.5766411011768886,-0.5583876134771013,-0.25499856695274703,-0.2129350354829655,-0.13862013114530278,-0.1653805228952227,-0.36625816899683666,0.7622967542179788,-0.5901546359208569,0,1,0,0,1
-0.19299930091213752,-0.30162661821655434,-0.1834942074029094,0.6784710600318581,-0.22977375957781132,-0.241898509193341,-0.4032495019792438,-0.1478874375245812,-0.5766411011768886,-0.5583876134771013,-0.26288177609290425,-0.19846955192849167,-0.12873463326060297,-0.1653805228952227,-0.36625816899683666,-0.4779350567589777,-0.5901546359208569,0,0,0,0,1
-0.19299930091213752,-0.30162661821655434,-0.19157698503263862,-0.8767634615311403,-0.24823004325131082,-0.24189780232295113,-0.4008271502728812,-0.14482736836838542,-0.5766411011768886,-0.5583876134771013,-0.2595708282540382,-0.18849335637368214,-0.13927345124254412,-0.1653805228952227,-0.36625816899683666,-0.11316099470693164,-0.5901546359208569,0,1,0,0,1
-0.17684788705893284,-0.4957547715337253,-0.19157698503263862,-0.8767634615311403,-0.1910567872928051,-0.24189744960814324,-0.3985917612893536,-0.14825422021595436,-0.5766411011768886,-0.5583876134771013,-0.25531389531835336,-0.1954766932620488,-0.13903404022942495,-0.1653805228952227,-0.36625816899683666,0.9811611914492063,-0.5901546359208569,0,1,0,0,1
0.14618039000516048,1.4455267616379843,0.16810661949031233,-0.8767634615311403,0.02133311725638407,0.28884150200546477,2.5046358894107423,-0.14863493399092662,2.340913052480232,1.410869193326778,-0.25846717897441623,0.18112468893201095,-0.06307374809998137,0.09130590810693423,0.8399103060185479,-0.17199552084435835,2.063421794978355,0,1,0,0,1
-0.205112861302041,-0.39869069487513986,-0.19561837384750325,-0.8767634615311403,-0.2726372446631949,-0.24189753436952655,-0.3995585619939054,-0.14967684311202195,-0.5766411011768886,-0.5583876134771013,-0.2631971044585105,-0.22041718214907263,-0.1389590658214931,-0.1653805228952227,-0.36625816899683666,-0.8427091188110237,-0.5901546359208569,0,0,0,0,0
-0.21318856822864335,-0.4957547715337253,-0.1834942074029094,-0.8767634615311403,-0.1793999482585669,-0.24189777598240178,-0.39313858780945,-0.14603573969008152,-0.5766411011768886,-0.5583876134771013,-0.2565752087807785,-0.20744812792782025,-0.14449120291602752,-0.1653805228952227,-0.36625816899683666,-1.3898702118890927,-0.5901546359208569,0,0,0,0,0
-0.18896144744883633,-0.4957547715337253,-0.1834942074029094,-0.8767634615311403,-0.18258654342660194,-0.24189796336520525,-0.40871219738332387,-0.14721141062671092,-0.5766411011768886,-0.5583876134771013,-0.2581518506088099,-0.19846955192849167,-0.1394469321428542,-0.1653805228952227,-0.36625816899683666,-0.2955480257329546,-0.5901546359208569,0,0,0,0,0
2.100501466242925,4.1633209080783775,2.0918076953658704,3.7889401031578553,-0.27523004375284527,-0.18061448059325436,3.000797524138,-0.14012332399345986,3.127970216213283,2.5017465955068157,-0.2638277611897231,0.9213583990988781,6.294777144856595,1.846893603733482,4.007178854906255,-0.10739128195039656,2.996566478941802,0,0,0,2,0
-0.19299930091213752,-0.30162661821655434,-0.19157698503263862,-0.8767634615311403,-0.21226513473425784,-0.24189843509746753,-0.4058435519701864,-0.14967684311202195,-0.5766411011768886,-0.5583876134771013,-0.2556292236839596,-0.2129350354829655,-0.14132964652544183,-0.1653805228952227,-0.36625816899683666,-0.11316099470693164,-0.5901546359208569,0,0,0,0,0
-0.16473432666902935,-0.39869069487513986,-0.187535596217774,0.6784710600318581,-0.10709796516509726,-0.24189725362667625,-0.41407789317903426,-0.1453450648440032,-0.5766411011768886,-0.5583876134771013,-0.25673287296358166,-0.20545288881685833,-0.1360194874735263,-0.1653805228952227,-0.36625816899683666,1.200025628680434,-0.5901546359208569,0,0,0,0,0
-0.20107500783873986,-0.4957547715337253,-0.19965976266236785,-0.8767634615311403,-0.2625888228828974,-0.24189809727065065,-0.4034737681901932,-0.14418614252157544,-0.5766411011768886,-0.5583876134771013,-0.2551562311355502,-0.21243622570522502,-0.14262787916033315,-0.1653805228952227,-0.36625816899683666,-0.11316099470693164,-0.5901546359208569,0,0,0,0,0
-0.15262076627912585,0.08662968841778755,-0.1430803192542632,-0.8767634615311403,2.093769722078279,4.531440827619652,1.8871133804805331,-0.14950037615394868,0.997419754822739,0.8151837161532892,-0.25783652224320364,-0.1745266825969488,-0.13220830938521277,-0.14280130283320652,-0.08582099590342047,-0.24995126797644887,0.9622939509099901,0,1,0,0,0
-0.19299930091213752,-0.4957547715337253,-0.187535596217774,0.6784710600318581,-0.16518514450676564,-0.24189781171531777,-0.39876829099042493,-0.14967684311202195,-0.5766411011768886,-0.5583876134771013,-0.2630394402757074,-0.21393265503844644,-0.12685557067417824,-0.1653805228952227,-0.36625816899683666,-0.3320254319381592,-0.5901546359208569,0,1,0,0,1
-0.16473432666902935,-0.30162661821655434,-0.1834942074029094,0.6784710600318581,-0.26203065401850556,-0.2418985156409985,-0.41809668410039547,-0.1452602243968218,-0.5766411011768886,-0.5583876134771013,-0.25783652224320364,-0.19447907370656786,-0.13469191130161884,-0.1653805228952227,-0.36625816899683666,0.7987741604231833,-0.5901546359208569,0,0,0,0,0
-0.19703715437543867,-0.30162661821655434,-0.19157698503263862,-0.8767634615311403,-0.28185774995400176,-0.2418987113212378,-0.4140662403191836,-0.14762657098768234,-0.5766411011768886,-0.5583876134771013,-0.26067447753366024,-0.21093979637200358,-0.13937256873905512,-0.1653805228952227,-0.36625816899683666,-0.3867415412459661,-0.5901546359208569,0,0,0,0,1
-0.17684788705893284,-0.4957547715337253,-0.187535596217774,-0.8767634615311403,-0.3426658215771857,-0.24189923407217187,-0.42339013519811286,-0.14967684311202195,-0.5766411011768886,-0.5583876134771013,-0.25783652224320364,-0.21143860614974405,-0.13717551321802487,-0.1653805228952227,-0.36625816899683666,0.5434323169867512,-0.5901546359208569,0,1,0,0,1
-0.2091507147653422,-0.30162661821655434,-0.19157698503263862,-0.8767634615311403,-0.19967901208105032,-0.24189772105950957,-0.39808700490092547,-0.14717324816551544,-0.5766411011768886,-0.5583876134771013,-0.2559445520495659,-0.20744812792782025,-0.14379845166177438,-0.1653805228952227,-0.36625816899683666,-1.2074831808630695,-0.5901546359208569,0,1,0,0,0
-0.17281003359563168,-0.4957547715337253,-0.187535596217774,-0.8767634615311403,-0.2694951118927702,-0.24189823868381288,-0.4157949511859472,-0.14366333480776916,-0.5766411011768886,-0.5583876134771013,-0.2573635296947942,-0.19447907370656786,-0.13685546304048476,-0.1653805228952227,-0.36625816899683666,0.7622967542179788,-0.5901546359208569,0,0,0,0,1
-0.205112861302041,-0.39869069487513986,-0.19561837384750325,0.6784710600318581,-0.14126300117584012,-0.24189801438002187,-0.4160978811268434,-0.14967684311202195,-0.5766411011768886,-0.5583876134771013,-0.2587825073400225,-0.19697312259527025,-0.1428287317956352,-0.1653805228952227,-0.36625816899683666,-0.8427091188110237,-0.5901546359208569,0,0,0,0,0
-0.16473432666902935,0.08662968841778755,-0.1430803192542632,0.6784710600318581,-0.0619022031342097,-0.19238260588445538,-0.24937485012726127,-0.14778807312955583,0.8538613134647032,1.3938559855773331,-0.2594131640712351,-0.17552430215242976,-0.13175589613982772,-0.14486058639065486,0.03232446322500949,-0.45513667788072476,1.0940386589149798,0,1,0,0,1
-0.20107500783873986,-0.30162661821655434,-0.19965976266236785,-0.8767634615311403,-0.06646758550114065,-0.24189828322973259,-0.41444180991960794,-0.14967684311202195,-0.5766411011768886,-0.5583876134771013,-0.26130513426487284,-0.19697312259527025,-0.14022723091022585,-0.1653805228952227,-0.36625816899683666,-0.11316099470693164,-0.5901546359208569,0,0,0,0,0
-0.19299930091213752,-0.30162661821655434,-0.1673286521434509,0.6784710600318581,-0.023508401530623273,-0.22537293084004348,-0.3001420827889464,-0.1474427188260836,0.2702498011094417,0.5106400148339962,-0.2641430895553294,-0.20545288881685833,-0.010199668792368794,-0.15809155335696476,-0.2727183538214383,-0.7697543064006144,0.37324486189352063,0,0,0,0,0
-0.16473432666902935,-0.30162661821655434,-0.17137004095831554,0.6784710600318581,-0.2639215245958209,-0.2411355078098614,-0.3994347724020015,-0.14442079231519497,0.21520577597584278,0.5955427119447975,-0.2611474700820697,-0.18001359015209403,-0.12513800551161386,-0.15932254961284587,-0.26528937594910396,0.1300217133277658,0.37057365560790817,0,1,0,0,1
-0.18896144744883633,-0.39869069487513986,-0.19157698503263862,-0.8767634615311403,-0.27776803957847607,-0.2418982553546229,-0.4162782598692055,-0.14529544640665404,-0.5766411011768886,-0.5583876134771013,-0.25846717897441623,-0.19447907370656786,-0.1392118207775816,-0.1653805228952227,-0.36625816899683666,0.16041955183210285,-0.5901546359208569,0,0,0,0,0
-0.20107500783873986,-0.39869069487513986,-0.187535596217774,0.6784710600318581,-0.1793748012382346,-0.2418973155728422,-0.3980999662588887,-0.14967684311202195,-0.5766411011768886,-0.5583876134771013,-0.26130513426487284,-0.17352906304146784,-0.14022723091022585,-0.1653805228952227,-0.36625816899683666,-0.7697543064006144,-0.5901546359208569,0,0,0,0,1
-0.19703715437543867,-0.30162661821655434,-0.19157698503263862,0.6784710600318581,-0.24972928356918736,-0.2418973745467395,-0.39856787847207736,-0.1478635641842508,-0.5766411011768886,-0.5583876134771013,-0.25752119387759737,-0.20794693770556072,-0.1414303213571346,-0.1653805228952227,-0.36625816899683666,-0.3867415412459661,-0.5901546359208569,0,0,0,0,1
-0.205112861302041,-0.30162661821655434,-0.19561837384750325,-0.8767634615311403,-0.3426658215771857,-0.24189923407217187,-0.42339013519811286,-0.14967684311202195,-0.5766411011768886,-0.5583876134771013,-0.2587825073400225,-0.21143860614974405,-0.1428287317956352,-0.1653805228952227,-0.36625816899683666,-0.8427091188110237,-0.5901546359208569,0,0,0,0,1
-0.205112861302041,-0.4957547715337253,-0.19965976266236785,-0.8767634615311403,-0.30677434694000955,-0.2418985291341204,-0.40998987950422355,-0.1483146523696079,-0.5766411011768886,-0.5583876134771013,-0.2590978357056288,-0.21093979637200358,-0.1427699905619468,-0.1653805228952227,-0.36625816899683666,-0.6603220877850006,-0.5901546359208569,0,1,0,0,1
-0.13646935242592118,0.377821918393544,-0.15116309688399246,0.6784710600318581,2.7630359115494905,4.876182577835761,1.903520975878428,-0.14952886495718182,0.9153291234593904,1.478079246341589,-0.2641430895553294,-0.13362428082222974,0.4573960712505507,-0.1468324127339469,0.22771068217685653,0.19950248705196502,1.1665380887749763,0,1,0,1,1
-0.1687721801323305,-0.30162661821655434,-0.187535596217774,-0.8767634615311403,-0.2041631315609141,-0.2418981983666767,-0.38728888166635406,-0.14800962952840613,-0.5766411011768886,-0.5583876134771013,-0.25783652224320364,-0.20545288881685833,-0.13551977860708753,-0.1653805228952227,-0.36625816899683666,0.9811611914492063,-0.5901546359208569,0,0,0,0,0
-0.18896144744883633,-0.39869069487513986,-0.19157698503263862,0.6784710600318581,-0.28693075671512747,-0.24189856804397328,-0.4046755447675753,-0.1479507300419139,-0.5766411011768886,-0.5583876134771013,-0.26067447753366024,-0.20545288881685833,-0.13642198012390894,-0.1653805228952227,-0.36625816899683666,0.16041955183210285,-0.5901546359208569,0,1,0,0,1
-0.19299930091213752,-0.30162661821655434,-0.19157698503263862,0.6784710600318581,-0.2672025111007095,-0.24189742180216425,-0.41467747263248966,-0.14967684311202195,-0.5766411011768886,-0.5583876134771013,-0.2630394402757074,-0.201961220372675,-0.12685557067417824,-0.1653805228952227,-0.36625816899683666,-0.11316099470693164,-0.5901546359208569,0,0,0,0,1
-0.205112861302041,-0.30162661821655434,-0.19965976266236785,0.6784710600318581,-0.3426658215771857,-0.24189923407217187,-0.42339013519811286,-0.14967684311202195,-0.5766411011768886,-0.5583876134771013,-0.2605168133508571,-0.2149302745939274,-0.14238458529206,-0.1653805228952227,-0.36625816899683666,-0.6603220877850006,-0.5901546359208569,0,0,0,0,1
-0.18896144744883633,-0.30162661821655434,-0.19157698503263862,-0.8767634615311403,-0.29133933232593484,-0.24189923407217187,-0.41909828334215293,-0.13096198504173184,-0.13283448029010692,-0.5583876134771013,-0.2572058655119911,-0.21742432348262977,-0.14002691993508345,-0.1641072802096191,-0.36625816899683666,0.16041955183210285,-0.3028163664834951,0,0,0,0,0
-0.13243149896262002,0.2807578417349585,-0.15116309688399246,-0.8767634615311403,0.06450703000456237,-0.12812255977493808,0.05031396271848636,-0.14888955089548891,0.9150759333763276,1.3650917753375948,-0.2617781268132823,-0.16754334570858212,-0.10351723695167005,-0.14683556038225437,0.13865461835833487,0.2776683574916891,1.1225027335267443,0,0,0,0,0
-0.19299930091213752,-0.39869069487513986,-0.17137004095831554,-0.8767634615311403,-0.08731075324941993,-0.2113622679741288,-0.26902689965568843,-0.14814379625893223,0.3951939697878597,0.01644501723352756,-0.2556292236839596,-0.2024600301504155,-0.14132964652544183,-0.1579455615855935,-0.332726302211561,-0.721117764793675,0.26224984903248166,0,1,0,0,1
2.144917854339238,4.066256831419792,2.095849084180735,2.2337055815948563,-0.269433517903411,-0.18115152261875206,2.3228632894756043,-0.14356818301827776,2.32194736449607,1.8252111355618421,-0.2557868878667628,0.9213583990988781,0.22269132889859825,1.4118493149281328,2.970776430038309,-0.08820276940863368,2.2120257349009647,0,0,0,1,1
-0.17281003359563168,-0.30162661821655434,-0.19965976266236785,0.6784710600318581,-0.15626634716802332,-0.24189757768639775,-0.39705090857291137,-0.1483157767251314,-0.5766411011768886,-0.5583876134771013,-0.2565752087807785,-0.1954766932620488,-0.13756369037349628,-0.1653805228952227,-0.36625816899683666,3.7169666568395514,-0.5901546359208569,0,0,0,0,1
-0.2091507147653422,-0.30162661821655434,-0.187535596217774,-0.8767634615311403,-0.1065867113541965,-0.2418962157254903,-0.4129927456049882,-0.1454634361396281,-0.5766411011768886,-0.5583876134771013,-0.2594131640712351,-0.1790159705966131,-0.14379845166177438,-0.1653805228952227,-0.36625816899683666,-1.2074831808630695,-0.5901546359208569,0,0,0,0,0
-0.1606964732057282,-0.20456254155796888,-0.17945281858804477,0.6784710600318581,-0.019551459815688538,-0.2291045461128106,-0.3136321385517932,-0.14808227010410777,0.4632754192682998,0.3642529587670658,-0.2602014849852508,-0.20545288881685833,-0.12813632657202345,-0.15941366237092702,-0.2586168866258782,0.6684977096903096,0.44137740213375115,0,1,0,0,1
-0.17684788705893284,-0.4957547715337253,-0.1834942074029094,0.6784710600318581,-0.18230989620006552,-0.24189771093911144,-0.40620706254663885,-0.14967684311202195,-0.5766411011768886,-0.5583876134771013,-0.2633547686413137,-0.21343384526070597,-0.09864872448707222,-0.1653805228952227,-0.36625816899683666,0.2516130673451143,-0.5901546359208569,0,1,0,0,0
-0.1687721801323305,-0.4957547715337253,-0.187535596217774,-0.8767634615311403,-0.2195629296401915,-0.24189760198834956,-0.40085272368095765,-0.14549045270569488,-0.5766411011768886,-0.5583876134771013,-0.2605168133508571,-0.19198502481786547,-0.12965978796463049,-0.1653805228952227,-0.36625816899683666,0.9811611914492063,-0.5901546359208569,0,0,0,0,0
-0.21318856822864335,-0.39869069487513986,-0.1834942074029094,-0.8767634615311403,-0.2188043602804066,-0.24189860797416082,-0.3962173822791612,-0.14783534428365683,-0.5766411011768886,-0.5583876134771013,-0.2597284924368414,-0.20545288881685833,-0.144968687985013,-0.1653805228952227,-0.36625816899683666,-1.3898702118890927,-0.5901546359208569,0,0,0,0,1
-0.1687721801323305,-0.10749846489938342,-0.1673286521434509,2.2337055815948563,-0.2784757544261558,-0.24100963901477468,-0.393932456551656,-0.1439259918275918,0.41934047763920673,0.4317696811399333,-0.2631971044585105,-0.18001359015209403,-0.09540459325896121,-0.156808368714492,-0.22186038812224546,-0.11316099470693164,0.43914793665479046,0,1,0,0,0
-0.20107500783873986,-0.30162661821655434,-0.187535596217774,-0.8767634615311403,-0.28745353194811774,-0.24189740606697266,-0.39920005463851405,-0.14649994212049688,-0.5766411011768886,-0.5583876134771013,-0.25689053714638477,-0.17951478037435356,-0.1423540124992374,-0.1653805228952227,-0.36625816899683666,-0.7697543064006144,-0.5901546359208569,0,0,0,0,0
-0.20107500783873986,-0.39869069487513986,-0.187535596217774,0.6784710600318581,-0.18071858764830387,-0.2418978426473446,-0.4108531511489754,-0.14967684311202195,-0.5766411011768886,-0.5583876134771013,-0.2624087835444948,-0.2129350354829655,-0.13814690814233352,-0.1653805228952227,-0.36625816899683666,-0.7697543064006144,-0.5901546359208569,0,0,0,0,0
-0.2091507147653422,-0.30162661821655434,-0.19965976266236785,-0.8767634615311403,-0.3426658215771857,-0.24189923407217187,-0.42339013519811286,-0.14967684311202195,-0.5766411011768886,-0.5583876134771013,-0.26146279844767595,-0.2149302745939274,-0.14379845166177438,-0.1653805228952227,-0.36625816899683666,-1.2074831808630695,-0.5901546359208569,0,0,0,0,0
-0.17684788705893284,-0.4957547715337253,-0.19561837384750325,-0.8767634615311403,-0.3251101583935918,-0.2418982822589846,-0.4069364018918969,-0.14293394769587445,-0.5766411011768886,-0.5583876134771013,-0.25499856695274703,-0.2089445572610417,-0.1391955000915774,-0.1653805228952227,-0.36625816899683666,1.7107093155532982,-0.5901546359208569,0,0,0,0,1
-0.18492359398553518,-0.4957547715337253,-0.19965976266236785,0.6784710600318581,-0.28054866054394967,-0.24189869930121455,-0.3985188117822599,-0.1483751704248015,-0.5766411011768886,-0.5583876134771013,-0.2559445520495659,-0.20545288881685833,-0.13995554420105427,-0.1653805228952227,-0.36625816899683666,2.075483377605344,-0.5901546359208569,0,1,0,0,1
-0.20107500783873986,-0.39869069487513986,-0.19157698503263862,0.6784710600318581,-0.25510261914423105,-0.24189637746220283,-0.4179667879146656,-0.14967684311202195,-0.5766411011768886,-0.5583876134771013,-0.26035914916805397,-0.18849335637368214,-0.1410837528759537,-0.1653805228952227,-0.36625816899683666,-0.6603220877850006,-0.5901546359208569,0,0,0,0,1
-0.2091507147653422,-0.39869069487513986,-0.19561837384750325,-0.8767634615311403,-0.3426658215771857,-0.24189923407217187,-0.42339013519811286,-0.14967684311202195,-0.5766411011768886,-0.5583876134771013,-0.25689053714638477,-0.2149302745939274,-0.14379845166177438,-0.1653805228952227,-0.36625816899683666,-1.2074831808630695,-0.5901546359208569,0,0,0,0,1
-0.21318856822864335,-0.30162661821655434,-0.19561837384750325,0.6784710600318581,-0.2179707776278012,-0.24189681055166184,-0.39025576355917263,-0.14711415918808038,-0.5766411011768886,-0.5583876134771013,-0.25531389531835336,-0.20744812792782025,-0.14439400309081807,-0.1653805228952227,-0.36625816899683666,-1.5722572429151156,-0.5901546359208569,0,1,0,0,1
-0.17281003359563168,-0.4957547715337253,-0.19561837384750325,0.6784710600318581,-0.3426658215771857,-0.24189923407217187,-0.42339013519811286,-0.14967684311202195,-0.5766411011768886,-0.5583876134771013,-0.2617781268132823,-0.2149302745939274,-0.12471787627277758,-0.1653805228952227,-0.36625816899683666,2.075483377605344,-0.5901546359208569,0,1,0,0,1
-0.18492359398553518,-0.30162661821655434,-0.1834942074029094,0.6784710600318581,-0.2005378860595744,-0.2418970100611933,-0.40144626336906075,-0.14791588872638314,-0.5766411011768886,-0.5583876134771013,-0.26004382080244764,-0.1954766932620488,-0.13625724954422314,-0.1653805228952227,-0.36625816899683666,-0.11316099470693164,-0.5901546359208569,0,0,0,0,0
-0.17684788705893284,-0.30162661821655434,-0.19965976266236785,-0.8767634615311403,-0.22040183964598428,-0.24189758618709714,-0.39658592002433823,-0.14788805571221086,-0.5766411011768886,-0.5583876134771013,-0.2611474700820697,-0.17352906304146784,-0.1302272180980213,-0.1653805228952227,-0.36625816899683666,3.169805563761482,-0.5901546359208569,0,0,0,0,0
-0.18088574052223402,-0.30162661821655434,-0.187535596217774,-0.8767634615311403,-0.18996549183993372,-0.2418960214081624,-0.4124474668633095,-0.14496289000886392,-0.5766411011768886,-0.5583876134771013,-0.26130513426487284,-0.1790159705966131,-0.13129917903135452,-0.1653805228952227,-0.36625816899683666,0.3245678797555234,-0.5901546359208569,0,0,0,0,0
-0.205112861302041,-0.30162661821655434,-0.187535596217774,-0.8767634615311403,-0.30460096099476375,-0.24189712456800244,-0.4121290587299044,-0.14967684311202195,-0.5766411011768886,-0.5583876134771013,-0.2616204626304791,-0.20994217681652264,-0.14180297522812263,-0.1653805228952227,-0.36625816899683666,-0.9886187436318421,-0.5901546359208569,0,0,0,0,0
-0.205112861302041,-0.30162661821655434,-0.1834942074029094,0.6784710600318581,-0.2251884946674834,-0.24189657330254938,-0.38992955882196684,-0.1484275279443895,-0.5766411011768886,-0.5583876134771013,-0.2605168133508571,-0.1954766932620488,-0.14238458529206,-0.1653805228952227,-0.36625816899683666,-1.0250961498370466,-0.5901546359208569,0,0,0,0,0
-0.18088574052223402,-0.4957547715337253,-0.1834942074029094,0.6784710600318581,-0.2094263748813291,-0.24189743067140207,-0.40138644689476705,-0.14613658450648664,-0.5766411011768886,-0.5583876134771013,-0.25547155950115646,-0.20744812792782025,-0.13955516987917724,-0.1653805228952227,-0.36625816899683666,0.06922603631909144,-0.5901546359208569,0,0,0,0,0
-0.21318856822864335,-0.4957547715337253,-0.19561837384750325,0.6784710600318581,-0.25885415395279854,-0.24189674319337645,-0.4101633719370238,-0.14593058533814057,-0.5766411011768886,-0.5583876134771013,-0.2617781268132823,-0.21542908437166788,-0.14591851559388513,-0.1653805228952227,-0.36625816899683666,-1.5722572429151156,-0.5901546359208569,0,0,0,0,0
-0.19703715437543867,-0.4957547715337253,-0.19965976266236785,-0.8767634615311403,-0.18449108047247256,-0.2418980739997645,-0.4155945358043528,-0.13774037493847532,-0.5766411011768886,-0.5583876134771013,-0.25988615661964454,-0.21143860614974405,-0.14016243481687535,-0.1653805228952227,-0.36625816899683666,0.43400009837113734,-0.5901546359208569,0,1,0,0,0
-0.19703715437543867,-0.4957547715337253,-0.19157698503263862,0.6784710600318581,-0.2405780637625642,-0.241897783118202,-0.41276180558034575,-0.1466862773653564,-0.5766411011768886,-0.5583876134771013,-0.2608321417164634,-0.1790159705966131,-0.1391715445336326,-0.1653805228952227,-0.36625816899683666,-0.3867415412459661,-0.5901546359208569,0,0,0,0,0
-0.2091507147653422,-0.4957547715337253,-0.1834942074029094,-0.8767634615311403,-0.1821171672114014,-0.24189713847138844,-0.40549614646336085,-0.14967684311202195,-0.5766411011768886,-0.5583876134771013,-0.2630394402757074,-0.21343384526070597,-0.14379845166177438,-0.1653805228952227,-0.36625816899683666,-1.2074831808630695,-0.5901546359208569,0,0,0,0,0
-0.1687721801323305,-0.10749846489938342,-0.15520448569885706,0.6784710600318581,-0.3422113386726591,-0.24189921900451944,-0.423137465311879,1.5445545884063172,0.7882291668801923,0.8526808093622054,-0.26209345517888855,-0.1555719110428107,-0.11957275084419489,-0.14971774542580005,-0.1604775823891179,-0.3656968838198865,0.8414151329997761,0,1,0,0,1
-0.17684788705893284,-0.30162661821655434,-0.19561837384750325,0.6784710600318581,-0.3204923770839588,-0.24189850052091683,-0.40255184459489257,-0.14967684311202195,-0.5766411011768886,-0.5583876134771013,-0.25704820132918793,-0.20794693770556072,-0.13789513709818602,-0.1653805228952227,-0.36625816899683666,1.7107093155532982,-0.5901546359208569,0,0,0,0,0
-0.19703715437543867,-0.30162661821655434,-0.19561837384750325,-0.8767634615311403,-0.29036117791013183,-0.24189794753493757,-0.399695743360196,-0.14567050040087975,-0.5766411011768886,-0.5583876134771013,-0.2573635296947942,-0.17951478037435356,-0.1414841221213445,-0.1653805228952227,-0.36625816899683666,-0.11316099470693164,-0.5901546359208569,0,0,0,0,1
-0.205112861302041,-0.30162661821655434,-0.19157698503263862,0.6784710600318581,-0.3227881848106083,-0.24189841524419287,-0.40770992300458136,-0.14389321652741238,-0.5766411011768886,-0.5583876134771013,-0.25925549988843194,-0.2089445572610417,-0.14273786788313908,-0.1653805228952227,-0.36625816899683666,-0.9339026343240351,-0.5901546359208569,0,0,0,0,0
1.5715426625504723,2.9014879115167664,1.5381374277294177,0.6784710600318581,-0.33887426542705495,-0.24180571311746743,-0.3254774555752168,0.018797136585837166,2.168075273461027,2.306819171792408,-0.25894017152282567,2.1668864141168482,0.29641968380734357,0.9659015414312521,2.6422056652652284,-0.09036261582867884,2.299404308209479,0,1,0,1,0
0.10983970883545,2.416167528223839,0.10748578726734308,2.2337055815948563,-0.24826311242649313,-0.22518347389035145,0.19864220472676233,-0.14526616537564227,1.91098211637391,2.0340055440850087,-0.26130513426487284,-0.002936119054224889,-0.0027352319756075326,0.017796706124460753,1.9776947474512516,-0.0991312230895453,2.02702219457017,0,1,0,0,1
-0.1687721801323305,-0.30162661821655434,-0.19561837384750325,-0.8767634615311403,-0.20145598705809356,-0.24189738529176721,-0.41609574796945364,-0.14299781183683402,-0.5766411011768886,-0.5583876134771013,-0.2609898058992665,-0.20096360081719405,-0.12764158061690178,-0.1653805228952227,-0.36625816899683666,2.4402574396573904,-0.5901546359208569,0,1,0,0,1
-0.18492359398553518,-0.30162661821655434,-0.19561837384750325,-0.8767634615311403,-0.26388618965692046,-0.24189772281966435,-0.397597784819667,-0.1473355134263969,-0.5766411011768886,-0.5583876134771013,-0.25641754459797533,-0.17352906304146784,-0.13972504658594948,-0.1653805228952227,-0.36625816899683666,0.9811611914492063,-0.5901546359208569,0,0,0,0,1
-0.19299930091213752,-0.30162661821655434,-0.187535596217774,-0.8767634615311403,-0.2454025071695143,-0.2418978395833699,-0.3909583685800256,-0.14335183262791043,-0.5766411011768886,-0.5583876134771013,-0.25846717897441623,-0.21243622570522502,-0.14012914695442016,-0.1653805228952227,-0.36625816899683666,-0.3320254319381592,-0.5901546359208569,0,0,0,0,1
2.298356285944682,2.9014879115167664,2.237297692700997,0.6784710600318581,-0.3254746127000124,-0.24048221885979298,0.4715772779805792,-0.12422207345792038,2.9787291916796557,2.542572181685395,-0.25610221623236906,1.3089335964032283,0.26158888363748484,1.8882293154106586,2.889746054925015,-0.08422024267635599,2.9157938278661755,0,1,0,1,1
0.34403520970691764,1.833783068272326,0.3176380056403032,3.7889401031578553,-0.13878093293304086,0.32294322552825416,2.270977653560752,-0.14791118874726247,1.800809329675762,1.0091398131280656,-0.25925549988843194,0.23449733515024193,0.0015015260112634138,0.12790953373586683,0.7767293295166678,-0.05423595391390879,1.5577510947995665,0,1,0,0,0
-0.18088574052223402,-0.4957547715337253,-0.1834942074029094,0.6784710600318581,-0.21402342592926207,-0.24189786528832527,-0.40797395293251926,-0.14967684311202195,-0.5766411011768886,-0.5583876134771013,-0.2581518506088099,-0.19846955192849167,-0.13770632433528612,-0.1653805228952227,-0.36625816899683666,0.06922603631909144,-0.5901546359208569,0,0,0,0,1
-0.18088574052223402,-0.30162661821655434,-0.19561837384750325,0.6784710600318581,-0.3016086136229253,-0.24189652417529958,-0.4132299303408523,-0.14967684311202195,-0.5766411011768886,-0.5583876134771013,-0.25531389531835336,-0.20994217681652264,-0.1396295916584686,-0.1653805228952227,-0.36625816899683666,1.3459352535012525,-0.5901546359208569,0,0,0,0,1
-0.14454505935252351,-0.30162661821655434,-0.14712170806912783,-0.8767634615311403,-0.3329732584485412,-0.24186668629668492,-0.4142376863940432,-0.09201111209727146,0.6186944913025272,0.6132993905744044,-0.25767885806040053,-0.1685409652640631,-0.13086782769504096,-0.149377057123764,-0.26373566826825906,-0.04020618229652246,0.6387031562486472,0,0,0,0,1
-0.2172264216919445,-0.39869069487513986,-0.19561837384750325,-0.8767634615311403,-0.251969173074474,-0.2418973166799597,-0.4163163358439648,-0.14967684311202195,-0.5766411011768886,-0.5583876134771013,-0.26035914916805397,-0.21243622570522502,-0.14651315044759508,-0.1653805228952227,-0.36625816899683666,-1.9370313049671615,-0.5901546359208569,0,0,0,0,0
-0.20107500783873986,-0.4957547715337253,-0.19561837384750325,0.6784710600318581,-0.14184040318564212,-0.24189750942608593,-0.41532585327612037,-0.13834913557335182,-0.5766411011768886,-0.5583876134771013,-0.25862484315721934,-0.21143860614974405,-0.14191286032557962,-0.1653805228952227,-0.36625816899683666,-0.4779350567589777,-0.5901546359208569,0,0,0,0,0
-0.19299930091213752,-0.4957547715337253,-0.187535596217774,0.6784710600318581,-0.20845090859635684,-0.24189836854997152,-0.4005911039425736,-0.14263642623091488,-0.5766411011768886,-0.5583876134771013,-0.2581518506088099,-0.18998978570690359,-0.14031723604663823,-0.1653805228952227,-0.36625816899683666,-0.3320254319381592,-0.5901546359208569,0,1,0,0,0
-0.1606964732057282,-0.30162661821655434,-0.17945281858804477,-0.8767634615311403,-0.1252876405039823,-0.22946260334490706,-0.2992400950193908,-0.1481529822434163,0.5309928622049878,0.569405050194745,-0.2572058655119911,-0.20545288881685833,-0.13474677551771616,-0.15902511143523057,-0.2675764188509601,0.6684977096903096,0.564878042838023,0,1,0,0,0
-0.17684788705893284,-0.30162661821655434,-0.187535596217774,-0.8767634615311403,-0.2632415773660925,-0.24189853183852306,-0.4177564171109911,-0.14445981753144801,-0.5766411011768886,-0.5583876134771013,-0.26225111936169165,-0.19447907370656786,-0.12292898750035636,-0.1653805228952227,-0.36625816899683666,0.5434323169867512,-0.5901546359208569,0,1,0,0,0
9.332297019015314,-0.4957547715337253,9.358224784492453,0.6784710600318581,-0.34259499582458947,-0.24189811994125562,-0.4110581040046635,5.336834179682494,3.081961880101032,-0.5583876134771013,-0.25988615661964454,9.216565002923002,2.7201708165037117,8.112633972493121,-0.36625816899683666,-0.11501029286689131,1.7785721917641988,0,1,0,2,1
-0.20107500783873986,-0.4957547715337253,-0.19561837384750325,0.6784710600318581,-0.3426658215771857,-0.24189923407217187,-0.42339013519811286,-0.14967684311202195,-0.5766411011768886,-0.5583876134771013,-0.25846717897441623,-0.19647431281752978,-0.14196379930809724,-0.1653805228952227,-0.36625816899683666,-0.4779350567589777,-0.5901546359208569,0,1,0,0,1
-0.19703715437543867,-0.4957547715337253,-0.187535596217774,-0.8767634615311403,-0.15108940888132782,-0.24189803450606814,-0.4023726846541055,-0.14967684311202195,-0.5766411011768886,-0.5583876134771013,-0.2638277611897231,-0.21243622570522502,-0.11002969853318154,-0.1653805228952227,-0.36625816899683666,-0.5508898691693869,-0.5901546359208569,0,1,0,0,0
9.34844843286852,-0.30162661821655434,9.366307562122183,0.6784710600318581,-0.342593446713822,-0.24189821447607998,-0.40786563073998666,7.271165684407244,3.3622646678727333,-0.5583876134771013,-0.2565752087807785,9.216565002923002,1.4959437671553681,8.754385196160147,-0.36625816899683666,-0.11408486316295206,1.9600514986656064,0,0,0,1,0
-0.19299930091213752,-0.4957547715337253,-0.1834942074029094,0.6784710600318581,-0.22439063080790345,-0.2418968319506508,-0.39517459635948515,-0.14705013484411047,-0.5766411011768886,-0.5583876134771013,-0.2608321417164634,-0.20744812792782025,-0.13762924215758532,-0.1653805228952227,-0.36625816899683666,-0.4779350567589777,-0.5901546359208569,0,0,0,0,1
-0.12435579203601768,1.0572704550036423,-0.11074920873534627,0.6784710600318581,-0.07918926718700783,-0.178517320332155,0.2891012455773932,-0.1482699223022754,1.4889031426186772,1.6142655370274654,-0.25673287296358166,-0.1426028568215583,-0.12894770184784618,-0.11994887432133618,0.7110145066126717,-0.24995126797644887,1.590772196848986,0,0,0,0,1
-0.1687721801323305,-0.4957547715337253,-0.19157698503263862,0.6784710600318581,-0.2369635189481352,-0.24189775073393976,-0.3951806042014172,-0.14791339648790522,-0.5766411011768886,-0.5583876134771013,-0.2594131640712351,-0.18998978570690359,-0.13285067391455013,-0.1653805228952227,-0.36625816899683666,1.5283222845272753,-0.5901546359208569,0,0,0,0,1
-0.205112861302041,-0.30162661821655434,-0.187535596217774,0.6784710600318581,-0.31121629388657723,-0.24189754774667646,-0.4001030297346145,-0.14967684311202195,-0.5766411011768886,-0.5583876134771013,-0.25752119387759737,-0.21143860614974405,-0.14300907489356113,-0.1653805228952227,-0.36625816899683666,-0.9886187436318421,-0.5901546359208569,0,1,0,0,1
-0.19299930091213752,-0.4957547715337253,-0.19157698503263862,-0.8767634615311403,-0.2840341262287954,-0.24189835638548837,-0.4185184983221105,-0.1453334945664038,-0.5766411011768886,-0.5583876134771013,-0.25846717897441623,-0.19447907370656786,-0.14012914695442016,-0.1653805228952227,-0.36625816899683666,-0.11316099470693164,-0.5901546359208569,0,1,0,0,1
-0.09609081779290951,0.6690141483693004,-0.11074920873534627,3.7889401031578553,-0.07847116731106453,-0.1493978544465485,0.16390035831688538,-0.14828010184595752,1.4249387092931138,1.9081819835383864,-0.2572058655119911,-0.10968141149068686,-0.12267787399230523,-0.12135577212311592,0.5689817803596637,0.06922603631909144,1.6634826287266367,0,0,0,0,1
-0.205112861302041,-0.30162661821655434,-0.19965976266236785,-0.8767634615311403,-0.2073150802174371,-0.2418975807547832,-0.40052508209138893,-0.14826436039796137,-0.5766411011768886,-0.5583876134771013,-0.2595708282540382,-0.1954766932620488,-0.14266720155696683,-0.1653805228952227,-0.36625816899683666,-0.6603220877850006,-0.5901546359208569,0,1,0,0,1
-0.2091507147653422,-0.4957547715337253,-0.19561837384750325,0.6784710600318581,-0.201490408812577,-0.2418970122710761,-0.39368999526153364,-0.14967684311202195,-0.5766411011768886,-0.5583876134771013,-0.2587825073400225,-0.2129350354829655,-0.14379845166177438,-0.1653805228952227,-0.36625816899683666,-1.2074831808630695,-0.5901546359208569,0,1,0,0,0
-0.17281003359563168,-0.30162661821655434,-0.187535596217774,-0.8767634615311403,-0.31778115340858654,-0.24189766033703433,-0.40360564691420925,-0.14967684311202195,-0.5766411011768886,-0.5583876134771013,-0.25499856695274703,-0.21143860614974405,-0.13862013114530278,-0.1653805228952227,-0.36625816899683666,0.7622967542179788,-0.5901546359208569,0,1,0,0,0
-0.156658619742427,0.18369376507637303,-0.1430803192542632,-0.8767634615311403,1.5289556401611915,2.964532173179744,1.9664824134231114,-0.14948615355713754,0.884656576593862,1.1538715873909704,-0.2616204626304791,-0.17951478037435356,-0.11785725802430165,-0.14441884170180713,0.033268540921435066,-0.3183464046112075,1.0207942193648922,0,1,0,0,0
-0.21318856822864335,-0.4957547715337253,-0.19965976266236785,0.6784710600318581,-0.2643837684464342,-0.24189737436562544,-0.4194342175282406,-0.1464616369330193,-0.5766411011768886,-0.5583876134771013,-0.2572058655119911,-0.17951478037435356,-0.14455275800711256,-0.1653805228952227,-0.36625816899683666,-1.7546442739411385,-0.5901546359208569,0,1,0,0,1
-0.19703715437543867,-0.39869069487513986,-0.187535596217774,-0.8767634615311403,-0.23446204705899784,-0.24189746172075913,-0.3919819752452523,-0.14671853368412563,-0.5766411011768886,-0.5583876134771013,-0.26351243282411685,-0.20744812792782025,-0.1234923243651787,-0.1653805228952227,-0.36625816899683666,-0.5508898691693869,-0.5901546359208569,0,1,0,0,1
-0.1687721801323305,-0.4957547715337253,-0.187535596217774,0.6784710600318581,-0.2580787639607154,-0.24189624232532236,-0.40144613853429384,-0.1479070441314141,-0.5766411011768886,-0.5583876134771013,-0.2579941864260068,-0.20545288881685833,-0.13531289798098123,-0.1653805228952227,-0.36625816899683666,0.9811611914492063,-0.5901546359208569,0,0,0,0,0
-0.18088574052223402,-0.30162661821655434,-0.187535596217774,-0.8767634615311403,-0.08903059766119235,-0.24189824753560876,-0.41451223078921334,-0.14967684311202195,-0.5766411011768886,-0.5583876134771013,-0.25673287296358166,-0.19697312259527025,-0.1388482017237983,-0.1653805228952227,-0.36625816899683666,0.3245678797555234,-0.5901546359208569,0,0,0,0,1
0.06946117420243832,1.9308471449309115,0.07111328793356152,0.6784710600318581,0.28318272570952707,0.7280230520433837,2.470697660722944,-0.1485126147381624,1.7089238093183803,1.945216546530663,-0.2573635296947942,0.016018652499913216,-0.09056887223188721,-0.01675320834674833,1.5323062426034113,-0.11316099470693164,1.8617260074592485,0,1,0,0,1
-0.17281003359563168,-0.20456254155796888,-0.15520448569885706,-0.8767634615311403,-0.34231024741784094,-0.24189922397321068,-0.4232154132095235,1.3028986032273568,0.4070712043246439,0.7648145133549877,-0.25704820132918793,-0.1555719110428107,-0.13715722277773748,-0.15409178190965173,-0.21188475636688264,-0.44987551352420485,0.5605208921160936,0,0,0,0,0
-0.2091507147653422,-0.4957547715337253,-0.1834942074029094,0.6784710600318581,-0.28608745165593685,-0.2418962770536005,-0.4150042362469554,-0.146579520752366,-0.5766411011768886,-0.5583876134771013,-0.2602014849852508,-0.21542908437166788,-0.14379845166177438,-0.1653805228952227,-0.36625816899683666,-1.2074831808630695,-0.5901546359208569,0,0,0,0,0
-0.19703715437543867,-0.39869069487513986,-0.19561837384750325,0.6784710600318581,-0.2812057021959504,-0.24189877448362487,-0.4015673569017583,-0.14642880090303173,-0.5766411011768886,-0.5583876134771013,-0.25752119387759737,-0.2129350354829655,-0.1414303213571346,-0.1653805228952227,-0.36625816899683666,-0.11316099470693164,-0.5901546359208569,0,1,0,0,0
-0.20107500783873986,-0.39869069487513986,-0.187535596217774,0.6784710600318581,-0.24827227328596277,-0.24189775662720878,-0.40491266637877626,-0.148086622425738,-0.5766411011768886,-0.5583876134771013,-0.2556292236839596,-0.20794693770556072,-0.14256404909360812,-0.1653805228952227,-0.36625816899683666,-0.7697543064006144,-0.5901546359208569,0,0,0,0,1
0.28346740775740015,0.7660782250278859,0.25701717341733393,-0.8767634615311403,0.04655472261314547,0.01666901610330022,2.6744378478024853,-0.1480946546923757,2.4760689599544423,1.4235597112077323,-0.25830951479161307,0.29535212803458005,-0.034828466774212315,0.16742196764858622,0.4430361034807859,-0.04655007902786227,2.1558547172606337,0,1,0,0,0
9.360561993258422,-0.39869069487513986,9.366307562122183,-0.8767634615311403,-0.34259528849513404,-0.24189856412740093,-0.41258655216783197,5.820811494965108,4.2905493440147024,-0.5583876134771013,-0.2631971044585105,9.216565002923002,11.32554598980495,10.85651261866342,-0.36625816899683666,-0.11269906047892143,2.5610603611627267,0,1,1,3,1
-0.17281003359563168,-0.4957547715337253,-0.19965976266236785,0.6784710600318581,-0.259337372185375,-0.24189749040522093,-0.418653648650569,-0.14967684311202195,-0.5766411011768886,-0.5583876134771013,-0.2627241119101011,-0.21243622570522502,-0.11328857986672294,-0.1653805228952227,-0.36625816899683666,3.7169666568395514,-0.5901546359208569,0,1,0,0,0
-0.19703715437543867,-0.30162661821655434,-0.19561837384750325,0.6784710600318581,-0.17076299914512147,-0.24189737590961993,-0.40895410395581416,-0.14967684311202195,-0.5766411011768886,-0.5583876134771013,-0.25610221623236906,-0.21243622570522502,-0.14184005873762337,-0.1653805228952227,-0.36625816899683666,-0.11316099470693164,-0.5901546359208569,0,1,0,0,0
-0.18492359398553518,-0.30162661821655434,-0.1834942074029094,0.6784710600318581,-0.2380477889186738,-0.24189800506000542,-0.3965738938683734,-0.14967684311202195,-0.5766411011768886,-0.5583876134771013,-0.2616204626304791,-0.21393265503844644,-0.1318255930598639,-0.1653805228952227,-0.36625816899683666,-0.11316099470693164,-0.5901546359208569,0,1,0,0,1
-0.19703715437543867,-0.30162661821655434,-0.19965976266236785,-0.8767634615311403,-0.1865568064894714,-0.2418972164872635,-0.4099676732804863,-0.14967684311202195,-0.5766411011768886,-0.5583876134771013,-0.2556292236839596,-0.21193741592748455,-0.14194684780952496,-0.1653805228952227,-0.36625816899683666,0.43400009837113734,-0.5901546359208569,0,1,0,0,0
-0.18492359398553518,-0.39869069487513986,-0.187535596217774,0.6784710600318581,-0.2489911346201233,-0.24189771086314193,-0.3979514493236511,-0.14390827944491233,-0.5766411011768886,-0.5583876134771013,-0.2579941864260068,-0.18849335637368214,-0.1387071194532985,-0.1653805228952227,-0.36625816899683666,0.1057034425242959,-0.5901546359208569,0,0,0,0,1
-0.17684788705893284,-0.39869069487513986,-0.19965976266236785,-0.8767634615311403,-0.15883793823657436,-0.24189831529820177,-0.40253440564293547,-0.14395456255131275,-0.5766411011768886,-0.5583876134771013,-0.2572058655119911,-0.18998978570690359,-0.1377640008990689,-0.1653805228952227,-0.36625816899683666,3.169805563761482,-0.5901546359208569,0,1,0,0,1
-0.18896144744883633,-0.20456254155796888,-0.1834942074029094,0.6784710600318581,-0.27486721916524565,-0.24096967468216246,-0.38933774964058926,-0.14411655663820472,0.20192680707812058,0.5149922423221684,-0.2602014849852508,-0.18001359015209403,-0.1372725662077115,-0.16165778327629196,-0.2410306561113406,-0.2955480257329546,0.3306997136811993,0,1,0,0,0
-0.19703715437543867,-0.4957547715337253,-0.19157698503263862,-0.8767634615311403,-0.3079302108814899,-0.24189704422336067,-0.4120254731570074,-0.14967684311202195,-0.5766411011768886,-0.5583876134771013,-0.2616204626304791,-0.20994217681652264,-0.13781202236081913,-0.1653805228952227,-0.36625816899683666,-0.3867415412459661,-0.5901546359208569,0,0,0,0,0
-0.13243149896262002,0.2807578417349585,-0.1430803192542632,0.6784710600318581,2.9219311449506247,4.046694291588441,2.8372635440387937,-0.14950991898440633,0.5942650593550707,1.0446226508253098,-0.2641430895553294,-0.13362428082222974,0.4907957669679021,-0.1485843820282092,0.05453156517683929,0.09202441519734422,0.7903632529504043,0,1,0,1,0
-0.20107500783873986,-0.39869069487513986,-0.1834942074029094,-0.8767634615311403,-0.3063016368610853,-0.24189692332287707,-0.41357290043149186,-0.14967684311202195,-0.5766411011768886,-0.5583876134771013,-0.2631971044585105,-0.20994217681652264,-0.13411967998121174,-0.1653805228952227,-0.36625816899683666,-0.8427091188110237,-0.5901546359208569,0,1,0,0,1
-0.1606964732057282,-0.39869069487513986,-0.17541142977318014,-0.8767634615311403,-0.04211166397513249,-0.20245154226940976,-0.24818334087326535,-0.14831522926425586,0.2793011192530067,-0.03779317723197742,-0.25610221623236906,-0.2024600301504155,-0.13596487996517034,-0.159650733657297,-0.33589019342845805,0.43400009837113734,0.16615623258743897,0,0,0,0,0
-0.18492359398553518,-0.30162661821655434,-0.1834942074029094,-0.8767634615311403,-0.2332046724703316,-0.24189791236810926,-0.40666622004129505,-0.14791084120667428,-0.5766411011768886,-0.5583876134771013,-0.2631971044585105,-0.2144314648161869,-0.11476213662008647,-0.1653805228952227,-0.36625816899683666,-0.11316099470693164,-0.5901546359208569,0,0,0,0,1
-0.205112861302041,-0.39869069487513986,-0.19157698503263862,-0.8767634615311403,-0.2543206770084861,-0.24189773565829617,-0.41765501825506485,-0.14967684311202195,-0.5766411011768886,-0.5583876134771013,-0.2619357909960854,-0.21243622570522502,-0.14153720700166514,-0.1653805228952227,-0.36625816899683666,-0.9339026343240351,-0.5901546359208569,0,0,0,0,0
-0.19299930091213752,-0.30162661821655434,-0.187535596217774,-0.8767634615311403,-0.18530066636128928,-0.24189715253929311,-0.40422146662452557,-0.14456349203122876,-0.5766411011768886,-0.5583876134771013,-0.2605168133508571,-0.18849335637368214,-0.13814298618291682,-0.1653805228952227,-0.36625816899683666,-0.3320254319381592,-0.5901546359208569,0,1,0,0,0
0.053309760349233654,2.027911221589497,0.07111328793356152,-0.8767634615311403,0.24485664450757533,0.7281563797388986,3.1529276736800957,-0.14892553623617197,1.3146208064929261,1.7083335494078105,-0.25830951479161307,0.016018652499913216,-0.08574067282823722,-0.042394219966780396,1.4187827945267424,-0.17659996202033099,1.5144600704321165,0,1,0,0,1
-0.2091507147653422,-0.30162661821655434,-0.1834942074029094,-0.8767634615311403,-0.2401343649477828,-0.2418976858849445,-0.3924398556593741,-0.14860622783958688,-0.5766411011768886,-0.5583876134771013,-0.2594131640712351,-0.18998978570690359,-0.14379845166177438,-0.1653805228952227,-0.36625816899683666,-1.2074831808630695,-0.5901546359208569,0,0,0,0,1
-0.2091507147653422,-0.30162661821655434,-0.1834942074029094,0.6784710600318581,-0.2717427936130805,-0.24189747835622827,-0.41309520745450956,-0.1460067063824996,-0.5766411011768886,-0.5583876134771013,-0.2551562311355502,-0.21542908437166788,-0.14379845166177438,-0.1653805228952227,-0.36625816899683666,-1.2074831808630695,-0.5901546359208569,0,0,0,0,1
-0.19703715437543867,-0.4957547715337253,-0.1834942074029094,-0.8767634615311403,-0.1471916244916712,-0.24189816750685914,-0.41357696494127194,-0.14689467021032537,-0.5766411011768886,-0.5583876134771013,-0.25767885806040053,-0.19846955192849167,-0.1413739596680119,-0.1653805228952227,-0.36625816899683666,-0.6603220877850006,-0.5901546359208569,0,1,0,0,1
-0.2091507147653422,-0.4957547715337253,-0.19561837384750325,-0.8767634615311403,-0.20181275698319434,-0.24189840354239503,-0.4037043048129463,-0.14967684311202195,-0.5766411011768886,-0.5583876134771013,-0.26067447753366024,-0.21393265503844644,-0.14379845166177438,-0.1653805228952227,-0.36625816899683666,-1.2074831808630695,-0.5901546359208569,0,1,0,0,0
-0.19299930091213752,-0.4957547715337253,-0.19965976266236785,-0.8767634615311403,-0.26506692302786505,-0.2418979526938244,-0.3951797295039324,-0.14176250997786694,-0.5766411011768886,-0.5583876134771013,-0.25499856695274703,-0.21243622570522502,-0.1414969758766759,-0.1653805228952227,-0.36625816899683666,0.9811611914492063,-0.5901546359208569,0,0,0,0,1
-0.18896144744883633,-0.4957547715337253,-0.1834942074029094,-0.8767634615311403,-0.1332489013181142,-0.2418976490855967,-0.4168085680400867,-0.13947342480070316,-0.5766411011768886,-0.5583876134771013,-0.25894017152282567,-0.21143860614974405,-0.1388073163389953,-0.1653805228952227,-0.36625816899683666,-0.2955480257329546,-0.5901546359208569,0,0,0,0,1
-0.20107500783873986,-0.30162661821655434,-0.19561837384750325,-0.8767634615311403,-0.2343011076564819,-0.24189824422676764,-0.4032336745715681,-0.14762518951124087,-0.5766411011768886,-0.5583876134771013,-0.26130513426487284,-0.17951478037435356,-0.14022723091022585,-0.1653805228952227,-0.36625816899683666,-0.4779350567589777,-0.5901546359208569,0,0,0,0,1
-0.1687721801323305,-0.30162661821655434,-0.17137004095831554,0.6784710600318581,-0.2523193720737733,-0.2410939634582495,-0.38913659333175704,-0.14330197765941194,0.3046407618640394,0.47044573832266445,-0.26225111936169165,-0.18001359015209403,-0.11771162146000184,-0.15863833304187372,-0.2762353491697425,0.008430359310417078,0.37990408757497063,0,1,0,0,0
-0.156658619742427,-0.10749846489938342,-0.1632872633285863,0.6784710600318581,-0.3422602329751,-0.24189922055092847,-0.42319672706311445,1.0173623233335782,0.3743402364180763,0.7436084917077491,-0.2617781268132823,-0.1555719110428107,-0.11623762054433458,-0.15628624642995398,-0.17638394465072557,0.08580667550327532,0.5310955491469527,0,0,0,0,1
-0.17281003359563168,-0.4957547715337253,-0.187535596217774,0.6784710600318581,-0.24478641906893567,-0.24189759240051623,-0.401380506462108,-0.14839411666402544,-0.5766411011768886,-0.5583876134771013,-0.25689053714638477,-0.18998978570690359,-0.1372984754303579,-0.1653805228952227,-0.36625816899683666,0.7622967542179788,-0.5901546359208569,0,0,0,0,0
-0.1687721801323305,-0.39869069487513986,-0.19157698503263862,0.6784710600318581,9.03417942908833,-0.24189923407217187,0.1082832767092808,-0.1495320529717506,-0.19227013939905652,0.14708125828458388,-0.26225111936169165,-0.19048859548464406,-0.11771162146000184,-0.16427779595828748,-0.32510586315117257,1.5283222845272753,-0.06737386402464995,0,1,0,0,1
-0.20107500783873986,-0.30162661821655434,-0.19157698503263862,0.6784710600318581,-0.2104930097262351,-0.24189739135821087,-0.41026397005882403,-0.14967684311202195,-0.5766411011768886,-0.5583876134771013,-0.2616204626304791,-0.21343384526070597,-0.1398074987944709,-0.1653805228952227,-0.36625816899683666,-0.6603220877850006,-0.5901546359208569,0,1,0,0,0
-0.18088574052223402,-0.39869069487513986,-0.1834942074029094,-0.8767634615311403,-0.2827678723991904,-0.2418986906401119,-0.3979812287429848,-0.14967684311202195,-0.5766411011768886,-0.5583876134771013,-0.2556292236839596,-0.19198502481786547,-0.13947804267319242,-0.1653805228952227,-0.36625816899683666,0.06922603631909144,-0.5901546359208569,0,0,0,0,0
-0.1687721801323305,-0.30162661821655434,-0.187535596217774,0.6784710600318581,-0.16279979305993578,-0.24189835518195066,-0.39679781776028006,-0.14761852719562302,-0.5766411011768886,-0.5583876134771013,-0.2624087835444948,-0.20495407903911786,-0.11554073406457001,-0.1653805228952227,-0.36625816899683666,0.9811611914492063,-0.5901546359208569,0,1,0,0,1
-0.205112861302041,-0.4957547715337253,-0.19157698503263862,-0.8767634615311403,-0.08160501642732367,-0.24189726933248187,-0.4066553298550655,-0.14967684311202195,-0.5766411011768886,-0.5583876134771013,-0.25499856695274703,-0.17352906304146784,-0.14322308271549974,-0.1653805228952227,-0.36625816899683666,-0.9339026343240351,-0.5901546359208569,0,0,0,0,0
-0.18896144744883633,-0.30162661821655434,-0.19561837384750325,-0.8767634615311403,-0.19342794141666236,-0.24189749194206808,-0.39921868731881804,-0.14713163025856826,-0.5766411011768886,-0.5583876134771013,-0.25783652224320364,-0.20545288881685833,-0.13965911513443097,-0.1653805228952227,-0.36625816899683666,0.6163871293971604,-0.5901546359208569,0,0,0,0,1
0.4611329601426515,4.1633209080783775,0.4590866141605648,-0.8767634615311403,-0.16502360760672255,0.08091527777969332,3.8201114925348385,-0.14784201882686152,1.889464164881088,2.705196990874453,-0.25830951479161307,1.2470811839634093,0.004472183513105168,0.22138844091511728,4.297943060285335,-0.10652873903325803,2.2737047099720145,0,1,0,0,1
-0.18896144744883633,-0.30162661821655434,-0.19157698503263862,-0.8767634615311403,-0.27600104329134273,-0.24189744872341146,-0.4188686899784876,-0.14967684311202195,-0.5766411011768886,-0.5583876134771013,-0.25925549988843194,-0.21243622570522502,-0.13849553276859783,-0.1653805228952227,-0.36625816899683666,0.16041955183210285,-0.5901546359208569,0,0,0,0,1
-0.1687721801323305,-0.4957547715337253,-0.187535596217774,0.6784710600318581,-0.23021185639590694,-0.24189793858622463,-0.40413408663975287,-0.1446348314662802,-0.5766411011768886,-0.5583876134771013,-0.26067447753366024,-0.18849335637368214,-0.1290455085860435,-0.1653805228952227,-0.36625816899683666,0.9811611914492063,-0.5901546359208569,0,0,0,0,0
-0.156658619742427,-0.30162661821655434,-0.17541142977318014,-0.8767634615311403,-0.10839915357059604,-0.2325748736274983,-0.31570750060614944,-0.1466494057704347,0.21506612605757233,0.4036165037655425,-0.2590978357056288,-0.21343384526070597,-0.13042845736401584,-0.16008073110797139,-0.2820829007981906,0.5707903716406546,0.2959610206559794,0,0,0,0,1
-0.16473432666902935,-0.10749846489938342,-0.17137004095831554,-0.8767634615311403,-0.34241052877004374,-0.24189922118080054,-0.42321858873201235,1.43176195893921,0.5007377392478735,0.6347570043377451,-0.25752119387759737,-0.1555719110428107,-0.13511530721142848,-0.15713810580852566,-0.1922581025310717,0.1300217133277658,0.5706648938264752,0,1,0,0,0
-0.19299930091213752,-0.39869069487513986,-0.187535596217774,0.6784710600318581,-0.1918244206791298,-0.24189748865545688,-0.410887332041936,-0.14549436374289232,-0.5766411011768886,-0.5583876134771013,-0.25767885806040053,-0.1790159705966131,-0.14056579567009103,-0.1653805228952227,-0.36625816899683666,-0.3320254319381592,-0.5901546359208569,0,0,0,0,0
-0.18492359398553518,-0.39869069487513986,-0.1834942074029094,0.6784710600318581,-0.3319942522247549,-0.24189923407217187,-0.4227002545265869,-0.06410057298329111,-0.14114143988566644,-0.5583876134771013,-0.25767885806040053,-0.19697312259527025,-0.13894946767424934,-0.1632981716630053,-0.36625816899683666,-0.11316099470693164,-0.30819462647814055,0,0,0,0,0
-0.1687721801323305,-0.4957547715337253,-0.187535596217774,0.6784710600318581,-0.21350760206024577,-0.24189746744833787,-0.39759581337016886,-0.1479231814713955,-0.5766411011768886,-0.5583876134771013,-0.2595708282540382,-0.17352906304146784,-0.1324859506136987,-0.1653805228952227,-0.36625816899683666,0.9811611914492063,-0.5901546359208569,0,1,0,0,0
-0.18088574052223402,-0.39869069487513986,-0.187535596217774,0.6784710600318581,-0.17624680612989407,-0.24189787475052343,-0.4136692963490227,-0.1467893824444245,-0.5766411011768886,-0.5583876134771013,-0.25531389531835336,-0.1790159705966131,-0.1396295916584686,-0.1653805228952227,-0.36625816899683666,0.3245678797555234,-0.5901546359208569,0,1,0,0,1
-0.18088574052223402,-0.4957547715337253,-0.187535596217774,-0.8767634615311403,-0.09181791714684463,-0.24189621167935513,-0.4044703814860366,-0.1452823588808198,-0.5766411011768886,-0.5583876134771013,-0.26351243282411685,-0.19697312259527025,-0.09641748796971776,-0.1653805228952227,-0.36625816899683666,0.3245678797555234,-0.5901546359208569,0,1,0,0,1
-0.205112861302041,-0.39869069487513986,-0.19561837384750325,0.6784710600318581,-0.28183052420879046,-0.24189879563182343,-0.3934523373197062,-0.14967684311202195,-0.5766411011768886,-0.5583876134771013,-0.26209345517888855,-0.19198502481786547,-0.14137588158001643,-0.1653805228952227,-0.36625816899683666,-0.8427091188110237,-0.5901546359208569,0,0,0,0,0
-0.18896144744883633,-0.4957547715337253,-0.187535596217774,-0.8767634615311403,-0.2353364965110409,-0.2418975998992047,-0.39891748424922635,-0.14443472444055244,-0.5766411011768886,-0.5583876134771013,-0.25641754459797533,-0.19198502481786547,-0.14040394743192028,-0.1653805228952227,-0.36625816899683666,-0.11316099470693164,-0.5901546359208569,0,0,0,0,1
-0.17684788705893284,-0.4957547715337253,-0.1834942074029094,0.6784710600318581,-0.23681064529460988,-0.2418967981276678,-0.39249708312713716,-0.1484248191935247,-0.5766411011768886,-0.5583876134771013,-0.2641430895553294,-0.1954766932620488,0.1233991140770368,-0.1653805228952227,-0.36625816899683666,0.2516130673451143,-0.5901546359208569,0,1,0,1,1
-0.20107500783873986,-0.4957547715337253,-0.19561837384750325,-0.8767634615311403,-0.3012454356762713,-0.24189876912781777,-0.40316291693990913,-0.14967684311202195,-0.5766411011768886,-0.5583876134771013,-0.25925549988843194,-0.2104409865942631,-0.14167728410450375,-0.1653805228952227,-0.36625816899683666,-0.4779350567589777,-0.5901546359208569,0,0,0,0,0
-0.18088574052223402,-0.30162661821655434,-0.19157698503263862,-0.8767634615311403,-0.09993017884035163,-0.24189665495434182,-0.4130450195219796,-0.14461405519983803,-0.5766411011768886,-0.5583876134771013,-0.2638277611897231,-0.1790159705966131,-0.06500469436172442,-0.1653805228952227,-0.36625816899683666,0.7075806449101718,-0.5901546359208569,0,0,0,0,1
-0.19299930091213752,-0.4957547715337253,-0.1834942074029094,-0.8767634615311403,-0.28027547366013744,-0.24189750902501228,-0.4066870086584508,-0.14967684311202195,-0.5766411011768886,-0.5583876134771013,-0.25830951479161307,-0.21193741592748455,-0.14022566527201827,-0.1653805228952227,-0.36625816899683666,-0.4779350567589777,-0.5901546359208569,0,0,0,0,1
-0.18492359398553518,-0.39869069487513986,-0.19157698503263862,-0.8767634615311403,-0.25951444340601926,-0.24189689513162793,-0.4185065551017809,-0.14967684311202195,-0.5766411011768886,-0.5583876134771013,-0.26146279844767595,-0.18849335637368214,-0.1324901365530319,-0.1653805228952227,-0.36625816899683666,0.43400009837113734,-0.5901546359208569,0,0,0,0,0
-0.17684788705893284,-0.30162661821655434,-0.1834942074029094,-0.8767634615311403,-0.11406652370060168,-0.2418968708344519,-0.3998278056462623,-0.14604346644297092,-0.5766411011768886,-0.5583876134771013,-0.25673287296358166,-0.21393265503844644,-0.1381410231612303,-0.1653805228952227,-0.36625816899683666,0.2516130673451143,-0.5901546359208569,0,1,0,0,1
-0.21318856822864335,-0.30162661821655434,-0.19157698503263862,0.6784710600318581,-0.2677106494207069,-0.24189866333200752,-0.4038687813133911,-0.148301541192391,-0.5766411011768886,-0.5583876134771013,-0.2556292236839596,-0.20545288881685833,-0.14441565294585754,-0.1653805228952227,-0.36625816899683666,-1.4810637274021041,-0.5901546359208569,0,0,0,0,1
-0.19299930091213752,-0.39869069487513986,-0.19157698503263862,-0.8767634615311403,6.9000415763705005,-0.24189923407217187,0.0894038249900487,-0.1495261432752176,-0.2397728752814726,0.02855888037786509,-0.2602014849852508,-0.19048859548464406,-0.13857774329852407,-0.16441407718565537,-0.33201966096764135,-0.11316099470693164,-0.14414960271944052,0,1,0,0,1
-0.18896144744883633,-0.4957547715337253,-0.1834942074029094,0.6784710600318581,-0.21675001120954698,-0.24189737717768728,-0.4161597550435026,-0.14490583621533668,-0.5766411011768886,-0.5583876134771013,-0.2579941864260068,-0.20096360081719405,-0.13955567482137782,-0.1653805228952227,-0.36625816899683666,-0.2955480257329546,-0.5901546359208569,0,0,0,0,0
-0.16473432666902935,-0.30162661821655434,-0.1430803192542632,0.6784710600318581,-0.33527890172787217,-0.24187418766797722,-0.4116390325809124,-0.09980493766629414,1.0289652187596379,0.6071113936646894,-0.2551562311355502,-0.1685409652640631,-0.13736030290384768,-0.14234879683925158,-0.26427711740569165,-0.45513667788072476,0.9019262271823477,0,0,0,0,1
-0.19703715437543867,-0.30162661821655434,-0.19561837384750325,-0.8767634615311403,-0.20666717741499802,-0.2418966493189394,-0.3900811865904205,-0.14786441541347098,-0.5766411011768886,-0.5583876134771013,-0.26130513426487284,-0.1954766932620488,-0.13844162053445158,-0.1653805228952227,-0.36625816899683666,-0.11316099470693164,-0.5901546359208569,0,0,0,0,0
-0.16473432666902935,-0.20456254155796888,-0.17137004095831554,-0.8767634615311403,-0.3426034333509083,-0.24189923377836112,-0.42336785982364833,11.59176336248467,0.25472520080054717,0.6429896369737208,-0.26367009700691996,-0.2084457474833012,-0.050805937859522164,-0.15902020881106887,-0.22609764306713578,0.1300217133277658,0.4145830888022707,0,1,0,0,0
-0.17281003359563168,-0.30162661821655434,-0.1834942074029094,-0.8767634615311403,-0.1789534060936511,-0.24189740702483065,-0.41917227656121403,-0.14767606465903219,-0.5766411011768886,-0.5583876134771013,-0.2616204626304791,-0.18998978570690359,-0.12583916375890866,-0.1653805228952227,-0.36625816899683666,0.43400009837113734,-0.5901546359208569,0,1,0,0,0
-0.17281003359563168,-0.39869069487513986,-0.19965976266236785,-0.8767634615311403,-0.2650642826423033,-0.24189803029958878,-0.4050603976501468,-0.14967684311202195,-0.5766411011768886,-0.5583876134771013,-0.2641430895553294,-0.19846955192849167,0.15679880979438818,-0.1653805228952227,-0.36625816899683666,3.7169666568395514,-0.5901546359208569,0,0,0,1,0
-0.20107500783873986,-0.39869069487513986,-0.187535596217774,-0.8767634615311403,-0.18679435600163813,-0.24189873005544477,-0.4007952020798773,-0.14743341234957433,-0.5766411011768886,-0.5583876134771013,-0.2611474700820697,-0.19846955192849167,-0.1404056432708361,-0.1653805228952227,-0.36625816899683666,-0.7697543064006144,-0.5901546359208569,0,0,0,0,0
-0.20107500783873986,-0.39869069487513986,-0.19561837384750325,0.6784710600318581,-0.31163727347142484,-0.2418986653321216,-0.40477793861228445,-0.14753647830688219,-0.5766411011768886,-0.5583876134771013,-0.26288177609290425,-0.18998978570690359,-0.13626654246118866,-0.1653805228952227,-0.36625816899683666,-0.4779350567589777,-0.5901546359208569,0,1,0,0,1
-0.18896144744883633,-0.39869069487513986,-0.187535596217774,-0.8767634615311403,-0.19344309916685404,-0.24189773357096941,-0.4023716625338754,-0.14967684311202195,-0.5766411011768886,-0.5583876134771013,-0.2581518506088099,-0.20744812792782025,-0.1394469321428542,-0.1653805228952227,-0.36625816899683666,-0.11316099470693164,-0.5901546359208569,0,1,0,0,0
-0.2091507147653422,-0.39869069487513986,-0.187535596217774,0.6784710600318581,-0.2046132913236344,-0.24189694305154366,-0.4038377462986678,-0.14967684311202195,-0.5766411011768886,-0.5583876134771013,-0.2639854253725263,-0.21343384526070597,-0.14379845166177438,-0.1653805228952227,-0.36625816899683666,-1.2074831808630695,-0.5901546359208569,0,1,0,0,1
-0.17281003359563168,-0.39869069487513986,-0.19561837384750325,0.6784710600318581,-0.22359305137234173,-0.24189718456855058,-0.3984929994164704,-0.14796244321595264,-0.5766411011768886,-0.5583876134771013,-0.2638277611897231,-0.20545288881685833,-0.04249219227599584,-0.1653805228952227,-0.36625816899683666,2.075483377605344,-0.5901546359208569,0,0,0,0,1
-0.19703715437543867,-0.4957547715337253,-0.19965976266236785,0.6784710600318581,-0.3426658215771857,-0.24189923407217187,-0.42339013519811286,-0.14967684311202195,-0.5766411011768886,-0.5583876134771013,-0.25752119387759737,-0.21143860614974405,-0.1414303213571346,-0.1653805228952227,-0.36625816899683666,0.43400009837113734,-0.5901546359208569,0,0,0,0,1
-0.17281003359563168,-0.39869069487513986,-0.187535596217774,-0.8767634615311403,-0.26612985204793044,-0.24189835446458507,-0.3915424542719681,-0.14967684311202195,-0.5766411011768886,-0.5583876134771013,-0.2556292236839596,-0.21792313326037024,-0.13824364010502616,-0.1653805228952227,-0.36625816899683666,0.7622967542179788,-0.5901546359208569,0,1,0,0,1
-0.19299930091213752,-0.39869069487513986,-0.187535596217774,-0.8767634615311403,-0.1945530511176257,-0.2418965103796439,-0.3977615964802985,-0.14755300832445623,-0.5766411011768886,-0.5583876134771013,-0.25547155950115646,-0.20545288881685833,-0.141373719214576,-0.1653805228952227,-0.36625816899683666,-0.3320254319381592,-0.5901546359208569,0,0,0,0,0
-0.18896144744883633,-0.4957547715337253,-0.19561837384750325,-0.8767634615311403,-0.21103409623552874,-0.24189719989175784,-0.3880088874923196,-0.14822588696759464,-0.5766411011768886,-0.5583876134771013,-0.25531389531835336,-0.1954766932620488,-0.140820694516556,-0.1653805228952227,-0.36625816899683666,0.6163871293971604,-0.5901546359208569,0,0,0,0,1
-0.1687721801323305,-0.4957547715337253,-0.1834942074029094,0.6784710600318581,-0.07942346539305568,-0.2418965831911583,-0.40203584210741145,-0.14587184222229252,-0.5766411011768886,-0.5583876134771013,-0.2619357909960854,-0.19697312259527025,-0.12118600506068186,-0.1653805228952227,-0.36625816899683666,0.6163871293971604,-0.5901546359208569,0,0,0,0,1
-0.1687721801323305,-0.4957547715337253,-0.187535596217774,0.6784710600318581,-0.23819639963434744,-0.24189786229132584,-0.40065607012054777,-0.14471133218609142,-0.5766411011768886,-0.5583876134771013,-0.26351243282411685,-0.19198502481786547,-0.07611136067312205,-0.1653805228952227,-0.36625816899683666,0.9811611914492063,-0.5901546359208569,0,0,0,0,1
-0.17281003359563168,-0.30162661821655434,-0.19965976266236785,-0.8767634615311403,-0.23901044358482545,-0.24189636638195605,-0.4140878761518646,-0.1445397959611707,-0.5766411011768886,-0.5583876134771013,-0.2602014849852508,-0.20096360081719405,-0.1320518578444612,-0.1653805228952227,-0.36625816899683666,3.7169666568395514,-0.5901546359208569,0,1,0,0,0
0.46517081360595264,4.1633209080783775,0.46312800297542944,-0.8767634615311403,-0.05890475718503125,0.047896797142501016,2.3212702284090847,-0.14817859022968308,2.7305002405651595,3.0857901966934342,-0.2633547686413137,1.2470811839634093,0.7987021031101333,0.35645406203484803,4.841873588720355,-0.10656869238068976,2.9660042516027736,0,0,0,1,1
-0.15262076627912585,0.6690141483693004,-0.1390389304393986,2.2337055815948563,2.936238792873466,5.954320721099414,2.1887477199974934,-0.1494317186763409,0.5744508584091952,1.8097334337092665,-0.2565752087807785,-0.19647431281752978,-0.13409993410223067,-0.1477678138275167,0.531653412707758,-0.3062766746168384,1.0746163889416978,0,1,0,0,1
9.360561993258422,-0.39869069487513986,9.366307562122183,0.6784710600318581,-0.3426155246954753,-0.24189840483722477,-0.4092453289187764,6.868799736932657,4.0924051716741285,-0.5583876134771013,-0.25547155950115646,9.216565002923002,1.2928555233032635,10.407809425568123,-0.36625816899683666,-0.11269906047892143,2.4327738487495574,0,0,0,1,1
0.31980808892711066,1.6396549149551551,0.3176380056403032,2.2337055815948563,-0.031267462543123035,0.2581926888590627,2.5954425257269285,-0.14808706313828796,2.1774471993772115,1.2667506710302978,-0.2572058655119911,0.23449733515024193,-0.044984320422472274,0.17437281250737596,0.8581040911435291,-0.10474313173649984,1.9016282474897763,0,1,0,0,0
0.4449815462894468,4.1633209080783775,0.46312800297542944,-0.8767634615311403,-0.09718744443095305,0.0029290223636644617,3.1807402359078645,-0.14813790725736106,2.575706924689946,2.8709744188957576,-0.2608321417164634,1.2470811839634093,0.10605453325788232,0.3320291894960947,4.534866375382857,-0.13953020401189878,2.7823749138547544,0,0,0,1,0
-0.20107500783873986,-0.4957547715337253,-0.19561837384750325,0.6784710600318581,-0.3032973674744796,-0.2418973449540236,-0.39345422120539547,-0.1467467963835548,-0.5766411011768886,-0.5583876134771013,-0.2590978357056288,-0.17951478037435356,-0.1417415294621192,-0.1653805228952227,-0.36625816899683666,-0.4779350567589777,-0.5901546359208569,0,0,0,0,0
-0.19299930091213752,-0.39869069487513986,-0.19157698503263862,-0.8767634615311403,-0.267257554868406,-0.2418980204095759,-0.3935275575493525,-0.1480384685296896,-0.5766411011768886,-0.5583876134771013,-0.25704820132918793,-0.17352906304146784,-0.1408467943799802,-0.1653805228952227,-0.36625816899683666,-0.11316099470693164,-0.5901546359208569,0,0,0,0,1
0.449019399752748,4.260384984736963,0.4510038365308356,-0.8767634615311403,-0.07646881266050597,0.10210358139413214,2.6838420804175036,-0.14755175715253635,2.370265064449193,3.132019822554932,-0.2624087835444948,1.2470811839634093,0.3168023451726569,0.2911580535336378,5.01558012258714,-0.11316099470693164,2.750723806179915,0,0,0,1,0
1.5594291021605688,2.8044238348581807,1.5381374277294177,2.2337055815948563,-0.3398239213668039,-0.24179977558810337,-0.28577261794703746,0.047899410250278315,2.1577914889324803,1.9347206394306737,-0.2579941864260068,2.1668864141168482,0.22786879955696554,0.9616629027514804,2.1787870557366205,-0.09796207545476311,2.148265598409268,0,0,0,1,0
-0.18088574052223402,-0.30162661821655434,-0.19561837384750325,0.6784710600318581,-0.28539034860509505,-0.2418982006989427,-0.41829429458088524,-0.1454677480767173,-0.5766411011768886,-0.5583876134771013,-0.2631971044585105,-0.19447907370656786,-0.10992275077980515,-0.1653805228952227,-0.36625816899683666,1.3459352535012525,-0.5901546359208569,0,1,0,0,1
-0.19703715437543867,-0.30162661821655434,-0.19965976266236785,-0.8767634615311403,-0.20344143059453046,-0.2418972122467371,-0.40597966452202994,-0.14744109397490132,-0.5766411011768886,-0.5583876134771013,-0.26225111936169165,-0.21393265503844644,-0.13597240260124263,-0.1653805228952227,-0.36625816899683666,0.43400009837113734,-0.5901546359208569,0,0,0,0,1
-0.17684788705893284,-0.30162661821655434,-0.19965976266236785,-0.8767634615311403,-0.17050511012322997,-0.24189702259402857,-0.4066165313432791,-0.14967684311202195,-0.5766411011768886,-0.5583876134771013,-0.2608321417164634,-0.17352906304146784,-0.13146003265339629,-0.1653805228952227,-0.36625816899683666,3.169805563761482,-0.5901546359208569,0,0,0,0,0
-0.16473432666902935,0.377821918393544,-0.1632872633285863,-0.8767634615311403,-0.3055146587153405,-0.24186643941237568,-0.3978174108070475,-0.13357878862563602,0.7929574778856305,1.2880258440425096,-0.2609898058992665,-0.17352906304146784,-0.12602589351241453,-0.152282991290729,0.17227850046421805,-0.11316099470693164,1.0135147239534033,0,1,0,0,1
0.16636965732166634,1.3484626849793988,0.15598245304571848,0.6784710600318581,0.11148483163152938,0.18338249803045553,3.8191180522480095,-0.14851259867917813,1.8273280307233781,2.2303060051367494,-0.2630394402757074,0.18112468893201095,0.2501235312998358,0.03922391613340352,1.2604779960797212,-0.07668358850172692,2.049081852689807,0,1,0,1,1
-0.18492359398553518,-0.4957547715337253,-0.19965976266236785,-0.8767634615311403,-0.31607323292140593,-0.2418987971464369,-0.3927014111178384,-0.14649233946867993,-0.5766411011768886,-0.5583876134771013,-0.2556292236839596,-0.21093979637200358,-0.14009524395727557,-0.1653805228952227,-0.36625816899683666,2.075483377605344,-0.5901546359208569,0,0,0,0,0
-0.18492359398553518,-0.39869069487513986,-0.1834942074029094,0.6784710600318581,-0.16918866454851927,-0.24189741024101613,-0.41697523620169913,-0.14087503839861365,-0.5766411011768886,-0.5583876134771013,-0.26130513426487284,-0.21143860614974405,-0.13308478940712878,-0.1653805228952227,-0.36625816899683666,-0.11316099470693164,-0.5901546359208569,0,0,0,0,1
-0.19299930091213752,-0.30162661821655434,-0.1834942074029094,0.6784710600318581,-0.21190868059959223,-0.24189718193861662,-0.41923663110281306,-0.14967684311202195,-0.5766411011768886,-0.5583876134771013,-0.25547155950115646,-0.18849335637368214,-0.141373719214576,-0.1653805228952227,-0.36625816899683666,-0.4779350567589777,-0.5901546359208569,0,0,0,0,0
-0.156658619742427,0.7660782250278859,-0.15116309688399246,0.6784710600318581,2.333741708404364,8.603953895383146,2.065160365793693,-0.14945746154163214,1.0410853216454434,1.4908376389829257,-0.2630394402757074,-0.19647431281752978,-0.08873408845208694,-0.14526901704487624,0.47050789394387765,-0.19132686514665576,1.2529116157339661,0,0,0,0,1
-0.18492359398553518,-0.39869069487513986,-0.19561837384750325,-0.8767634615311403,-0.31772885926073496,-0.24189872768833817,-0.3907043891024969,-0.14523800377210885,-0.5766411011768886,-0.5583876134771013,-0.26288177609290425,-0.21093979637200358,-0.12120272406001724,-0.1653805228952227,-0.36625816899683666,0.9811611914492063,-0.5901546359208569,0,1,0,0,1
-0.21318856822864335,-0.4957547715337253,-0.187535596217774,0.6784710600318581,-0.26105236358650485,-0.24189741905032733,-0.4086619545765274,-0.14967684311202195,-0.5766411011768886,-0.5583876134771013,-0.25783652224320364,-0.21193741592748455,-0.14462631896724307,-0.1653805228952227,-0.36625816899683666,-1.426347618094297,-0.5901546359208569,0,0,0,0,1
-0.2091507147653422,-0.30162661821655434,-0.1834942074029094,0.6784710600318581,-0.2273018758053725,-0.24189869034057207,-0.4176839230148591,-0.147716373708604,-0.5766411011768886,-0.5583876134771013,-0.2619357909960854,-0.21991837237133216,-0.14379845166177438,-0.1653805228952227,-0.36625816899683666,-1.2074831808630695,-0.5901546359208569,0,0,0,0,0
-0.18088574052223402,-0.4957547715337253,-0.187535596217774,-0.8767634615311403,-0.3426658215771857,-0.24189923407217187,-0.42339013519811286,-0.14967684311202195,-0.5766411011768886,-0.5583876134771013,-0.25499856695274703,-0.2149302745939274,-0.13977086903785202,-0.1653805228952227,-0.36625816899683666,0.3245678797555234,-0.5901546359208569,0,0,0,0,1
0.303656675073906,1.7367189916137404,0.32976217208489705,3.7889401031578553,-0.008643374681085204,0.08528723585092356,2.9026027901276286,-0.14775914415124475,2.4214123353109844,1.433530329367828,-0.25499856695274703,0.23449733515024193,-0.07072659548489743,0.21307030432070076,1.028082866043671,-0.16252891287938898,2.12433926793545,0,1,0,0,0
0.16233180385836515,3.289744218151108,0.16406523067544773,2.2337055815948563,0.06698017404114413,0.625355736583722,3.532873192953277,-0.14838144939382095,1.8866190321590035,2.7114812612692516,-0.26209345517888855,0.10331036360449661,0.07907799585995691,0.04898149109263645,3.448584679355972,-0.11316099470693164,2.2743027494468215,0,0,0,1,0
-0.20107500783873986,-0.30162661821655434,-0.1834942074029094,0.6784710600318581,-0.3426658215771857,-0.24189923407217187,-0.42339013519811286,-0.14967684311202195,-0.5766411011768886,-0.5583876134771013,-0.2565752087807785,-0.2149302745939274,-0.14241294915326816,-0.1653805228952227,-0.36625816899683666,-0.8427091188110237,-0.5901546359208569,0,0,0,0,1
-0.17281003359563168,-0.30162661821655434,-0.187535596217774,0.6784710600318581,-0.2334535625631611,-0.2418979537545652,-0.4091658100450643,-0.14967684311202195,-0.5766411011768886,-0.5583876134771013,-0.26146279844767595,-0.2129350354829655,-0.12683597899866067,-0.1653805228952227,-0.36625816899683666,0.7622967542179788,-0.5901546359208569,0,0,0,0,0
-0.17684788705893284,-0.20456254155796888,-0.19157698503263862,0.6784710600318581,6.435269779176918,-0.24189923407217187,0.0801704457670618,-0.14953155228793225,-0.24126799301629945,0.08682431097296367,-0.25547155950115646,-0.19048859548464406,-0.13894898676737763,-0.16441836654870315,-0.29098352680338735,0.9811611914492063,-0.1224939631856726,0,0,0,0,0
-0.1687721801323305,-0.4957547715337253,-0.19561837384750325,-0.8767634615311403,-0.1570604061770883,-0.24189604760253028,-0.41238646434073395,-0.14621009906619264,-0.5766411011768886,-0.5583876134771013,-0.25988615661964454,-0.1790159705966131,-0.13167839551211089,-0.1653805228952227,-0.36625816899683666,2.4402574396573904,-0.5901546359208569,0,0,0,0,0
-0.2091507147653422,-0.30162661821655434,-0.19561837384750325,0.6784710600318581,-0.24000392142223656,-0.24189647226608615,-0.4013457096300875,-0.14967684311202195,-0.5766411011768886,-0.5583876134771013,-0.2557868878667628,-0.2129350354829655,-0.14379845166177438,-0.1653805228952227,-0.36625816899683666,-1.2074831808630695,-0.5901546359208569,0,1,0,0,0
-0.2091507147653422,-0.4957547715337253,-0.19561837384750325,-0.8767634615311403,-0.2577197036799618,-0.24189770844121186,-0.4176851701823704,-0.14967684311202195,-0.5766411011768886,-0.5583876134771013,-0.26225111936169165,-0.21243622570522502,-0.14379845166177438,-0.1653805228952227,-0.36625816899683666,-1.2074831808630695,-0.5901546359208569,0,1,0,0,0
-0.19299930091213752,-0.30162661821655434,-0.19157698503263862,0.6784710600318581,-0.14699237977954815,-0.24189739686959225,-0.40409710752805117,-0.14967684311202195,-0.5766411011768886,-0.5583876134771013,-0.25752119387759737,-0.17352906304146784,-0.14064094458892132,-0.1653805228952227,-0.36625816899683666,-0.11316099470693164,-0.5901546359208569,0,0,0,0,0
0.158293950395064,3.289744218151108,0.1600238418605831,0.6784710600318581,0.019695163269116068,0.9072708485985741,2.0876840242056005,-0.1485322521898351,1.5363349059140003,3.326996236965134,-0.26225111936169165,0.10331036360449661,0.09359170317435571,0.016477821658681002,4.166684698969031,-0.11316099470693164,2.2865104278404362,0,1,0,1,0
-0.21318856822864335,-0.4957547715337253,-0.1834942074029094,0.6784710600318581,-0.3426658215771857,-0.24189923407217187,-0.42339013519811286,-0.14967684311202195,-0.5766411011768886,-0.5583876134771013,-0.25704820132918793,-0.2089445572610417,-0.14453636598222294,-0.1653805228952227,-0.36625816899683666,-1.3898702118890927,-0.5901546359208569,0,1,0,0,0
-0.205112861302041,-0.30162661821655434,-0.19157698503263862,-0.8767634615311403,-0.24100570988895398,-0.2418963929730598,-0.41958270635744216,-0.14967684311202195,-0.5766411011768886,-0.5583876134771013,-0.2609898058992665,-0.18849335637368214,-0.14218276455728712,-0.1653805228952227,-0.36625816899683666,-0.9339026343240351,-0.5901546359208569,0,0,0,0,0
-0.17684788705893284,-0.30162661821655434,-0.1834942074029094,-0.8767634615311403,-0.21334246800701068,-0.2418970190737191,-0.41354561967102227,-0.14432061329082913,-0.5766411011768886,-0.5583876134771013,-0.2611474700820697,-0.20096360081719405,-0.1302272180980213,-0.1653805228952227,-0.36625816899683666,0.2516130673451143,-0.5901546359208569,0,1,0,0,0
0.3924894512665317,0.8631423016864713,0.38230022667813707,0.6784710600318581,-0.29097291514344,-0.23699983850916473,0.07820502319843478,-0.13942962644455162,1.8527140322457802,1.4641057717198238,-0.25783652224320364,0.13323895026892518,-0.02044622314694024,0.17148391593521858,0.5185817193027189,-0.09067492238865474,1.768013106490638,0,0,0,0,0
-0.17684788705893284,-0.30162661821655434,-0.19561837384750325,-0.8767634615311403,-0.3426658215771857,-0.24189923407217187,-0.42339013519811286,-0.14967684311202195,-0.5766411011768886,-0.5583876134771013,-0.25704820132918793,-0.2089445572610417,-0.13789513709818602,-0.1653805228952227,-0.36625816899683666,1.7107093155532982,-0.5901546359208569,0,1,0,0,0
-0.19703715437543867,-0.30162661821655434,-0.19157698503263862,0.6784710600318581,-0.226971764536744,-0.24189687758479897,-0.411110341017096,-0.1464403613727732,-0.5766411011768886,-0.5583876134771013,-0.2587825073400225,-0.1790159705966131,-0.14088929206335682,-0.1653805228952227,-0.36625816899683666,-0.3867415412459661,-0.5901546359208569,0,0,0,0,1
-0.18896144744883633,-0.39869069487513986,-0.19965976266236785,-0.8767634615311403,-0.28254455654183197,-0.24189821105777565,-0.392861152272225,-0.14967684311202195,-0.5766411011768886,-0.5583876134771013,-0.2559445520495659,-0.17951478037435356,-0.14059602877784097,-0.1653805228952227,-0.36625816899683666,1.5283222845272753,-0.5901546359208569,0,0,0,0,1
-0.19299930091213752,-0.30162661821655434,-0.187535596217774,-0.8767634615311403,-0.21103139936507373,-0.2418980654912796,-0.4091770870543072,-0.14967684311202195,-0.5766411011768886,-0.5583876134771013,-0.25689053714638477,-0.21243622570522502,-0.14090957333670037,-0.1653805228952227,-0.36625816899683666,-0.3320254319381592,-0.5901546359208569,0,0,0,0,0
-0.18088574052223402,-0.4957547715337253,-0.1834942074029094,0.6784710600318581,-0.19643567173238977,-0.24189749583186837,-0.4072416369659732,-0.14620850591260692,-0.5766411011768886,-0.5583876134771013,-0.25846717897441623,-0.2214148017045536,-0.1373771684239045,-0.1653805228952227,-0.36625816899683666,0.06922603631909144,-0.5901546359208569,0,0,0,0,1
2.270091311701574,2.9014879115167664,2.2494218591455906,2.2337055815948563,-0.32298431416532136,-0.24028694359958372,0.6013922414210642,-0.11431074349353885,3.2178122595340004,3.1190777545045134,-0.25499856695274703,1.3089335964032283,0.2094780813508433,2.037211532841111,3.49507624435276,-0.10236176260670653,3.2944347526244266,0,1,0,1,0
0.26731599390419547,0.8631423016864713,0.2529757846024693,0.6784710600318581,-0.05355752258491848,0.14185221006662357,2.7994940037282903,-0.14835526125999032,1.909830901072521,1.502773343976219,-0.26004382080244764,0.29535212803458005,0.004511856650067273,0.1033136049173916,0.535498763663204,-0.07476372501724247,1.8200069352685948,0,1,0,0,0
-0.14050720588922236,0.377821918393544,-0.1390389304393986,-0.8767634615311403,2.6790440915133873,3.7269887699242954,3.0387367951744726,-0.14949488185570362,0.918003795510568,1.0869972527228242,-0.2557868878667628,-0.13362428082222974,-0.133111785676309,-0.14251115480898074,0.11364522545484702,-0.11316099470693164,1.0164181970268376,0,1,0,0,0
-0.17684788705893284,-0.30162661821655434,-0.17541142977318014,0.6784710600318581,-0.33894382374653514,-0.24189883316092056,-0.42086956074526916,-0.054193362123666544,0.3110355435791686,-0.5583876134771013,-0.26225111936169165,-0.19647431281752978,-0.12292898750035636,-0.15943829926787703,-0.36625816899683666,-0.11316099470693164,-0.015437047403316797,0,0,0,0,0
-0.19703715437543867,-0.39869069487513986,-0.19965976266236785,0.6784710600318581,-0.21064374254256618,-0.24189735917842828,-0.4135008428384349,-0.14601139644906488,-0.5766411011768886,-0.5583876134771013,-0.2565752087807785,-0.1790159705966131,-0.14172019789901502,-0.1653805228952227,-0.36625816899683666,0.43400009837113734,-0.5901546359208569,0,1,0,0,0
-0.17281003359563168,-0.30162661821655434,-0.187535596217774,0.6784710600318581,-0.28166934781356284,-0.2418982443285388,-0.3989760681010946,-0.14967684311202195,-0.5766411011768886,-0.5583876134771013,-0.2597284924368414,-0.17951478037435356,-0.1332663247526268,-0.1653805228952227,-0.36625816899683666,0.7622967542179788,-0.5901546359208569,0,1,0,0,0
-0.17684788705893284,-0.39869069487513986,-0.19157698503263862,0.6784710600318581,-0.25189357128805795,-0.24189801647099188,-0.39659213265902726,-0.14793735651622528,-0.5766411011768886,-0.5583876134771013,-0.2639854253725263,-0.18998978570690359,-0.009095546619894371,-0.1653805228952227,-0.36625816899683666,0.9811611914492063,-0.5901546359208569,0,1,0,0,1
-0.20107500783873986,-0.4957547715337253,-0.187535596217774,-0.8767634615311403,-0.3426658215771857,-0.24189923407217187,-0.42339013519811286,-0.14967684311202195,-0.5766411011768886,-0.5583876134771013,-0.2627241119101011,-0.2089445572610417,-0.13701848015176296,-0.1653805228952227,-0.36625816899683666,-0.7697543064006144,-0.5901546359208569,0,0,0,0,0
-0.18088574052223402,-0.30162661821655434,-0.19561837384750325,0.6784710600318581,-0.2825083745664669,-0.24189871565033927,-0.4075946155917397,-0.14529892650132437,-0.5766411011768886,-0.5583876134771013,-0.25689053714638477,-0.2129350354829655,-0.1387429145928949,-0.1653805228952227,-0.36625816899683666,1.3459352535012525,-0.5901546359208569,0,0,0,0,0
-0.18088574052223402,-0.30162661821655434,-0.19561837384750325,0.6784710600318581,-0.10121771594675127,-0.24189816214612467,-0.41375412597911054,-0.14967684311202195,-0.5766411011768886,-0.5583876134771013,-0.25894017152282567,-0.19697312259527025,-0.13681086220988364,-0.1653805228952227,-0.36625816899683666,1.3459352535012525,-0.5901546359208569,0,0,0,0,1
-0.17684788705893284,-0.4957547715337253,-0.19157698503263862,-0.8767634615311403,-0.3426658215771857,-0.24189923407217187,-0.42339013519811286,-0.14967684311202195,-0.5766411011768886,-0.5583876134771013,-0.2631971044585105,-0.19647431281752978,-0.10508336493952383,-0.1653805228952227,-0.36625816899683666,0.9811611914492063,-0.5901546359208569,0,1,0,0,1
-0.18896144744883633,-0.30162661821655434,-0.187535596217774,-0.8767634615311403,-0.22839584698139753,-0.2418972350631951,-0.4025023593340287,-0.14967684311202195,-0.5766411011768886,-0.5583876134771013,-0.2609898058992665,-0.21243622570522502,-0.1357200161393381,-0.1653805228952227,-0.36625816899683666,-0.11316099470693164,-0.5901546359208569,0,0,0,0,0
-0.2091507147653422,-0.4957547715337253,-0.19561837384750325,0.6784710600318581,-0.2295403488318392,-0.24189873732400133,-0.4023519849118823,-0.14797899941320328,-0.5766411011768886,-0.5583876134771013,-0.2609898058992665,-0.19846955192849167,-0.14379845166177438,-0.1653805228952227,-0.36625816899683666,-1.2074831808630695,-0.5901546359208569,0,0,0,0,1
-0.2172264216919445,-0.39869069487513986,-0.19965976266236785,0.6784710600318581,-0.18588080789511105,-0.2418974282338213,-0.3996427719113153,-0.14967684311202195,-0.5766411011768886,-0.5583876134771013,-0.2617781268132823,-0.2129350354829655,-0.1480385795259959,-0.1653805228952227,-0.36625816899683666,-2.3018053670192073,-0.5901546359208569,0,1,0,0,0
-0.18492359398553518,-0.39869069487513986,-0.1632872633285863,0.6784710600318581,-0.3362096990015487,-0.2418986936341797,-0.4207124680322469,-0.06674364853957046,0.2562912767228439,-0.5583876134771013,-0.2581518506088099,-0.19647431281752978,-0.13857662823907016,-0.15741515383692883,-0.36625816899683666,-0.6105801702324489,-0.05088068920542126,0,0,0,0,0
-0.15262076627912585,0.2807578417349585,-0.15116309688399246,0.6784710600318581,0.075712627286617,-0.11733552004247372,0.013520501835379128,-0.14873815894527068,0.8122439406904832,0.9589968078048754,-0.2638277611897231,-0.16754334570858212,0.013789062938325564,-0.1481139633268611,0.032054805966164474,-0.11316099470693164,0.8982442559340795,0,0,0,0,0
-0.19299930091213752,-0.39869069487513986,-0.19965976266236785,-0.8767634615311403,-0.29314983048846627,-0.241897865715091,-0.4201229290056281,-0.14763766240419038,-0.5766411011768886,-0.5583876134771013,-0.2556292236839596,-0.17951478037435356,-0.14132964652544183,-0.1653805228952227,-0.36625816899683666,0.9811611914492063,-0.5901546359208569,0,0,0,0,1
-0.17281003359563168,-0.4957547715337253,-0.187535596217774,0.6784710600318581,-0.32250955328863523,-0.2418986661575636,-0.3949781203873976,-0.14761294479798484,-0.5766411011768886,-0.5583876134771013,-0.25894017152282567,-0.18998978570690359,-0.13481440808077197,-0.1653805228952227,-0.36625816899683666,0.7622967542179788,-0.5901546359208569,0,0,0,0,0
-0.1687721801323305,-0.30162661821655434,-0.19561837384750325,-0.8767634615311403,-0.22947814324341584,-0.24189754040079664,-0.4118682369162558,-0.1432747523806624,-0.5766411011768886,-0.5583876134771013,-0.26146279844767595,-0.20096360081719405,-0.12495125981387027,-0.1653805228952227,-0.36625816899683666,2.4402574396573904,-0.5901546359208569,0,0,0,0,1
-0.17684788705893284,-0.4957547715337253,-0.1834942074029094,-0.8767634615311403,-0.23221635468852833,-0.24189783892485897,-0.4053045436527848,-0.14337703835843726,-0.5766411011768886,-0.5583876134771013,-0.2627241119101011,-0.18849335637368214,-0.11667856562172865,-0.1653805228952227,-0.36625816899683666,0.2516130673451143,-0.5901546359208569,0,1,0,0,0
-0.13646935242592118,0.2807578417349585,-0.15924587451372169,-0.8767634615311403,0.06524852636016405,-0.1298031009611295,-0.06899851117178055,-0.14893207992236526,0.5979489259100502,1.1269380015125432,-0.2587825073400225,-0.16754334570858212,-0.126343494071269,-0.1530246010499422,0.07613932110045292,0.43400009837113734,0.8247102176646354,0,0,0,0,0
-0.1687721801323305,-0.4957547715337253,-0.19965976266236785,-0.8767634615311403,-0.13727162897656547,-0.24189593878530802,-0.41192492389601204,-0.14646796781059337,-0.5766411011768886,-0.5583876134771013,-0.2605168133508571,-0.1790159705966131,-0.12965978796463049,-0.1653805228952227,-0.36625816899683666,4.26412774991762,-0.5901546359208569,0,0,0,0,0
-0.17281003359563168,-0.4957547715337253,-0.19965976266236785,-0.8767634615311403,-0.2641608537437565,-0.24189760260249776,-0.3964734774673603,-0.14733082942129452,-0.5766411011768886,-0.5583876134771013,-0.2619357909960854,-0.17352906304146784,-0.12344724972079112,-0.1653805228952227,-0.36625816899683666,3.7169666568395514,-0.5901546359208569,0,0,0,0,0
-0.08801511086630717,0.6690141483693004,-0.10266643110561703,2.2337055815948563,-0.09961668108800158,-0.13273446564218583,0.12414963922106617,-0.14784727759423497,1.3940312198256444,1.1794521855082973,-0.2557868878667628,-0.10968141149068686,-0.12493962933448248,-0.11826645713717582,0.29267203413199466,0.055196264701704856,1.3605164483903218,0,0,0,0,1
-0.18492359398553518,-0.30162661821655434,-0.19561837384750325,0.6784710600318581,-0.30306169092848934,-0.24189849886484294,-0.4039101138927297,-0.14967684311202195,-0.5766411011768886,-0.5583876134771013,-0.2605168133508571,-0.2104409865942631,-0.13531525344348805,-0.1653805228952227,-0.36625816899683666,0.9811611914492063,-0.5901546359208569,0,0,0,0,1
-0.2091507147653422,-0.39869069487513986,-0.19965976266236785,0.6784710600318581,-0.3426658215771857,-0.24189923407217187,-0.42339013519811286,-0.14967684311202195,-0.5766411011768886,-0.5583876134771013,-0.2572058655119911,-0.21143860614974405,-0.14379845166177438,-0.1653805228952227,-0.36625816899683666,-1.2074831808630695,-0.5901546359208569,0,1,0,0,0
-0.1687721801323305,-0.20456254155796888,-0.1632872633285863,0.6784710600318581,-0.05495943741187765,-0.22723551569886366,-0.26988582592213184,-0.14767059722974027,0.2150871908340472,0.4317929629475918,-0.25610221623236906,-0.20545288881685833,-0.1372704752479377,-0.15780919032719168,-0.2507372280892408,-0.2126448298120351,0.30691517764248827,0,0,0,0,1
-0.17684788705893284,-0.30162661821655434,-0.1673286521434509,0.6784710600318581,-0.3379388070168937,-0.24189883947000268,-0.42151592780747693,-0.0149075924326951,0.271823633809188,-0.5583876134771013,-0.25925549988843194,-0.19647431281752978,-0.13531378143269188,-0.15807800778860903,-0.36625816899683666,-0.3320254319381592,-0.04082441605529221,0,0,0,0,0
-0.1687721801323305,-0.010434388240797931,-0.1430803192542632,0.6784710600318581,2.6185751867392955,5.426987968153546,2.741278321892269,-0.14947645979117452,0.9827682396898388,0.78416881478084,-0.2581518506088099,-0.1745266825969488,-0.135095412623934,-0.14301147246112575,-0.13131105100664556,-0.5235318145154834,0.9407653247144794,0,1,0,0,1
-0.2091507147653422,-0.39869069487513986,-0.19561837384750325,-0.8767634615311403,-0.33190462005929,-0.24189923407217187,-0.4225917385781585,-0.03022759856344853,-0.24585836738809788,-0.5583876134771013,-0.2602014849852508,-0.19697312259527025,-0.14379845166177438,-0.16474786492138266,-0.36625816899683666,-1.2074831808630695,-0.37599258016622283,0,0,0,0,0
-0.2091507147653422,-0.39869069487513986,-0.19965976266236785,-0.8767634615311403,-0.2618668333598791,-0.24189839789202458,-0.40646434294805184,-0.14967684311202195,-0.5766411011768886,-0.5583876134771013,-0.2573635296947942,-0.19846955192849167,-0.14379845166177438,-0.1653805228952227,-0.36625816899683666,-1.2074831808630695,-0.5901546359208569,0,0,0,0,1
-0.20107500783873986,-0.30162661821655434,-0.19965976266236785,-0.8767634615311403,-0.13915258306199502,-0.2418974420048544,-0.4032180672998032,-0.14967684311202195,-0.5766411011768886,-0.5583876134771013,-0.26288177609290425,-0.21243622570522502,-0.13626654246118866,-0.1653805228952227,-0.36625816899683666,-0.11316099470693164,-0.5901546359208569,0,1,0,0,1
-0.2091507147653422,-0.30162661821655434,-0.19561837384750325,-0.8767634615311403,-0.2548605907318406,-0.24189808638297813,-0.40988009609768844,-0.14967684311202195,-0.5766411011768886,-0.5583876134771013,-0.25846717897441623,-0.21193741592748455,-0.14379845166177438,-0.1653805228952227,-0.36625816899683666,-1.2074831808630695,-0.5901546359208569,0,0,0,0,1
-0.12839364549931884,0.18369376507637303,-0.13499754162453398,-0.8767634615311403,1.9726192409108907,5.432194297563942,3.0527886025481656,-0.14947583062726474,0.9108283035813755,1.5988505312564678,-0.2608321417164634,-0.13362428082222974,-0.1129524041408291,-0.1411984725313225,0.13709684760266594,0.008430359310417078,1.210517850985334,0,1,0,0,1
-0.18492359398553518,-0.4957547715337253,-0.19157698503263862,0.6784710600318581,-0.22767566761187655,-0.24189856023674772,-0.40882941139870255,-0.14807723163236458,-0.5766411011768886,-0.5583876134771013,-0.2631971044585105,-0.19846955192849167,-0.11476213662008647,-0.1653805228952227,-0.36625816899683666,0.43400009837113734,-0.5901546359208569,0,0,0,0,1
0.2713538473674967,0.8631423016864713,0.2529757846024693,0.6784710600318581,-0.008034440850760782,0.12197197414985686,2.4740994616920022,-0.14862114021195413,2.3975191459630683,1.8317808925739718,-0.26130513426487284,0.29535212803458005,0.068689183055363,0.15601436627194717,0.6794394087509509,-0.06516440759482042,2.2635048912752773,0,1,0,1,1
-0.205112861302041,-0.39869069487513986,-0.19157698503263862,0.6784710600318581,-0.3181928386729867,-0.24189892366514593,-0.39116272920276063,-0.14541862751576418,-0.5766411011768886,-0.5583876134771013,-0.2624087835444948,-0.21093979637200358,-0.14097267990205395,-0.1653805228952227,-0.36625816899683666,-0.9339026343240351,-0.5901546359208569,0,1,0,0,0
-0.2172264216919445,-0.30162661821655434,-0.19561837384750325,0.6784710600318581,-0.3210833039404558,-0.24189819541817698,-0.4029848621383225,-0.14967684311202195,-0.5766411011768886,-0.5583876134771013,-0.2608321417164634,-0.20794693770556072,-0.14688305641386892,-0.1653805228952227,-0.36625816899683666,-1.9370313049671615,-0.5901546359208569,0,1,0,0,0
-0.19703715437543867,-0.30162661821655434,-0.19157698503263862,-0.8767634615311403,-0.16544259169638795,-0.24189772531324202,-0.41170230637326755,-0.14658427982400435,-0.5766411011768886,-0.5583876134771013,-0.26067447753366024,-0.2214148017045536,-0.13937256873905512,-0.1653805228952227,-0.36625816899683666,-0.3867415412459661,-0.5901546359208569,0,1,0,0,1
-0.16473432666902935,-0.10749846489938342,-0.1632872633285863,2.2337055815948563,0.788964711339153,-0.06471526691733108,0.06761317906467555,-0.1491664032944792,0.36225327103503047,0.21315761122517726,-0.25531389531835336,-0.21193741592748455,-0.13724738594229388,-0.15640183461289092,-0.25374128011759356,-0.11316099470693164,0.3173034203928413,0,1,0,0,0
-0.19703715437543867,-0.30162661821655434,-0.19965976266236785,-0.8767634615311403,-0.27839749261991326,-0.24189740806639864,-0.4121136419513459,-0.14967684311202195,-0.5766411011768886,-0.5583876134771013,-0.26288177609290425,-0.201961220372675,-0.1325005878608958,-0.1653805228952227,-0.36625816899683666,0.43400009837113734,-0.5901546359208569,0,1,0,0,0
-0.14454505935252351,-0.010434388240797931,-0.15520448569885706,0.6784710600318581,-0.342242874510604,-0.24189922376834963,-0.423132424912101,1.6301023623848827,0.6860889767627445,0.665653841769438,-0.262566447727298,-0.1555719110428107,-0.09448210821225099,-0.15088987079619987,-0.1520511486007889,0.13937489440602335,0.7026655483506966,0,0,0,0,0
-0.10820437818281302,0.571950071710715,-0.13095615280966935,-0.8767634615311403,1.4749648647654898,2.4497055619894326,2.909194865657911,-0.14940143027006983,0.7037366433389816,1.259841746841333,-0.25846717897441623,-0.18649811726272023,-0.12086529724081045,-0.14334076700212123,0.270121411124455,0.2324144325002699,0.944806080021021,0,0,0,0,1
-0.19299930091213752,-0.30162661821655434,-0.19965976266236785,0.6784710600318581,-0.2896398414344076,-0.24189768746709828,-0.4108718261785609,-0.14967684311202195,-0.5766411011768886,-0.5583876134771013,-0.2590978357056288,-0.201961220372675,-0.13968460726246407,-0.1653805228952227,-0.36625816899683666,0.9811611914492063,-0.5901546359208569,0,1,0,0,0
-0.156658619742427,-0.10749846489938342,-0.1430803192542632,-0.8767634615311403,1.7961159013550665,4.45925853919133,2.8642761926982594,-0.14949990214245862,0.6464178651174362,0.45163526887041966,-0.26351243282411685,-0.1745266825969488,-0.05580523337652636,-0.1478362726564072,-0.21896332641331648,-0.3183464046112075,0.5938805025896017,0,0,0,0,1
-0.18088574052223402,-0.30162661821655434,-0.19561837384750325,0.6784710600318581,-0.30734978383800726,-0.2418971374287613,-0.40018711172339433,-0.14631250346610417,-0.5766411011768886,-0.5583876134771013,-0.26209345517888855,-0.17951478037435356,-0.12684046108946875,-0.1653805228952227,-0.36625816899683666,1.3459352535012525,-0.5901546359208569,0,0,0,0,1
-0.19703715437543867,-0.30162661821655434,-0.17945281858804477,0.6784710600318581,-0.27546182857145113,-0.24117669829896965,-0.39550366030129447,-0.14357122994922186,0.35721490174234166,0.36743464109756824,-0.26035914916805397,-0.18001359015209403,-0.13972640348304333,-0.1600222192144524,-0.2852488103191736,-0.7384879582247247,0.37394495623269713,0,1,0,0,1
-0.17684788705893284,-0.30162661821655434,-0.19965976266236785,-0.8767634615311403,-0.3216492510099452,-0.24189808005533803,-0.402414042956438,-0.14967684311202195,-0.5766411011768886,-0.5583876134771013,-0.2608321417164634,-0.20794693770556072,-0.13146003265339629,-0.1653805228952227,-0.36625816899683666,3.169805563761482,-0.5901546359208569,0,0,0,0,1
-0.20107500783873986,-0.30162661821655434,-0.19965976266236785,0.6784710600318581,-0.3426658215771857,-0.24189923407217187,-0.42339013519811286,-0.14967684311202195,-0.5766411011768886,-0.5583876134771013,-0.25499856695274703,-0.2089445572610417,-0.14264771376922514,-0.1653805228952227,-0.36625816899683666,-0.11316099470693164,-0.5901546359208569,0,0,0,0,0
-0.21318856822864335,-0.30162661821655434,-0.19561837384750325,-0.8767634615311403,-0.14762736418261083,-0.24189643983596462,-0.40616856321196654,-0.14590605105177357,-0.5766411011768886,-0.5583876134771013,-0.26367009700691996,-0.21393265503844644,-0.15225231655288823,-0.1653805228952227,-0.36625816899683666,-1.5722572429151156,-0.5901546359208569,0,1,0,0,0
2.266053458238273,2.8044238348581807,2.245380470330726,2.2337055815948563,-0.3231264489623909,-0.24037186166174082,0.6124934668787588,-0.1251928456971944,3.2022759287306304,3.0667990842305666,-0.2590978357056288,1.3089335964032283,0.4866482025325319,2.024579258597412,3.334449204221845,-0.102343971450034,3.2640768417764936,0,0,0,1,0
-0.2091507147653422,-0.4957547715337253,-0.19561837384750325,-0.8767634615311403,-0.16122189100994622,-0.24189809736349313,-0.4152381138861344,-0.14967684311202195,-0.5766411011768886,-0.5583876134771013,-0.2595708282540382,-0.19697312259527025,-0.14379845166177438,-0.1653805228952227,-0.36625816899683666,-1.2074831808630695,-0.5901546359208569,0,0,0,0,1
-0.18896144744883633,-0.39869069487513986,-0.1834942074029094,-0.8767634615311403,-0.258679326007735,-0.24189838660577753,-0.4053023417779467,-0.14967684311202195,-0.5766411011768886,-0.5583876134771013,-0.25641754459797533,-0.19846955192849167,-0.14040394743192028,-0.1653805228952227,-0.36625816899683666,-0.2955480257329546,-0.5901546359208569,0,0,0,0,0
-0.17281003359563168,-0.4957547715337253,-0.1834942074029094,-0.8767634615311403,-0.24046768642811153,-0.2418977297162198,-0.4017814751541527,-0.14701700965925513,-0.5766411011768886,-0.5583876134771013,-0.25610221623236906,-0.20744812792782025,-0.13792327288932135,-0.1653805228952227,-0.36625816899683666,0.43400009837113734,-0.5901546359208569,0,0,0,0,1
-0.2172264216919445,-0.30162661821655434,-0.19157698503263862,0.6784710600318581,-0.2169535551501425,-0.24189804083636307,-0.4074707998769451,-0.14967684311202195,-0.5766411011768886,-0.5583876134771013,-0.26035914916805397,-0.2129350354829655,-0.14651315044759508,-0.1653805228952227,-0.36625816899683666,-1.7546442739411385,-0.5901546359208569,0,0,0,0,0
-0.18088574052223402,-0.39869069487513986,-0.19157698503263862,0.6784710600318581,-0.2719758854612785,-0.24189762674453089,-0.40138177206709896,-0.14967684311202195,-0.5766411011768886,-0.5583876134771013,-0.26367009700691996,-0.22041718214907263,-0.0846213974239775,-0.1653805228952227,-0.36625816899683666,0.7075806449101718,-0.5901546359208569,0,1,0,0,1
-0.19703715437543867,-0.30162661821655434,-0.19157698503263862,0.6784710600318581,-0.12763772970100995,-0.2418963052553956,-0.4115463754879014,-0.14967684311202195,-0.5766411011768886,-0.5583876134771013,-0.2616204626304791,-0.20495407903911786,-0.13781202236081913,-0.1653805228952227,-0.36625816899683666,-0.3867415412459661,-0.5901546359208569,0,0,0,0,0
-0.1687721801323305,-0.20456254155796888,-0.17945281858804477,-0.8767634615311403,6.65114836041488,-0.24189923407217187,0.14580715771752958,-0.14954296365162129,-0.14339805955229615,0.128693717752002,-0.2565752087807785,-0.19048859548464406,-0.13687093911924314,-0.16289464950858887,-0.2860987680214873,0.3558342279314132,-0.04287173320642907,0,1,0,0,0
-0.17684788705893284,-0.4957547715337253,-0.19157698503263862,0.6784710600318581,-0.29303296242433124,-0.24189748473983075,-0.4016409258128996,-0.14570801181855503,-0.5766411011768886,-0.5583876134771013,-0.2572058655119911,-0.17951478037435356,-0.1377640008990689,-0.1653805228952227,-0.36625816899683666,0.9811611914492063,-0.5901546359208569,0,0,0,0,0
-0.21318856822864335,-0.30162661821655434,-0.19965976266236785,0.6784710600318581,-0.20614553118881157,-0.24189669426517396,-0.39784230573576557,-0.1458582394568689,-0.5766411011768886,-0.5583876134771013,-0.2630394402757074,-0.2169255137048893,-0.1480341719086734,-0.1653805228952227,-0.36625816899683666,-1.7546442739411385,-0.5901546359208569,0,1,0,0,1
-0.19703715437543867,-0.4957547715337253,-0.1834942074029094,0.6784710600318581,-0.2515215426832888,-0.241897904045511,-0.41640270708086924,-0.14967684311202195,-0.5766411011768886,-0.5583876134771013,-0.25862484315721934,-0.21243622570522502,-0.14097006465748224,-0.1653805228952227,-0.36625816899683666,-0.6603220877850006,-0.5901546359208569,0,1,0,0,0
-0.13243149896262002,0.08662968841778755,-0.1390389304393986,0.6784710600318581,1.4194503180857951,2.011550492356161,2.4435814539279073,-0.14950827798139793,0.8263676686060444,0.7826764636333567,-0.2617781268132823,-0.17951478037435356,-0.10351723695167005,-0.14391326732468376,-0.09245788603432964,0.015582791899672856,0.8389258411726191,0,1,0,0,0
-0.14454505935252351,0.2807578417349585,-0.14712170806912783,-0.8767634615311403,-0.32150238850166424,-0.24186316098124946,-0.40130909478856663,-0.13254324882778432,0.7652492769996296,1.5044665969477355,-0.262566447727298,-0.17352906304146784,-0.09448210821225099,-0.14741494329455715,0.17524046901809748,-0.04020618229652246,1.079616188870764,0,0,0,0,0
-0.18896144744883633,-0.39869069487513986,-0.19157698503263862,0.6784710600318581,-0.10399076490298992,-0.24189707045629666,-0.40659875704679727,-0.14679998781586084,-0.5766411011768886,-0.5583876134771013,-0.26367009700691996,-0.21393265503844644,-0.1015291272062052,-0.1653805228952227,-0.36625816899683666,0.16041955183210285,-0.5901546359208569,0,0,0,0,0
-0.17684788705893284,-0.4957547715337253,-0.19965976266236785,-0.8767634615311403,-0.13197797865492666,-0.2418985132997073,-0.3964275254432519,-0.14496779915328264,-0.5766411011768886,-0.5583876134771013,-0.25846717897441623,-0.18998978570690359,-0.13645984224706592,-0.1653805228952227,-0.36625816899683666,3.169805563761482,-0.5901546359208569,0,1,0,0,1
-0.1687721801323305,-0.30162661821655434,-0.1834942074029094,-0.8767634615311403,-0.2675443130779009,-0.24189811600157715,-0.39736779506664077,-0.14800741858326344,-0.5766411011768886,-0.5583876134771013,-0.25988615661964454,-0.17352906304146784,-0.13167839551211089,-0.1653805228952227,-0.36625816899683666,0.6163871293971604,-0.5901546359208569,0,1,0,0,0
-0.2091507147653422,-0.39869069487513986,-0.19157698503263862,-0.8767634615311403,-0.18016882931698994,-0.24189785152108081,-0.41185277086377803,-0.14967684311202195,-0.5766411011768886,-0.5583876134771013,-0.26004382080244764,-0.2129350354829655,-0.14379845166177438,-0.1653805228952227,-0.36625816899683666,-1.2074831808630695,-0.5901546359208569,0,1,0,0,1
-0.2091507147653422,-0.39869069487513986,-0.19561837384750325,-0.8767634615311403,-0.17001438691232432,-0.24189882760349712,-0.4197639738265851,-0.14678777596620923,-0.5766411011768886,-0.5583876134771013,-0.2587825073400225,-0.21991837237133216,-0.14379845166177438,-0.1653805228952227,-0.36625816899683666,-1.2074831808630695,-0.5901546359208569,0,0,0,0,0
-0.156658619742427,-0.010434388240797931,-0.15520448569885706,-0.8767634615311403,2.9937767435118277,4.144524033234597,1.8481721677901635,-0.14951260222438117,0.8265093519393798,0.6598297546543714,-0.2573635296947942,-0.1745266825969488,-0.13376969031991157,-0.14927845530856138,-0.1530703627312402,-0.11316099470693164,0.7913179408304709,0,0,0,0,1
-0.1606964732057282,0.377821918393544,-0.1632872633285863,-0.8767634615311403,-0.30612848379653856,-0.2418573544069224,-0.3991176985000271,-0.1277364940749923,0.5205894166723214,1.0754444168607684,-0.25783652224320364,-0.17352906304146784,-0.13386404399615018,-0.1548876590702749,0.11027565201362033,-0.013677159601828276,0.7546303303285561,0,1,0,0,1
-0.20107500783873986,-0.30162661821655434,-0.1834942074029094,-0.8767634615311403,-0.307894692892111,-0.2418971310143281,-0.41508706510624405,-0.14967684311202195,-0.5766411011768886,-0.5583876134771013,-0.2639854253725263,-0.20994217681652264,-0.11012272540130438,-0.1653805228952227,-0.36625816899683666,-0.8427091188110237,-0.5901546359208569,0,0,0,0,0
-0.17684788705893284,-0.39869069487513986,-0.19157698503263862,0.6784710600318581,-0.2825092057122104,-0.24189923407217187,-0.41656561431728417,-0.1318310638623586,-0.2527836152357994,-0.5583876134771013,-0.25704820132918793,-0.21742432348262977,-0.13789513709818602,-0.16445140386962426,-0.36625816899683666,0.9811611914492063,-0.3804762643618469,0,1,0,0,1
-0.19299930091213752,-0.30162661821655434,-0.19157698503263862,0.6784710600318581,-0.28058101634856814,-0.24189870238934863,-0.3979780180738513,-0.14967684311202195,-0.5766411011768886,-0.5583876134771013,-0.2581518506088099,-0.21792313326037024,-0.14031723604663823,-0.1653805228952227,-0.36625816899683666,-0.11316099470693164,-0.5901546359208569,0,0,0,0,0
-0.14454505935252351,-0.010434388240797931,-0.14712170806912783,0.6784710600318581,3.2292805441029317,7.265592798604658,1.5513563193665127,-0.14950184325077995,0.9531207400220854,0.5126916483106446,-0.25767885806040053,-0.1745266825969488,-0.13086782769504096,-0.1448996709753607,-0.17881950318029333,-0.04020618229652246,0.8161596132153343,0,0,0,0,0
-0.16473432666902935,-0.4957547715337253,-0.19157698503263862,-0.8767634615311403,-0.14268195357589486,-0.24189733999680055,-0.41499372638189547,-0.14500659315743195,-0.5766411011768886,-0.5583876134771013,-0.2617781268132823,-0.20545288881685833,-0.12047774840855607,-0.1653805228952227,-0.36625816899683666,1.8019028310663099,-0.5901546359208569,0,1,0,0,1
0.08157473459234182,1.833783068272326,0.07919606556329076,0.6784710600318581,0.25115579737173455,0.7779869482122607,2.2821633999213082,-0.14868230910619068,1.5120333035446358,1.7048063478346478,-0.262566447727298,0.016018652499913216,0.07812509386108087,-0.02556192486306208,1.2839856229685056,-0.09774800616952127,1.640903304553054,0,1,0,1,0
-0.205112861302041,-0.39869069487513986,-0.187535596217774,0.6784710600318581,-0.08651891389429638,-0.24189714485486846,-0.4106474649114728,-0.14472462564686459,-0.5766411011768886,-0.5583876134771013,-0.2572058655119911,-0.20545288881685833,-0.1430441453164362,-0.1653805228952227,-0.36625816899683666,-0.9886187436318421,-0.5901546359208569,0,0,0,0,0
-0.205112861302041,-0.20456254155796888,-0.19157698503263862,-0.8767634615311403,5.749426627022254,-0.24189923407217187,0.3390369659373642,-0.14957554621882893,-0.1257668941424383,0.1705436426397376,-0.26035914916805397,-0.19048859548464406,-0.14244110226886403,-0.16408700391822575,-0.2812162821244201,-0.9339026343240351,-0.015206875791936369,0,0,0,0,0
-0.156658619742427,0.377821918393544,-0.14712170806912783,-0.8767634615311403,2.553567630492592,5.587144391398632,2.157989457698856,-0.14954058076874327,0.6920530693699514,1.045969149561591,-0.25783652224320364,-0.13362428082222974,-0.13303617669068146,-0.1483949132802014,0.10167870845359174,-0.25907061952775,0.8541979729001486,0,1,0,0,0
-0.17684788705893284,-0.4957547715337253,-0.1834942074029094,0.6784710600318581,-0.19977366124157614,-0.24189852943277082,-0.4092665958635852,-0.14768105515963006,-0.5766411011768886,-0.5583876134771013,-0.2597284924368414,-0.19846955192849167,-0.13443656107586544,-0.1653805228952227,-0.36625816899683666,0.2516130673451143,-0.5901546359208569,0,0,0,0,0
-0.19703715437543867,-0.4957547715337253,-0.19157698503263862,0.6784710600318581,-0.3051652709509547,-0.24189886405614308,-0.40522277619331876,-0.1466144706834681,-0.5766411011768886,-0.5583876134771013,-0.26209345517888855,-0.2129350354829655,-0.13653074141650054,-0.1653805228952227,-0.36625816899683666,-0.3867415412459661,-0.5901546359208569,0,1,0,0,0
-0.07993940393970485,0.9602063783450568,-0.10266643110561703,0.6784710600318581,-0.020359131101877558,-0.1831426544575478,0.04238831354712638,-0.1478412685712909,1.1281805575184638,1.7436543802850781,-0.25862484315721934,-0.1426028568215583,-0.11362899028265827,-0.12462231115322495,0.7080269198439462,0.13937489440602335,1.4074657259181431,0,0,0,0,1
0.10580185537214883,2.222039374906668,0.09132023200788461,0.6784710600318581,-0.2522067622383504,-0.2280505163260519,-0.006512751131704145,-0.14473864453863525,1.802170357996218,2.3261926354229856,-0.25894017152282567,-0.002936119054224889,-0.06593674062642017,0.0006848329184051686,2.0736132897801323,-0.054008444103897275,2.070025179073503,0,1,0,0,1
-0.1687721801323305,-0.30162661821655434,-0.19561837384750325,0.6784710600318581,-0.2147481420776785,-0.2418973273491986,-0.419957809594893,-0.1481972337679935,-0.5766411011768886,-0.5583876134771013,-0.2556292236839596,-0.18998978570690359,-0.137626438820943,-0.1653805228952227,-0.36625816899683666,2.4402574396573904,-0.5901546359208569,0,1,0,0,1
-0.17281003359563168,-0.30162661821655434,-0.19157698503263862,0.6784710600318581,-0.2665133131497306,-0.24189739585483497,-0.41275952955548845,-0.14967684311202195,-0.5766411011768886,-0.5583876134771013,-0.2590978357056288,-0.201961220372675,-0.13454230176332616,-0.1653805228952227,-0.36625816899683666,1.2547417379882408,-0.5901546359208569,0,0,0,0,0
-0.17684788705893284,-0.4957547715337253,-0.1834942074029094,0.6784710600318581,-0.08549396854223001,-0.24189703837659685,-0.4072617365316996,-0.14642694737685236,-0.5766411011768886,-0.5583876134771013,-0.26209345517888855,-0.19697312259527025,-0.12441789100771079,-0.1653805228952227,-0.36625816899683666,0.2516130673451143,-0.5901546359208569,0,1,0,0,1
0.24308887312438848,0.7660782250278859,0.26509995104706313,0.6784710600318581,0.11435756651656838,0.12089006771814119,2.275964276657307,-0.14867957750950428,2.090022671534499,1.6399705815994237,-0.26067447753366024,0.29535212803458005,0.021434510786411516,0.13043598675712653,0.5314037789121918,-0.15992690009821955,1.98994207835906,0,1,0,0,1
-0.20107500783873986,-0.30162661821655434,-0.1834942074029094,0.6784710600318581,-0.2943482689668449,-0.24189676662485454,-0.4134375033872835,-0.14967684311202195,-0.5766411011768886,-0.5583876134771013,-0.26067447753366024,-0.20994217681652264,-0.14084786304662822,-0.1653805228952227,-0.36625816899683666,-0.8427091188110237,-0.5901546359208569,0,0,0,0,0
-0.20107500783873986,-0.39869069487513986,-0.19965976266236785,-0.8767634615311403,-0.23256209036742348,-0.24189738650808376,-0.4068728505956977,-0.14571859359149378,-0.5766411011768886,-0.5583876134771013,-0.2611474700820697,-0.19198502481786547,-0.1404056432708361,-0.1653805228952227,-0.36625816899683666,-0.11316099470693164,-0.5901546359208569,0,0,0,0,0
-0.19703715437543867,-0.30162661821655434,-0.187535596217774,0.6784710600318581,-0.2452015053169641,-0.24189880106461725,-0.4004494530912566,-0.1479620314396468,-0.5766411011768886,-0.5583876134771013,-0.25988615661964454,-0.19846955192849167,-0.14016243481687535,-0.1653805228952227,-0.36625816899683666,-0.5508898691693869,-0.5901546359208569,0,0,0,0,1
-0.17684788705893284,-0.39869069487513986,-0.1834942074029094,-0.8767634615311403,-0.27514391106576375,-0.2418978299269741,-0.41839978974526293,-0.14967684311202195,-0.5766411011768886,-0.5583876134771013,-0.2619357909960854,-0.21243622570522502,-0.12570849438090037,-0.1653805228952227,-0.36625816899683666,0.2516130673451143,-0.5901546359208569,0,0,0,0,0
9.34844843286852,-0.4957547715337253,9.358224784492453,-0.8767634615311403,-0.34258430716149757,-0.2418980847489425,-0.4061989883298337,7.249071818517793,3.623635339233371,-0.5583876134771013,-0.2562598804151722,9.216565002923002,1.43166115811974,9.33823313408852,-0.36625816899683666,-0.11316099470693164,2.1292733913908304,0,0,0,1,0
-0.12031793857271651,0.377821918393544,-0.1390389304393986,0.6784710600318581,2.385891695699327,3.5192029276855443,3.2820672227361825,-0.14945173069210033,0.9118346000041373,0.9167376538449471,-0.2587825073400225,-0.13362428082222974,-0.12246461460671224,-0.142605548870838,0.063986230092757,0.2086984718095796,0.9463146281518438,0,1,0,0,1
-0.20107500783873986,-0.39869069487513986,-0.19965976266236785,-0.8767634615311403,-0.1730478741131418,-0.2418977782930694,-0.409845105558046,-0.14659415428194014,-0.5766411011768886,-0.5583876134771013,-0.2551562311355502,-0.19846955192849167,-0.14262787916033315,-0.1653805228952227,-0.36625816899683666,-0.11316099470693164,-0.5901546359208569,0,0,0,0,0
-0.19299930091213752,-0.4957547715337253,-0.19965976266236785,0.6784710600318581,-0.2127772046973105,-0.24189741326307398,-0.4163288420727979,-0.13876335433567832,-0.5766411011768886,-0.5583876134771013,-0.2619357909960854,-0.21143860614974405,-0.1347534730213374,-0.1653805228952227,-0.36625816899683666,0.9811611914492063,-0.5901546359208569,0,0,0,0,1
-0.2091507147653422,-0.4957547715337253,-0.187535596217774,-0.8767634615311403,-0.20590437221516775,-0.24189790833825003,-0.40918445743436993,-0.14967684311202195,-0.5766411011768886,-0.5583876134771013,-0.26130513426487284,-0.21343384526070597,-0.14379845166177438,-0.1653805228952227,-0.36625816899683666,-1.2074831808630695,-0.5901546359208569,0,0,0,0,0
-0.1687721801323305,-0.30162661821655434,-0.187535596217774,-0.8767634615311403,8.404486299276845,-0.24189923407217187,0.36814921387271804,-0.14954809068893593,-0.12424426774533229,0.0014552404567734136,-0.2565752087807785,-0.19048859548464406,-0.13687093911924314,-0.16365000654854295,-0.3172719728524254,0.9811611914492063,-0.07987569053554823,0,1,0,0,1
0.18655892463817217,3.1926801414925228,0.17618939712004159,0.6784710600318581,0.13504834369703164,0.8243447842013071,3.1304488996263777,-0.14836605556173213,1.506951343332426,2.797843220286064,-0.25925549988843194,0.10331036360449661,-0.03986124135551377,0.021919049486294542,3.4514502290901907,-0.07860345198621138,2.0620237279538407,0,1,0,0,0
-0.205112861302041,-0.30162661821655434,-0.19965976266236785,-0.8767634615311403,-0.19838698376755862,-0.24189830446321928,-0.40319694039313136,-0.14721390778522153,-0.5766411011768886,-0.5583876134771013,-0.26209345517888855,-0.20495407903911786,-0.14137588158001643,-0.1653805228952227,-0.36625816899683666,-0.6603220877850006,-0.5901546359208569,0,1,0,0,0
-0.18088574052223402,-0.39869069487513986,-0.19157698503263862,0.6784710600318581,-0.08905761890118921,-0.24189667229425374,-0.4049097879850728,-0.14967684311202195,-0.5766411011768886,-0.5583876134771013,-0.2579941864260068,-0.17352906304146784,-0.13785856408521918,-0.1653805228952227,-0.36625816899683666,0.7075806449101718,-0.5901546359208569,0,1,0,0,1
0.3480730631702188,1.7367189916137404,0.33380356089976165,3.7889401031578553,-0.05910604689342761,0.1951668844442901,3.1512389823469364,-0.14833254802378745,1.8857563864119689,1.2576412398209114,-0.25783652224320364,0.23449733515024193,-0.02955276350709578,0.14780808663395567,0.9049606380160917,-0.08049466079182295,1.7092388119911692,0,1,0,0,0
-0.18088574052223402,-0.4957547715337253,-0.19561837384750325,-0.8767634615311403,-0.18211572075233967,-0.24189737841901507,-0.4006663317706176,-0.14445774398429792,-0.5766411011768886,-0.5583876134771013,-0.2617781268132823,-0.18849335637368214,-0.1289580041369991,-0.1653805228952227,-0.36625816899683666,1.3459352535012525,-0.5901546359208569,0,1,0,0,0
-0.17281003359563168,-0.20456254155796888,-0.1673286521434509,0.6784710600318581,-0.2371050036360318,-0.24084410288486338,-0.38955837804080484,-0.14120461077081384,0.17228604538476772,0.45708338633684786,-0.25704820132918793,-0.18001359015209403,-0.13715722277773748,-0.15893470190113118,-0.24778668192075565,-0.22259321332254542,0.2890239054515729,0,1,0,0,0
-0.18088574052223402,-0.39869069487513986,-0.187535596217774,-0.8767634615311403,-0.10702927548396468,-0.24189819999642892,-0.41495775623979253,-0.14967684311202195,-0.5766411011768886,-0.5583876134771013,-0.2581518506088099,-0.19697312259527025,-0.13770632433528612,-0.1653805228952227,-0.36625816899683666,0.3245678797555234,-0.5901546359208569,0,0,0,0,0
-0.20107500783873986,-0.39869069487513986,-0.19157698503263862,-0.8767634615311403,-0.2472522323149752,-0.24189838008534348,-0.4124124356447395,-0.14688236270036792,-0.5766411011768886,-0.5583876134771013,-0.25610221623236906,-0.201961220372675,-0.14249285637900705,-0.1653805228952227,-0.36625816899683666,-0.6603220877850006,-0.5901546359208569,0,0,0,0,1
-0.20107500783873986,-0.4957547715337253,-0.187535596217774,-0.8767634615311403,-0.22908997895970995,-0.24189748259714858,-0.41495142179993455,-0.14289461335198014,-0.5766411011768886,-0.5583876134771013,-0.2572058655119911,-0.20096360081719405,-0.14228983897109804,-0.1653805228952227,-0.36625816899683666,-0.7697543064006144,-0.5901546359208569,0,1,0,0,1
-0.19299930091213752,-0.39869069487513986,-0.19561837384750325,0.6784710600318581,-0.29893273695387484,-0.2418983641096531,-0.3994056979671343,-0.14967684311202195,-0.5766411011768886,-0.5583876134771013,-0.2608321417164634,-0.17951478037435356,-0.13762924215758532,-0.1653805228952227,-0.36625816899683666,0.2516130673451143,-0.5901546359208569,0,1,0,0,0
-0.2091507147653422,-0.4957547715337253,-0.19965976266236785,0.6784710600318581,-0.1748094843857316,-0.24189819224131906,-0.39695728576656947,-0.14781317216300702,-0.5766411011768886,-0.5583876134771013,-0.2559445520495659,-0.17951478037435356,-0.14379845166177438,-0.1653805228952227,-0.36625816899683666,-1.2074831808630695,-0.5901546359208569,0,0,0,0,1
-0.18492359398553518,-0.30162661821655434,-0.19561837384750325,-0.8767634615311403,-0.23437950425630505,-0.24189801811668138,-0.4101834491128889,-0.14967684311202195,-0.5766411011768886,-0.5583876134771013,-0.2551562311355502,-0.19846955192849167,-0.14028673415745074,-0.1653805228952227,-0.36625816899683666,0.9811611914492063,-0.5901546359208569,0,1,0,0,1
-0.18088574052223402,-0.4957547715337253,-0.19561837384750325,-0.8767634615311403,-0.20356086394190578,-0.24189737937926364,-0.4023860177025791,-0.14967684311202195,-0.5766411011768886,-0.5583876134771013,-0.2616204626304791,-0.20744812792782025,-0.12983011662621213,-0.1653805228952227,-0.36625816899683666,1.3459352535012525,-0.5901546359208569,0,1,0,0,0
-0.18088574052223402,-0.39869069487513986,-0.19157698503263862,-0.8767634615311403,-0.15119575647096956,-0.24189862975999651,-0.4137591042163454,-0.13828057644285943,-0.5766411011768886,-0.5583876134771013,-0.2609898058992665,-0.20694931815007978,-0.13248864193036358,-0.1653805228952227,-0.36625816899683666,0.7075806449101718,-0.5901546359208569,0,0,0,0,0
-0.18492359398553518,-0.4957547715337253,-0.19157698503263862,-0.8767634615311403,-0.18444986005241662,-0.24189660856245443,-0.4013402557240902,-0.14967684311202195,-0.5766411011768886,-0.5583876134771013,-0.2559445520495659,-0.2129350354829655,-0.13995554420105427,-0.1653805228952227,-0.36625816899683666,0.43400009837113734,-0.5901546359208569,0,1,0,0,1
-0.18896144744883633,-0.4957547715337253,-0.19965976266236785,-0.8767634615311403,-0.28449472015842103,-0.24189877913471602,-0.40649046967407443,-0.1478582660601708,-0.5766411011768886,-0.5583876134771013,-0.25830951479161307,-0.20545288881685833,-0.1393324686745792,-0.1653805228952227,-0.36625816899683666,1.5283222845272753,-0.5901546359208569,0,0,0,0,0
-0.18088574052223402,-0.30162661821655434,-0.187535596217774,0.6784710600318581,-0.1798482059685627,-0.24189764789601728,-0.396438398790261,-0.14855738651225894,-0.5766411011768886,-0.5583876134771013,-0.2639854253725263,-0.1954766932620488,-0.025933409750129373,-0.1653805228952227,-0.36625816899683666,0.3245678797555234,-0.5901546359208569,0,0,0,0,0
0.449019399752748,4.1633209080783775,0.46312800297542944,0.6784710600318581,-0.08950752548549308,0.10171536968204213,2.642355420312911,-0.14730124883305143,1.7602972521572242,3.042100947975575,-0.2556292236839596,1.2470811839634093,-0.043194642356223056,0.20336551170180375,4.779434439048994,-0.13293790168565703,2.3208918719542986,0,1,0,0,0
-0.17281003359563168,-0.4957547715337253,-0.19561837384750325,-0.8767634615311403,-0.3223339910390178,-0.2418988348467727,-0.39642032606395544,-0.14626700408504803,-0.5766411011768886,-0.5583876134771013,-0.2559445520495659,-0.21093979637200358,-0.13803409047069426,-0.1653805228952227,-0.36625816899683666,2.075483377605344,-0.5901546359208569,0,1,0,0,0
0.06946117420243832,1.833783068272326,0.0670718991186969,0.6784710600318581,0.04500950959496133,0.6828471933590552,2.287963401149128,-0.14890985855085145,2.1563980185996594,1.9966817401241017,-0.2638277611897231,0.016018652499913216,0.6328828702958611,0.009731840336801254,1.4968111970849842,-0.09706802138110614,2.1714220247578138,0,1,0,1,0
0.27539170083079784,0.7660782250278859,0.2529757846024693,-0.8767634615311403,0.08070466991024626,0.11504516049670721,2.836512330452808,-0.14859734917023903,1.627810139871784,1.5503536819506065,-0.25610221623236906,0.29535212803458005,-0.06546273469573395,0.07283776509802942,0.49481025157688663,-0.05556509017239813,1.655890112491271,0,0,0,0,1
-0.18492359398553518,-0.30162661821655434,-0.187535596217774,0.6784710600318581,-0.3426658215771857,-0.24189923407217187,-0.42339013519811286,-0.14967684311202195,-0.5766411011768886,-0.5583876134771013,-0.2579941864260068,-0.19647431281752978,-0.1387071194532985,-0.1653805228952227,-0.36625816899683666,0.1057034425242959,-0.5901546359208569,0,0,0,0,1
-0.17684788705893284,-0.4957547715337253,-0.19157698503263862,-0.8767634615311403,-0.2813791528352332,-0.24189797550125952,-0.4127280653931631,-0.14967684311202195,-0.5766411011768886,-0.5583876134771013,-0.2630394402757074,-0.21193741592748455,-0.10991268968658212,-0.1653805228952227,-0.36625816899683666,0.9811611914492063,-0.5901546359208569,0,0,0,0,0
-0.21318856822864335,-0.4957547715337253,-0.19561837384750325,0.6784710600318581,-0.1856100745113122,-0.2418972394203592,-0.4082762921633949,-0.14967684311202195,-0.5766411011768886,-0.5583876134771013,-0.2562598804151722,-0.21193741592748455,-0.1444640450752858,-0.1653805228952227,-0.36625816899683666,-1.5722572429151156,-0.5901546359208569,0,1,0,0,0
-0.17684788705893284,0.377821918393544,-0.14712170806912783,-0.8767634615311403,-0.3215047183509385,-0.2418658093128609,-0.4023257212499875,-0.135753974279845,0.8180811168211563,0.9435674433882482,-0.25499856695274703,-0.17352906304146784,-0.1391955000915774,-0.14670761679516522,0.07181157681786171,-0.623844681579796,0.8960324757048608,0,0,0,0,0
-0.1687721801323305,-0.4957547715337253,-0.19561837384750325,-0.8767634615311403,-0.3331885792568928,-0.24189923407217187,-0.4224996673265361,-0.07526765684157255,-0.21911851129425983,-0.5583876134771013,-0.26004382080244764,-0.19697312259527025,-0.13122978146585562,-0.16469672203679694,-0.36625816899683666,2.4402574396573904,-0.35868012106037367,0,1,0,0,1
-0.20107500783873986,-0.30162661821655434,-0.1834942074029094,-0.8767634615311403,-0.2791364597555062,-0.24189723746852002,-0.4063326389158941,-0.14967684311202195,-0.5766411011768886,-0.5583876134771013,-0.25531389531835336,-0.21193741592748455,-0.14260734880368703,-0.1653805228952227,-0.36625816899683666,-0.8427091188110237,-0.5901546359208569,0,0,0,0,1
-0.2091507147653422,-0.4957547715337253,-0.19965976266236785,0.6784710600318581,-0.2803395581436555,-0.2418976456745227,-0.41717109725466267,-0.14967684311202195,-0.5766411011768886,-0.5583876134771013,-0.2594131640712351,-0.21243622570522502,-0.14379845166177438,-0.1653805228952227,-0.36625816899683666,-1.2074831808630695,-0.5901546359208569,0,0,0,0,1
-0.17684788705893284,-0.39869069487513986,-0.19561837384750325,-0.8767634615311403,-0.31199852808868067,-0.24189712803711097,-0.39992340324875875,-0.14967684311202195,-0.5766411011768886,-0.5583876134771013,-0.26004382080244764,-0.21143860614974405,-0.13374351550503935,-0.1653805228952227,-0.36625816899683666,1.7107093155532982,-0.5901546359208569,0,0,0,0,1
1.567504809087171,2.8044238348581807,1.5300546500996886,2.2337055815948563,-0.3401196895515356,-0.2418077872206588,-0.2813692271671166,0.0029300687138067954,2.1985766946045504,1.9549025918209932,-0.26004382080244764,2.1668864141168482,0.4092230369586521,0.9731653207644847,2.199389442936162,-0.08771164154050978,2.1825079475446127,0,0,0,1,1
-0.2091507147653422,-0.4957547715337253,-0.17945281858804477,-0.8767634615311403,-0.3351900049724445,-0.24189923407217187,-0.42246207399535873,-0.07118972891385919,-0.22080432657828142,-0.5583876134771013,-0.25610221623236906,-0.19697312259527025,-0.14379845166177438,-0.1633387932354841,-0.36625816899683666,-1.2074831808630695,-0.359771585728778,0,1,0,0,1
-0.18896144744883633,-0.30162661821655434,-0.1834942074029094,-0.8767634615311403,-0.23672967701243738,-0.24189822347764722,-0.39544502522608843,-0.14701924972529004,-0.5766411011768886,-0.5583876134771013,-0.2556292236839596,-0.17352906304146784,-0.1407124452413587,-0.1653805228952227,-0.36625816899683666,-0.2955480257329546,-0.5901546359208569,0,0,0,0,1
1.5473155417706652,2.9014879115167664,1.546220205359147,0.6784710600318581,-0.3391838251066667,-0.2418348961589567,-0.3124575730583793,0.033081834260816595,2.991120320481398,3.0120335638587474,-0.2608321417164634,2.1668864141168482,0.5271030819187852,1.3119574463140589,3.3826799670993015,-0.1106395150153277,3.1061015285336837,0,0,0,1,0
-0.19703715437543867,-0.30162661821655434,-0.19965976266236785,0.6784710600318581,-0.23903299924068375,-0.24189805600019204,-0.4069595912226882,-0.1477215958736592,-0.5766411011768886,-0.5583876134771013,-0.25704820132918793,-0.2144314648161869,-0.14158470870042875,-0.1653805228952227,-0.36625816899683666,0.43400009837113734,-0.5901546359208569,0,0,0,0,0
-0.17684788705893284,-0.39869069487513986,-0.187535596217774,0.6784710600318581,-0.1895768201519502,-0.24189809062182666,-0.4008631396696186,-0.14967684311202195,-0.5766411011768886,-0.5583876134771013,-0.2633547686413137,-0.20744812792782025,-0.09864872448707222,-0.1653805228952227,-0.36625816899683666,0.5434323169867512,-0.5901546359208569,0,1,0,0,0
-0.15262076627912585,-0.30162661821655434,-0.1673286521434509,2.2337055815948563,0.5586291410593297,0.02373086112420402,0.1002882238038158,-0.14910282709341194,0.40920557527800244,0.4761339964973328,-0.25830951479161307,-0.21193741592748455,-0.1312936992976279,-0.15689559718085597,-0.2757376271238034,0.3245678797555234,0.44981222631677087,0,0,0,0,0
-0.14858291281582467,-0.10749846489938342,-0.1632872633285863,-0.8767634615311403,-0.34234339935547975,-0.24189922298870328,-0.42317744580970634,1.6205168740095606,0.6123279292113539,0.5133423072169329,-0.2619357909960854,-0.1555719110428107,-0.10987978176013562,-0.15401035962962298,-0.20996439316299276,0.28477434571348204,0.5957692723037957,0,1,0,0,1
-0.12435579203601768,0.9602063783450568,-0.11074920873534627,0.6784710600318581,-0.05410133522340636,-0.18893581404678073,0.21332146266571353,-0.1483578065582684,1.2246772242266428,2.1331728245579704,-0.2559445520495659,-0.1426028568215583,-0.13034827554925407,-0.12576052377138178,0.8898019950357575,-0.24995126797644887,1.6211860299959846,0,0,0,0,0
-0.18492359398553518,-0.4957547715337253,-0.19561837384750325,0.6784710600318581,-0.14886101814230934,-0.24189687292509976,-0.4134460072992255,-0.14641183928968896,-0.5766411011768886,-0.5583876134771013,-0.2579941864260068,-0.1790159705966131,-0.1387071194532985,-0.1653805228952227,-0.36625816899683666,0.9811611914492063,-0.5901546359208569,0,0,0,0,1
-0.20107500783873986,-0.4957547715337253,-0.19157698503263862,-0.8767634615311403,-0.22178662933160193,-0.24189827928930202,-0.41133919764051863,-0.14967684311202195,-0.5766411011768886,-0.5583876134771013,-0.2638277611897231,-0.2129350354829655,-0.12128594957604583,-0.1653805228952227,-0.36625816899683666,-0.6603220877850006,-0.5901546359208569,0,0,0,0,1
-0.18896144744883633,-0.30162661821655434,-0.19157698503263862,-0.8767634615311403,-0.2048395844802956,-0.24189782945916752,-0.3983549195442683,-0.14612437140355708,-0.5766411011768886,-0.5583876134771013,-0.25752119387759737,-0.20744812792782025,-0.13985156782070807,-0.1653805228952227,-0.36625816899683666,0.16041955183210285,-0.5901546359208569,0,1,0,0,0
-0.205112861302041,-0.30162661821655434,-0.19561837384750325,0.6784710600318581,-0.21368768745637173,-0.2418980713396403,-0.40680506036996666,-0.14515983298006316,-0.5766411011768886,-0.5583876134771013,-0.25499856695274703,-0.19198502481786547,-0.14322308271549974,-0.1653805228952227,-0.36625816899683666,-0.8427091188110237,-0.5901546359208569,0,0,0,0,1
-0.17684788705893284,0.377821918393544,-0.15924587451372169,0.6784710600318581,-0.31715787324369893,-0.24185750549782398,-0.4048592865992431,-0.1345329287717661,0.53931306792935,1.5915475097741634,-0.25689053714638477,-0.17352906304146784,-0.13802069501162642,-0.15364141207492366,0.26080555614977274,-0.4779350567589777,0.967148274565372,0,0,0,0,1
-0.19703715437543867,-0.30162661821655434,-0.19157698503263862,0.6784710600318581,-0.22499358093904562,-0.24189846327991052,-0.3988902416758124,-0.14784168947299187,-0.5766411011768886,-0.5583876134771013,-0.26035914916805397,-0.20545288881685833,-0.13972640348304333,-0.1653805228952227,-0.36625816899683666,-0.3867415412459661,-0.5901546359208569,0,1,0,0,0
-0.18896144744883633,-0.39869069487513986,-0.1834942074029094,-0.8767634615311403,-0.24423157880838978,-0.24189773588995153,-0.40117665202573477,-0.14737285921341867,-0.5766411011768886,-0.5583876134771013,-0.25862484315721934,-0.17352906304146784,-0.13908447332128748,-0.1653805228952227,-0.36625816899683666,-0.2955480257329546,-0.5901546359208569,0,0,0,0,1
-0.19299930091213752,-0.39869069487513986,-0.187535596217774,-0.8767634615311403,-0.25415635692013705,-0.2418979396032353,-0.40779708203478704,-0.14796712585130353,-0.5766411011768886,-0.5583876134771013,-0.25704820132918793,-0.2144314648161869,-0.1408467943799802,-0.1653805228952227,-0.36625816899683666,-0.3320254319381592,-0.5901546359208569,0,0,0,0,0
-0.19299930091213752,-0.39869069487513986,-0.187535596217774,-0.8767634615311403,-0.1978594496445432,-0.2418968683106365,-0.4117409274295319,-0.14687709017995537,-0.5766411011768886,-0.5583876134771013,-0.2556292236839596,-0.1790159705966131,-0.14132964652544183,-0.1653805228952227,-0.36625816899683666,-0.3320254319381592,-0.5901546359208569,0,1,0,0,0
-0.18896144744883633,-0.30162661821655434,-0.1834942074029094,-0.8767634615311403,-0.1637993872799073,-0.24189744339542935,-0.405075089412784,-0.14967684311202195,-0.5766411011768886,-0.5583876134771013,-0.25988615661964454,-0.17352906304146784,-0.13773842358694263,-0.1653805228952227,-0.36625816899683666,-0.2955480257329546,-0.5901546359208569,0,1,0,0,1
-0.19299930091213752,-0.4957547715337253,-0.19965976266236785,-0.8767634615311403,-0.091523158087735,-0.24189720352092847,-0.41281979052628287,-0.14476661999271148,-0.5766411011768886,-0.5583876134771013,-0.2602014849852508,-0.20545288881685833,-0.13857774329852407,-0.1653805228952227,-0.36625816899683666,0.9811611914492063,-0.5901546359208569,0,1,0,0,0
-0.17684788705893284,-0.30162661821655434,-0.1834942074029094,-0.8767634615311403,-0.26571251544093943,-0.24189780333422287,-0.41105102486719697,-0.14967684311202195,-0.5766411011768886,-0.5583876134771013,-0.2595708282540382,-0.201961220372675,-0.13474845082331383,-0.1653805228952227,-0.36625816899683666,0.2516130673451143,-0.5901546359208569,0,0,0,0,0
-0.18088574052223402,-0.10749846489938342,-0.17137004095831554,0.6784710600318581,-0.3426173772265481,-0.24189923379431877,-0.42336591123255346,9.92687257740341,0.5351951636621337,0.6342514969954256,-0.25925549988843194,-0.2084457474833012,-0.1363743652113272,-0.15687449151325727,-0.1923318222712014,-0.35634370274162896,0.5927777359732663,0,1,0,0,0
-0.18088574052223402,-0.39869069487513986,-0.19965976266236785,0.6784710600318581,-0.12231630136681032,-0.24189792898320306,-0.41416746834135676,-0.1386087540365169,-0.5766411011768886,-0.5583876134771013,-0.25689053714638477,-0.21143860614974405,-0.1387429145928949,-0.1653805228952227,-0.36625816899683666,2.6226444706834133,-0.5901546359208569,0,0,0,0,1
-0.18088574052223402,-0.4957547715337253,-0.19965976266236785,-0.8767634615311403,-0.3426658215771857,-0.24189923407217187,-0.42339013519811286,-0.14967684311202195,-0.5766411011768886,-0.5583876134771013,-0.26367009700691996,-0.19647431281752978,-0.0846213974239775,-0.1653805228952227,-0.36625816899683666,2.6226444706834133,-0.5901546359208569,0,0,0,0,0
-0.205112861302041,-0.39869069487513986,-0.1834942074029094,-0.8767634615311403,-0.14829329008868242,-0.24189708241092026,-0.41003924952183307,-0.14524012941723694,-0.5766411011768886,-0.5583876134771013,-0.2611474700820697,-0.20545288881685833,-0.14210204746630525,-0.1653805228952227,-0.36625816899683666,-1.0250961498370466,-0.5901546359208569,0,1,0,0,0
-0.19299930091213752,-0.39869069487513986,-0.1834942074029094,-0.8767634615311403,-0.21934582177861045,-0.24189809831723208,-0.4071292937875255,-0.14967684311202195,-0.5766411011768886,-0.5583876134771013,-0.2631971044585105,-0.2129350354829655,-0.1244409083006491,-0.1653805228952227,-0.36625816899683666,-0.4779350567589777,-0.5901546359208569,0,0,0,0,1
-0.16473432666902935,-0.39869069487513986,-0.17945281858804477,0.6784710600318581,-0.33752422746705363,-0.24189881190012263,-0.42093595389918215,-0.057105673389715665,0.4774297393686398,-0.5583876134771013,-0.2611474700820697,-0.19647431281752978,-0.12513800551161386,-0.15933244733857155,-0.36625816899683666,0.5121659688108614,0.09229325226421622,0,0,0,0,0
0.44094369282614565,4.1633209080783775,0.44696244771597093,-0.8767634615311403,-0.1466775254158774,0.005178070074486858,2.2648347807387936,-0.14722513201745074,1.8076779083956611,3.3006731463390415,-0.25862484315721934,1.2470811839634093,0.007991650901903583,0.20172117710186968,5.14897680171886,-0.1199160699301177,2.451967926993992,0,0,0,0,1
-0.18896144744883633,-0.4957547715337253,-0.1834942074029094,-0.8767634615311403,-0.18370383293859305,-0.24189670457691248,-0.3913673290454651,-0.14814560278750272,-0.5766411011768886,-0.5583876134771013,-0.2573635296947942,-0.1954766932620488,-0.13994123576105794,-0.1653805228952227,-0.36625816899683666,-0.2955480257329546,-0.5901546359208569,0,0,0,0,1
-0.20107500783873986,-0.4957547715337253,-0.19561837384750325,-0.8767634615311403,-0.16852354099457043,-0.24189867900187262,-0.41937390497353566,-0.14788552089338095,-0.5766411011768886,-0.5583876134771013,-0.25830951479161307,-0.21991837237133216,-0.14201205846689632,-0.1653805228952227,-0.36625816899683666,-0.4779350567589777,-0.5901546359208569,0,1,0,0,1
-0.18088574052223402,-0.39869069487513986,-0.19965976266236785,-0.8767634615311403,-0.223204037111314,-0.24189820525901062,-0.40618888450186363,-0.14967684311202195,-0.5766411011768886,-0.5583876134771013,-0.26367009700691996,-0.2129350354829655,-0.0846213974239775,-0.1653805228952227,-0.36625816899683666,2.6226444706834133,-0.5901546359208569,0,0,0,0,1
-0.21318856822864335,-0.30162661821655434,-0.19561837384750325,-0.8767634615311403,-0.1508396385483974,-0.24189878776134413,-0.41897595079730776,-0.14780748006821814,-0.5766411011768886,-0.5583876134771013,-0.25846717897441623,-0.21991837237133216,-0.14471577783861295,-0.1653805228952227,-0.36625816899683666,-1.5722572429151156,-0.5901546359208569,0,1,0,0,1
-0.18896144744883633,-0.39869069487513986,-0.19965976266236785,-0.8767634615311403,-0.3032947102711875,-0.24189856659337258,-0.3988354349671627,-0.14967684311202195,-0.5766411011768886,-0.5583876134771013,-0.25641754459797533,-0.2104409865942631,-0.14040394743192028,-0.1653805228952227,-0.36625816899683666,1.5283222845272753,-0.5901546359208569,0,0,0,0,0
-0.17281003359563168,-0.4957547715337253,-0.19157698503263862,0.6784710600318581,-0.2839334081803235,-0.2418985463636998,-0.4138128227363168,-0.1477429358553386,-0.5766411011768886,-0.5583876134771013,-0.26209345517888855,-0.21093979637200358,-0.12199532092595285,-0.1653805228952227,-0.36625816899683666,1.2547417379882408,-0.5901546359208569,0,0,0,0,0
-0.19703715437543867,-0.39869069487513986,-0.19561837384750325,0.6784710600318581,-0.3079583899529175,-0.241896420170351,-0.4111616157324457,-0.14967684311202195,-0.5766411011768886,-0.5583876134771013,-0.25846717897441623,-0.20994217681652264,-0.14104647313125873,-0.1653805228952227,-0.36625816899683666,-0.11316099470693164,-0.5901546359208569,0,0,0,0,1
-0.1606964732057282,0.2807578417349585,-0.13499754162453398,0.6784710600318581,-0.1146611754283383,-0.18405870050103312,-0.23738812811221713,-0.1469293542714073,0.7906117788247193,1.4371049354859764,-0.2551562311355502,-0.17552430215242976,-0.1367750166531271,-0.14315285360762503,0.1575580522231397,-0.4779350567589777,1.0698813172346817,0,1,0,0,1
-0.17281003359563168,-0.4957547715337253,-0.19965976266236785,0.6784710600318581,-0.18253957354246036,-0.24189732201797745,-0.4136981285380277,-0.14489399344050993,-0.5766411011768886,-0.5583876134771013,-0.2609898058992665,-0.20545288881685833,-0.12925726772138904,-0.1653805228952227,-0.36625816899683666,3.7169666568395514,-0.5901546359208569,0,1,0,0,1
-0.19703715437543867,-0.30162661821655434,-0.19561837384750325,0.6784710600318581,-0.23021553965695568,-0.24189725300020945,-0.40426845894089636,-0.14967684311202195,-0.5766411011768886,-0.5583876134771013,-0.25547155950115646,-0.21193741592748455,-0.1419799023263756,-0.1653805228952227,-0.36625816899683666,-0.11316099470693164,-0.5901546359208569,0,1,0,0,1
-0.18896144744883633,-0.30162661821655434,-0.187535596217774,0.6784710600318581,-0.3152832117490515,-0.24189870273659417,-0.3966803956002414,-0.14658030399652833,-0.5766411011768886,-0.5583876134771013,-0.25783652224320364,-0.21093979637200358,-0.13965911513443097,-0.1653805228952227,-0.36625816899683666,-0.11316099470693164,-0.5901546359208569,0,0,0,0,0
-0.12031793857271651,0.4748859950521295,-0.13499754162453398,0.6784710600318581,2.3914723235454196,2.6068416590988974,2.5666254931513044,-0.14942966318561346,0.8492715903448035,1.656010645062361,-0.2557868878667628,-0.18649811726272023,-0.12996864862176033,-0.14219921078850023,0.34419382861686093,0.1300217133277658,1.19285801732496,0,0,0,0,1
9.336334872478615,-0.39869069487513986,9.354183395677587,0.6784710600318581,-0.34261261556216654,-0.24189860102033178,-0.41237976221433326,5.25329593773152,3.518352628515609,-0.5583876134771013,-0.26367009700691996,9.216565002923002,19.841138150931343,9.09610270320796,-0.36625816899683666,-0.11408603459379227,2.0611091268765485,0,0,1,3,1
-0.21318856822864335,-0.4957547715337253,-0.19965976266236785,0.6784710600318581,-0.2077996366733418,-0.24189681033913926,-0.3913566054150279,-0.1462037930507419,-0.5766411011768886,-0.5583876134771013,-0.2595708282540382,-0.20744812792782025,-0.14492970176658196,-0.1653805228952227,-0.36625816899683666,-1.7546442739411385,-0.5901546359208569,0,0,0,0,1
-0.205112861302041,-0.30162661821655434,-0.19561837384750325,-0.8767634615311403,-0.17973908912623798,-0.2418974248523213,-0.4049933978432899,-0.14967684311202195,-0.5766411011768886,-0.5583876134771013,-0.262566447727298,-0.20495407903911786,-0.14071618019617918,-0.1653805228952227,-0.36625816899683666,-0.8427091188110237,-0.5901546359208569,0,0,0,0,0
-0.11224223164611417,1.0572704550036423,-0.11074920873534627,-0.8767634615311403,-0.09355185832283089,-0.17441514488623594,0.020153125143153965,-0.14784248456023613,1.257543791116024,1.6458730188615083,-0.2630394402757074,-0.1426028568215583,-0.042141165736197576,-0.1250376235860027,0.7266865325486711,-0.11316099470693164,1.453253576700095,0,1,0,0,0
-0.19703715437543867,-0.4957547715337253,-0.187535596217774,0.6784710600318581,-0.26188230463430945,-0.24189863538463272,-0.41432609057598435,-0.14645372642611315,-0.5766411011768886,-0.5583876134771013,-0.25641754459797533,-0.201961220372675,-0.1417617491238619,-0.1653805228952227,-0.36625816899683666,-0.5508898691693869,-0.5901546359208569,0,0,0,0,1
-0.19299930091213752,-0.30162661821655434,-0.1632872633285863,-0.8767634615311403,-0.3379692232626145,-0.24189879974515024,-0.4208234131594159,-0.020125065084965962,0.3976223267722989,-0.5583876134771013,-0.25641754459797533,-0.19647431281752978,-0.1410828482778911,-0.1560635987732648,-0.36625816899683666,-0.8095478404426558,0.04062272112638501,0,0,0,0,1
-0.10416652471951185,1.0572704550036423,-0.0945836534758878,0.6784710600318581,-0.11776327115672813,-0.17144629783982893,0.07525502902355655,-0.14801298646674263,0.9882088258414001,1.8583559429642156,-0.2641430895553294,-0.1426028568215583,0.7245936369893619,-0.1249757549876141,0.8320425338580825,-0.19132686514665576,1.3613793802560497,0,1,0,1,1
-0.2091507147653422,-0.4957547715337253,-0.19965976266236785,0.6784710600318581,-0.2273869536943339,-0.24189684525901176,-0.41791806171281465,-0.14967684311202195,-0.5766411011768886,-0.5583876134771013,-0.25862484315721934,-0.18849335637368214,-0.14379845166177438,-0.1653805228952227,-0.36625816899683666,-1.2074831808630695,-0.5901546359208569,0,0,0,0,1
-0.17281003359563168,-0.39869069487513986,-0.19561837384750325,-0.8767634615311403,-0.26779407015850515,-0.2418974602624037,-0.4204172652382564,-0.14640025093311074,-0.5766411011768886,-0.5583876134771013,-0.2559445520495659,-0.17951478037435356,-0.13803409047069426,-0.1653805228952227,-0.36625816899683666,2.075483377605344,-0.5901546359208569,0,0,0,0,0
-0.156658619742427,0.08662968841778755,-0.1390389304393986,-0.8767634615311403,1.8110767313753018,3.3642729767118205,2.0379793292538047,-0.14943913793796834,1.1529439392026795,1.1226107612841414,-0.2579941864260068,-0.17951478037435356,-0.13276723187674327,-0.1389163660827506,-0.02305470950156524,-0.3706485679201406,1.1823561217386096,0,0,0,0,1
-0.19299930091213752,-0.39869069487513986,-0.1834942074029094,0.6784710600318581,-0.27864648310418516,-0.24189872178921523,-0.40835620795846467,-0.14662093567091775,-0.5766411011768886,-0.5583876134771013,-0.25704820132918793,-0.2129350354829655,-0.1408467943799802,-0.1653805228952227,-0.36625816899683666,-0.4779350567589777,-0.5901546359208569,0,1,0,0,0
-0.156658619742427,-0.10749846489938342,-0.15520448569885706,0.6784710600318581,2.5542173839673756,5.316692984895987,2.666281323991721,-0.14950153456283768,0.5653125558492852,0.8874110781271198,-0.26035914916805397,-0.1745266825969488,-0.12615290955393982,-0.15227585908284758,-0.15541275706682256,-0.11316099470693164,0.7105752166502811,0,0,0,0,1
-0.18492359398553518,-0.30162661821655434,-0.1834942074029094,0.6784710600318581,-0.25004997830410103,-0.24189808690623812,-0.3938592195253127,-0.14731259813552802,-0.5766411011768886,-0.5583876134771013,-0.25862484315721934,-0.17352906304146784,-0.1381416776531901,-0.1653805228952227,-0.36625816899683666,-0.11316099470693164,-0.5901546359208569,0,0,0,0,0
-0.1687721801323305,-0.39869069487513986,-0.19157698503263862,-0.8767634615311403,-0.3426658215771857,-0.24189923407217187,-0.42339013519811286,-0.14967684311202195,-0.5766411011768886,-0.5583876134771013,-0.25767885806040053,-0.19647431281752978,-0.13571681168256597,-0.1653805228952227,-0.36625816899683666,1.5283222845272753,-0.5901546359208569,0,0,0,0,0
-0.17684788705893284,-0.30162661821655434,-0.19965976266236785,-0.8767634615311403,-0.18009477863547876,-0.24189726344722723,-0.4003826580863274,-0.14967684311202195,-0.5766411011768886,-0.5583876134771013,-0.25767885806040053,-0.17352906304146784,-0.13733313967840766,-0.1653805228952227,-0.36625816899683666,3.169805563761482,-0.5901546359208569,0,0,0,0,1
-0.17281003359563168,-0.39869069487513986,-0.1834942074029094,0.6784710600318581,-0.20635168836181916,-0.24189676454327713,-0.4185130007922615,-0.14780398075073933,-0.5766411011768886,-0.5583876134771013,-0.25767885806040053,-0.18998978570690359,-0.13652497568048683,-0.1653805228952227,-0.36625816899683666,0.43400009837113734,-0.5901546359208569,0,1,0,0,1
-0.18088574052223402,-0.4957547715337253,-0.19561837384750325,-0.8767634615311403,-0.21339936207293983,-0.24189749722530443,-0.4136488905234176,-0.14741012747371748,-0.5766411011768886,-0.5583876134771013,-0.2587825073400225,-0.19846955192849167,-0.13701041259880006,-0.1653805228952227,-0.36625816899683666,1.3459352535012525,-0.5901546359208569,0,0,0,0,1
-0.19299930091213752,-0.4957547715337253,-0.19157698503263862,0.6784710600318581,-0.28239931252126677,-0.2418973217680223,-0.41498886058655055,-0.14562665321842413,-0.5766411011768886,-0.5583876134771013,-0.26351243282411685,-0.21542908437166788,-0.11672361526631345,-0.1653805228952227,-0.36625816899683666,-0.11316099470693164,-0.5901546359208569,0,0,0,0,1
0.3601866235601223,0.6690141483693004,0.38230022667813707,0.6784710600318581,-0.3054961106733866,-0.23682246569858892,0.016920156822899716,-0.14045274489553916,1.8775523052771126,1.658802912977218,-0.2587825073400225,0.13323895026892518,-0.007067950536148786,0.17492809368885506,0.4744256528518882,-0.1506377819040597,1.8596925381057636,0,0,0,0,1
-0.17281003359563168,-0.39869069487513986,-0.19157698503263862,-0.8767634615311403,-0.33370544460691554,-0.24189923407217187,-0.42268242506118875,-0.04625575625632946,-0.18525473009955024,-0.5583876134771013,-0.25704820132918793,-0.19697312259527025,-0.13715722277773748,-0.16425766935774405,-0.36625816899683666,1.2547417379882408,-0.33675534610850194,0,0,0,0,1
-0.205112861302041,-0.30162661821655434,-0.19561837384750325,0.6784710600318581,-0.280319669172787,-0.24189726839279083,-0.39753550453782543,-0.14609950254057025,-0.5766411011768886,-0.5583876134771013,-0.25704820132918793,-0.17951478037435356,-0.14306053734132584,-0.1653805228952227,-0.36625816899683666,-0.8427091188110237,-0.5901546359208569,0,0,0,0,0
-0.2091507147653422,-0.30162661821655434,-0.1834942074029094,-0.8767634615311403,-0.11893840372444081,-0.24189816408811796,-0.40079275311760076,-0.14967684311202195,-0.5766411011768886,-0.5583876134771013,-0.2562598804151722,-0.20744812792782025,-0.14379845166177438,-0.1653805228952227,-0.36625816899683666,-1.2074831808630695,-0.5901546359208569,0,1,0,0,0
-0.18896144744883633,-0.30162661821655434,-0.19965976266236785,0.6784710600318581,-0.30911174345674675,-0.24189806516341086,-0.4001958213256859,-0.14967684311202195,-0.5766411011768886,-0.5583876134771013,-0.25988615661964454,-0.21143860614974405,-0.13773842358694263,-0.1653805228952227,-0.36625816899683666,1.5283222845272753,-0.5901546359208569,0,0,0,0,1
-0.18492359398553518,-0.4957547715337253,-0.187535596217774,-0.8767634615311403,-0.2952779770208629,-0.241896770139911,-0.4099928628513462,-0.14967684311202195,-0.5766411011768886,-0.5583876134771013,-0.25988615661964454,-0.20994217681652264,-0.13652641797197626,-0.1653805228952227,-0.36625816899683666,0.1057034425242959,-0.5901546359208569,0,0,0,0,1
-0.19299930091213752,-0.30162661821655434,-0.19561837384750325,0.6784710600318581,-0.30242370952342984,-0.2418988323716295,-0.4033193173865509,-0.1461662771798562,-0.5766411011768886,-0.5583876134771013,-0.2608321417164634,-0.2129350354829655,-0.13762924215758532,-0.1653805228952227,-0.36625816899683666,0.2516130673451143,-0.5901546359208569,0,0,0,0,1
-0.19703715437543867,-0.39869069487513986,-0.19561837384750325,0.6784710600318581,-0.22787913140467791,-0.2418981353147136,-0.3960645882404277,-0.14787685528331165,-0.5766411011768886,-0.5583876134771013,-0.26209345517888855,-0.17951478037435356,-0.13653074141650054,-0.1653805228952227,-0.36625816899683666,-0.11316099470693164,-0.5901546359208569,0,0,0,0,1
-0.14050720588922236,-0.30162661821655434,-0.13499754162453398,-0.8767634615311403,-0.33622108660793204,-0.2418721508292098,-0.41247988842322325,-0.08767169501712144,0.7419707733125368,0.3142978397686969,-0.26209345517888855,-0.1685409652640631,-0.10261476027188926,-0.1439436189445682,-0.28989827535046275,-0.173956671715606,0.6024191287378627,0,0,0,0,1
-0.20107500783873986,-0.30162661821655434,-0.19157698503263862,-0.8767634615311403,-0.33433443734070817,-0.24189923407217187,-0.4224534897860562,-0.03424463496175814,-0.25021758859191273,-0.5583876134771013,-0.25689053714638477,-0.19697312259527025,-0.1423540124992374,-0.16444404216184066,-0.36625816899683666,-0.6603220877850006,-0.37881491543083884,0,1,0,0,0
0.25116458005099085,0.7660782250278859,0.24893439578760468,0.6784710600318581,0.0009427017287941212,0.16667250839757788,2.70312692020198,-0.14816114956057352,1.9329129643506036,1.2750259585673112,-0.2619357909960854,0.29535212803458005,0.1139834395906802,0.10340801041358264,0.3823848874851156,-0.10347672757280652,1.7465201178934693,0,1,0,1,1
-0.1687721801323305,-0.39869069487513986,-0.17945281858804477,-0.8767634615311403,-0.333284470132855,-0.24189923407217187,-0.42242350434039955,-0.04556403941832869,-0.22464006552791116,-0.5583876134771013,-0.25689053714638477,-0.19697312259527025,-0.1365762558490894,-0.16336080203991218,-0.36625816899683666,0.3558342279314132,-0.3622549975120403,0,0,0,0,1
-0.17684788705893284,-0.39869069487513986,-0.187535596217774,-0.8767634615311403,-0.15859512696829461,-0.2418971466386782,-0.40862611037042385,-0.14967684311202195,-0.5766411011768886,-0.5583876134771013,-0.26367009700691996,-0.20495407903911786,-0.07616753253286368,-0.1653805228952227,-0.36625816899683666,0.5434323169867512,-0.5901546359208569,0,0,0,0,1
1.567504809087171,2.7073597581995954,1.546220205359147,2.2337055815948563,-0.3389309959458381,-0.24181546874896515,-0.3365453569872189,0.03628998605751578,3.265943932541469,2.5738232444126616,-0.2605168133508571,2.1668864141168482,0.4783027510125569,1.4257563551948196,2.739847534684803,-0.09803211655730755,3.1138825550806564,0,1,0,1,1
-0.19703715437543867,-0.39869069487513986,-0.19965976266236785,0.6784710600318581,-0.09551672075869828,-0.24189692208143887,-0.4055078232105197,-0.14593854135444714,-0.5766411011768886,-0.5583876134771013,-0.26130513426487284,-0.19697312259527025,-0.13844162053445158,-0.1653805228952227,-0.36625816899683666,0.43400009837113734,-0.5901546359208569,0,0,0,0,1
0.09772614844554649,2.222039374906668,0.09940300963761384,2.2337055815948563,-0.2628577730426153,-0.22814689608928088,0.23729127880186007,-0.145347731211633,1.673958896031276,2.691159465201944,-0.2587825073400225,-0.002936119054224889,-0.07009974183519606,-0.003961120288122336,2.3823140623509547,-0.11316099470693164,2.128727353110188,0,1,0,0,0
-0.205112861302041,-0.39869069487513986,-0.19561837384750325,0.6784710600318581,-0.18557789558382984,-0.24189669025314,-0.41961695617186223,-0.14767769446455284,-0.5766411011768886,-0.5583876134771013,-0.2562598804151722,-0.18998978570690359,-0.14313285824826297,-0.1653805228952227,-0.36625816899683666,-0.8427091188110237,-0.5901546359208569,0,1,0,0,0
-0.18492359398553518,-0.30162661821655434,-0.19965976266236785,0.6784710600318581,-0.2958298678404494,-0.2418986257823532,-0.4048862466886049,-0.14967684311202195,-0.5766411011768886,-0.5583876134771013,-0.2551562311355502,-0.19198502481786547,-0.14028673415745074,-0.1653805228952227,-0.36625816899683666,2.075483377605344,-0.5901546359208569,0,0,0,0,1
-0.19703715437543867,-0.30162661821655434,-0.19965976266236785,-0.8767634615311403,-0.2685089917973629,-0.24189652422503566,-0.4128612954437185,-0.1471900893299693,-0.5766411011768886,-0.5583876134771013,-0.25673287296358166,-0.21542908437166788,-0.14167691597407037,-0.1653805228952227,-0.36625816899683666,0.43400009837113734,-0.5901546359208569,0,0,0,0,1
-0.19299930091213752,-0.39869069487513986,-0.1834942074029094,-0.8767634615311403,-0.2639365556710842,-0.24189806883172385,-0.4039892207045074,-0.14448219694584893,-0.5766411011768886,-0.5583876134771013,-0.2597284924368414,-0.21243622570522502,-0.13911750636881992,-0.1653805228952227,-0.36625816899683666,-0.4779350567589777,-0.5901546359208569,0,0,0,0,0
-0.10820437818281302,0.4748859950521295,-0.10670781992048166,3.7889401031578553,-0.10346401449652225,-0.1401967897098994,0.15452750671620322,-0.14817841046696986,1.1033264354555201,1.1827885043731219,-0.25610221623236906,-0.10968141149068686,-0.12747851062718263,-0.12682307417947838,0.19236855785935647,-0.11316099470693164,1.173597915430756,0,1,0,0,0
-0.11224223164611417,0.571950071710715,-0.11074920873534627,3.7889401031578553,-0.022790496906782667,-0.15958379419250018,0.05229130732440349,-0.14787979464492254,1.374464346940762,1.2516003986512094,-0.2557868878667628,-0.10968141149068686,-0.12871139379994087,-0.12246595579469359,0.26723694241257273,-0.11316099470693164,1.3758621934906057,0,1,0,0,1
-0.16473432666902935,0.2807578417349585,-0.1430803192542632,2.2337055815948563,-0.11601178568497302,-0.17470981803396488,-0.22689291554379562,-0.1479435891095752,0.7203835697798481,1.4722054257555255,-0.2641430895553294,-0.17552430215242976,0.223598201229091,-0.14677526671356256,0.16677192084195147,-0.45513667788072476,1.038041769741114,0,0,0,1,1
0.46517081360595264,4.066256831419792,0.4510038365308356,-0.8767634615311403,-0.09853278209818998,-0.0007583359371686832,2.8377511748151165,-0.1480152689937549,1.7685961236154695,2.775443678529016,-0.2587825073400225,1.2470811839634093,0.018144765983470094,0.197946710419382,4.301100535254896,-0.08630646253132081,2.2227256659903323,0,0,0,0,0
-0.20107500783873986,-0.30162661821655434,-0.187535596217774,-0.8767634615311403,-0.2607296149370246,-0.24189816332588515,-0.41146835625936384,-0.1483589219188524,-0.5766411011768886,-0.5583876134771013,-0.2572058655119911,-0.2144314648161869,-0.14228983897109804,-0.1653805228952227,-0.36625816899683666,-0.7697543064006144,-0.5901546359208569,0,0,0,0,1
-0.17281003359563168,-0.4957547715337253,-0.19157698503263862,-0.8767634615311403,-0.2707563698206156,-0.24189628594409573,-0.41159794103631203,-0.14616928719383313,-0.5766411011768886,-0.5583876134771013,-0.25783652224320364,-0.21542908437166788,-0.13634764591255621,-0.1653805228952227,-0.36625816899683666,1.2547417379882408,-0.5901546359208569,0,0,0,0,1
-0.19299930091213752,-0.10749846489938342,-0.1632872633285863,-0.8767634615311403,-0.1434442948562095,-0.23382835388277615,-0.3377398734359811,-0.14713113727895227,0.4972533870136297,0.2627885053443626,-0.2559445520495659,-0.21343384526070597,-0.14123651335462767,-0.1551108225509112,-0.24650344930768772,-0.8095478404426558,0.4239789002781523,0,0,0,0,0
-0.18088574052223402,-0.30162661821655434,-0.1834942074029094,-0.8767634615311403,-0.19407863827453845,-0.24189747597466074,-0.3998731050224683,-0.14967684311202195,-0.5766411011768886,-0.5583876134771013,-0.26351243282411685,-0.2129350354829655,-0.09641748796971776,-0.1653805228952227,-0.36625816899683666,0.06922603631909144,-0.5901546359208569,0,0,0,0,0
-0.19703715437543867,-0.30162661821655434,-0.1834942074029094,-0.8767634615311403,6.636413228275071,-0.24189923407217187,0.15171307861931035,-0.14956179832088026,-0.22254125281685513,0.14137644479411807,-0.2619357909960854,-0.19048859548464406,-0.13701471768144663,-0.16368738666321211,-0.3050288808628276,-0.6603220877850006,-0.08918769928507633,0,1,0,0,0
-0.18088574052223402,-0.4957547715337253,-0.19965976266236785,0.6784710600318581,-0.29857404814369437,-0.2418975836235515,-0.3994959551237989,-0.1460237162993199,-0.5766411011768886,-0.5583876134771013,-0.25830951479161307,-0.17951478037435356,-0.13754607547970116,-0.1653805228952227,-0.36625816899683666,2.6226444706834133,-0.5901546359208569,0,0,0,0,0
-0.19703715437543867,-0.4957547715337253,-0.17945281858804477,-0.8767634615311403,-0.33040741318805833,-0.24189923407217187,-0.42260859511556537,-0.041888172549211115,-0.19387791661526219,-0.5583876134771013,-0.2609898058992665,-0.19697312259527025,-0.13895139034831258,-0.1631842941680007,-0.36625816899683666,-0.7384879582247247,-0.34233834413928704,0,0,0,0,1
-0.18896144744883633,-0.39869069487513986,-0.1834942074029094,-0.8767634615311403,-0.30654744713955356,-0.2418983854493944,-0.4030915719052446,-0.14967684311202195,-0.5766411011768886,-0.5583876134771013,-0.26351243282411685,-0.2104409865942631,-0.10995490616744823,-0.1653805228952227,-0.36625816899683666,-0.2955480257329546,-0.5901546359208569,0,0,0,0,0
-0.1687721801323305,0.18369376507637303,-0.15116309688399246,0.6784710600318581,0.08840075723621413,-0.099315040425343,0.016453565188477747,-0.1486212154942881,0.800534750928397,0.8696989839759904,-0.26035914916805397,-0.16754334570858212,-0.1302249577326709,-0.14825953147428134,-0.03303832735746666,-0.42582447646582816,0.8559901788367323,0,0,0,0,1
-0.1687721801323305,-0.39869069487513986,-0.19561837384750325,-0.8767634615311403,-0.2960697763717722,-0.24189856396162915,-0.4094858006822834,-0.14824325351272044,-0.5766411011768886,-0.5583876134771013,-0.2597284924368414,-0.21093979637200358,-0.1320960884293882,-0.1653805228952227,-0.36625816899683666,2.4402574396573904,-0.5901546359208569,0,1,0,0,0
-0.2091507147653422,-0.39869069487513986,-0.1834942074029094,-0.8767634615311403,-0.3117890594150007,-0.241898569500091,-0.402733138815395,-0.14967684311202195,-0.5766411011768886,-0.5583876134771013,-0.2608321417164634,-0.20794693770556072,-0.14379845166177438,-0.1653805228952227,-0.36625816899683666,-1.2074831808630695,-0.5901546359208569,0,0,0,0,0
-0.1687721801323305,-0.39869069487513986,-0.187535596217774,0.6784710600318581,-0.3426658215771857,-0.24189923407217187,-0.42339013519811286,-0.14967684311202195,-0.5766411011768886,-0.5583876134771013,-0.2579941864260068,-0.2089445572610417,-0.13531289798098123,-0.1653805228952227,-0.36625816899683666,0.9811611914492063,-0.5901546359208569,0,0,0,0,0
0.32788379585371297,1.7367189916137404,0.32976217208489705,3.7889401031578553,-0.08357127791394547,0.31014915511511987,2.5566329552313873,-0.14755625950793735,2.1973946187634206,0.9719196830690301,-0.2594131640712351,0.23449733515024193,0.0018069923763082928,0.18479205914113367,0.7049557670293864,-0.11316099470693164,1.8000643256645448,0,0,0,0,0
-0.18088574052223402,-0.39869069487513986,-0.1834942074029094,0.6784710600318581,-0.2871818392255971,-0.24189867853472263,-0.39874439124074623,-0.1467926427731547,-0.5766411011768886,-0.5583876134771013,-0.26209345517888855,-0.2129350354829655,-0.12684046108946875,-0.1653805228952227,-0.36625816899683666,0.06922603631909144,-0.5901546359208569,0,0,0,0,1
-0.18088574052223402,-0.39869069487513986,-0.187535596217774,0.6784710600318581,-0.18856561739964353,-0.24189704734307974,-0.4049673927254609,-0.14716436240897252,-0.5766411011768886,-0.5583876134771013,-0.25988615661964454,-0.20794693770556072,-0.13531441235700992,-0.1653805228952227,-0.36625816899683666,0.3245678797555234,-0.5901546359208569,0,0,0,0,1
-0.18088574052223402,-0.30162661821655434,-0.1834942074029094,-0.8767634615311403,-0.29267042697560897,-0.24189849121219464,-0.40254108134461736,-0.14967684311202195,-0.5766411011768886,-0.5583876134771013,-0.2597284924368414,-0.2104409865942631,-0.13560679739910406,-0.1653805228952227,-0.36625816899683666,0.06922603631909144,-0.5901546359208569,0,0,0,0,0
-0.156658619742427,0.18369376507637303,-0.1632872633285863,-0.8767634615311403,-0.318004846801632,-0.2418576200354305,-0.3958596844106658,-0.13214201182142288,0.6800900044855999,1.2979070682534217,-0.2572058655119911,-0.17352906304146784,-0.13399246917237798,-0.1533623479157834,0.0668767830329664,0.08580667550327532,0.9442765177746117,0,1,0,0,0
-0.17281003359563168,-0.4957547715337253,-0.19965976266236785,-0.8767634615311403,-0.3055490028710647,-0.24189806978542072,-0.4026970805943844,-0.14967684311202195,-0.5766411011768886,-0.5583876134771013,-0.26288177609290425,-0.21143860614974405,-0.10990486025913868,-0.1653805228952227,-0.36625816899683666,3.7169666568395514,-0.5901546359208569,0,0,0,0,0
-0.18088574052223402,-0.39869069487513986,-0.19157698503263862,-0.8767634615311403,-0.3426658215771857,-0.24189923407217187,-0.42339013519811286,-0.14967684311202195,-0.5766411011768886,-0.5583876134771013,-0.2594131640712351,-0.21143860614974405,-0.13613500723871738,-0.1653805228952227,-0.36625816899683666,0.7075806449101718,-0.5901546359208569,0,0,0,0,1
-0.18088574052223402,-0.30162661821655434,-0.1834942074029094,0.6784710600318581,-0.27330708734991577,-0.24189780149297999,-0.41864246540924754,-0.14967684311202195,-0.5766411011768886,-0.5583876134771013,-0.26146279844767595,-0.21243622570522502,-0.1306054173682415,-0.1653805228952227,-0.36625816899683666,0.06922603631909144,-0.5901546359208569,0,0,0,0,1
1.5594291021605688,2.7073597581995954,1.5300546500996886,0.6784710600318581,-0.33900453247229817,-0.24180688858063606,-0.32149991308765774,-0.0028492058437276395,2.6017829485439496,2.4387812593840734,-0.2551562311355502,2.1668864141168482,0.11255692615385177,1.1385825378413308,2.6059310459920892,-0.09280151217379425,2.631443117503642,0,0,0,1,1
-0.17281003359563168,-0.39869069487513986,-0.19965976266236785,0.6784710600318581,-0.14794706223873832,-0.24189760545652514,-0.4004370229899404,-0.14967684311202195,-0.5766411011768886,-0.5583876134771013,-0.2617781268132823,-0.20744812792782025,-0.12471787627277758,-0.1653805228952227,-0.36625816899683666,3.7169666568395514,-0.5901546359208569,0,0,0,0,0
-0.19299930091213752,-0.4957547715337253,-0.19965976266236785,-0.8767634615311403,-0.29235084110943915,-0.2418968153332286,-0.40976766124570935,-0.14967684311202195,-0.5766411011768886,-0.5583876134771013,-0.25925549988843194,-0.201961220372675,-0.13955611654723313,-0.1653805228952227,-0.36625816899683666,0.9811611914492063,-0.5901546359208569,0,1,0,0,1
-0.17281003359563168,-0.30162661821655434,-0.187535596217774,-0.8767634615311403,-0.2022881319864447,-0.2418968822976032,-0.393548648072115,-0.14967684311202195,-0.5766411011768886,-0.5583876134771013,-0.2556292236839596,-0.2129350354829655,-0.13824364010502616,-0.1653805228952227,-0.36625816899683666,0.7622967542179788,-0.5901546359208569,0,1,0,0,0
-0.18492359398553518,-0.39869069487513986,-0.187535596217774,0.6784710600318581,-0.28950920631392535,-0.2418984032796535,-0.3900514026664846,-0.14967684311202195,-0.5766411011768886,-0.5583876134771013,-0.2639854253725263,-0.21792313326037024,-0.04277127288036438,-0.1653805228952227,-0.36625816899683666,0.1057034425242959,-0.5901546359208569,0,0,0,0,0
-0.205112861302041,-0.39869069487513986,-0.187535596217774,-0.8767634615311403,-0.2182540472568603,-0.24189761165644524,-0.3990937082659966,-0.14842034289492925,-0.5766411011768886,-0.5583876134771013,-0.2573635296947942,-0.1954766932620488,-0.1430270084816311,-0.1653805228952227,-0.36625816899683666,-0.9886187436318421,-0.5901546359208569,0,1,0,0,1
-0.14050720588922236,0.18369376507637303,-0.14712170806912783,-0.8767634615311403,-0.3095088324329759,-0.2418624169315217,-0.40628780884010224,-0.12817549360254538,0.513861009046527,1.0113449652681894,-0.26130513426487284,-0.17352906304146784,-0.1134430752736119,-0.15078059522263945,1.2365464114856021e-05,0.03274863011388673,0.7253851820116362,0,0,0,0,0
-0.16473432666902935,-0.4957547715337253,-0.19157698503263862,-0.8767634615311403,-0.26027653598767453,-0.2418982804938117,-0.41271181446593747,-0.14635773305879446,-0.5766411011768886,-0.5583876134771013,-0.2590978357056288,-0.201961220372675,-0.132485379563671,-0.1653805228952227,-0.36625816899683666,1.8019028310663099,-0.5901546359208569,0,0,0,0,1
-0.18896144744883633,-0.10749846489938342,-0.17945281858804477,0.6784710600318581,-0.26633984370446845,-0.24099909503355224,-0.3904151607227195,-0.14205745757595262,0.2472492180803209,0.22105768535694098,-0.25641754459797533,-0.18001359015209403,-0.14040394743192028,-0.16065318322355307,-0.2525891872333891,-0.42582447646582816,0.24591265418382233,0,0,0,0,1
-0.18088574052223402,-0.4957547715337253,-0.1834942074029094,0.6784710600318581,-0.2602370952797767,-0.2418974408579007,-0.398409221056696,-0.14967684311202195,-0.5766411011768886,-0.5583876134771013,-0.25925549988843194,-0.22041718214907263,-0.1363743652113272,-0.1653805228952227,-0.36625816899683666,0.06922603631909144,-0.5901546359208569,0,1,0,0,0
0.16233180385836515,1.5425908382965698,0.16810661949031233,0.6784710600318581,0.10143273107364058,0.4436779166150916,3.0256950220255994,-0.14856880673441988,1.9428420762672902,1.5062323604830317,-0.2608321417164634,0.18112468893201095,-0.0019066330654261456,0.05628362135980946,0.9585381987356545,-0.12492789993441698,1.8427227857469386,0,1,0,0,0
-0.18088574052223402,-0.39869069487513986,-0.1834942074029094,-0.8767634615311403,-0.3013983999517851,-0.24189860581743536,-0.4103740050081591,-0.1477427763030148,-0.5766411011768886,-0.5583876134771013,-0.2624087835444948,-0.21093979637200358,-0.12401804934373134,-0.1653805228952227,-0.36625816899683666,0.06922603631909144,-0.5901546359208569,0,1,0,0,0
-0.2091507147653422,-0.39869069487513986,-0.19157698503263862,-0.8767634615311403,-0.1933901147622089,-0.24189860310245387,-0.39120979515785287,-0.1476472871673026,-0.5766411011768886,-0.5583876134771013,-0.25783652224320364,-0.20495407903911786,-0.14379845166177438,-0.1653805228952227,-0.36625816899683666,-1.2074831808630695,-0.5901546359208569,0,0,0,0,0
-0.20107500783873986,-0.39869069487513986,-0.19561837384750325,0.6784710600318581,-0.18554068243608585,-0.24189801148825651,-0.40957205587612666,-0.14967684311202195,-0.5766411011768886,-0.5583876134771013,-0.262566447727298,-0.21243622570522502,-0.13763390873058395,-0.1653805228952227,-0.36625816899683666,-0.4779350567589777,-0.5901546359208569,0,1,0,0,0
-0.205112861302041,-0.4957547715337253,-0.19561837384750325,-0.8767634615311403,-0.29511052171882507,-0.2418985828008634,-0.41775104180905887,-0.1433532261463101,-0.5766411011768886,-0.5583876134771013,-0.25673287296358166,-0.19447907370656786,-0.14309127309920636,-0.1653805228952227,-0.36625816899683666,-0.8427091188110237,-0.5901546359208569,0,0,0,0,0
-0.19299930091213752,-0.30162661821655434,-0.17945281858804477,0.6784710600318581,-0.2668327472739595,-0.24189923407217187,-0.4179953993164855,-0.1335637982771919,-0.2430168775691322,-0.5583876134771013,-0.2619357909960854,-0.21742432348262977,-0.1347534730213374,-0.16346624499824142,-0.36625816899683666,-0.5821562173452766,-0.3741528852883635,0,0,0,0,0
-0.18492359398553518,-0.30162661821655434,-0.19561837384750325,-0.8767634615311403,-0.1834722913554941,-0.24189876771084526,-0.4128680215540942,-0.1400742140937543,-0.5766411011768886,-0.5583876134771013,-0.2557868878667628,-0.20694931815007978,-0.140026687196316,-0.1653805228952227,-0.36625816899683666,0.9811611914492063,-0.5901546359208569,0,0,0,0,1
-0.18088574052223402,-0.30162661821655434,-0.19561837384750325,0.6784710600318581,-0.12697191688134113,-0.2418981620672004,-0.41293027462010823,-0.14967684311202195,-0.5766411011768886,-0.5583876134771013,-0.2617781268132823,-0.19697312259527025,-0.1289580041369991,-0.1653805228952227,-0.36625816899683666,1.3459352535012525,-0.5901546359208569,0,0,0,0,0
-0.20107500783873986,-0.39869069487513986,-0.19965976266236785,-0.8767634615311403,-0.19803060278745027,-0.24189724642516688,-0.40891797205759167,-0.14967684311202195,-0.5766411011768886,-0.5583876134771013,-0.26130513426487284,-0.21193741592748455,-0.14022723091022585,-0.1653805228952227,-0.36625816899683666,-0.11316099470693164,-0.5901546359208569,0,1,0,0,0
-0.18492359398553518,-0.39869069487513986,-0.187535596217774,0.6784710600318581,-0.20481711911633046,-0.24189849343607292,-0.401012208808235,-0.1468353474313241,-0.5766411011768886,-0.5583876134771013,-0.25641754459797533,-0.20495407903911786,-0.13972504658594948,-0.1653805228952227,-0.36625816899683666,0.1057034425242959,-0.5901546359208569,0,0,0,0,1
-0.2091507147653422,-0.39869069487513986,-0.19965976266236785,0.6784710600318581,-0.15487078043968636,-0.24189751311811516,-0.39875753771043343,-0.14967684311202195,-0.5766411011768886,-0.5583876134771013,-0.2609898058992665,-0.17352906304146784,-0.14379845166177438,-0.1653805228952227,-0.36625816899683666,-1.2074831808630695,-0.5901546359208569,0,0,0,0,1
-0.18492359398553518,-0.39869069487513986,-0.19965976266236785,0.6784710600318581,-0.1532135760618311,-0.24189811384716542,-0.3973769638225072,-0.14967684311202195,-0.5766411011768886,-0.5583876134771013,-0.26035914916805397,-0.21393265503844644,-0.1356543553043123,-0.1653805228952227,-0.36625816899683666,2.075483377605344,-0.5901546359208569,0,0,0,0,1
-0.19299930091213752,-0.30162661821655434,-0.19965976266236785,-0.8767634615311403,-0.25903978607328637,-0.24189746153651343,-0.4039388583300219,-0.14706420333982223,-0.5766411011768886,-0.5583876134771013,-0.2595708282540382,-0.2169255137048893,-0.13927345124254412,-0.1653805228952227,-0.36625816899683666,0.9811611914492063,-0.5901546359208569,0,1,0,0,0
-0.18896144744883633,-0.39869069487513986,-0.19965976266236785,-0.8767634615311403,-0.3426658215771857,-0.24189923407217187,-0.42339013519811286,-0.14967684311202195,-0.5766411011768886,-0.5583876134771013,-0.26351243282411685,-0.2149302745939274,-0.10995490616744823,-0.1653805228952227,-0.36625816899683666,1.5283222845272753,-0.5901546359208569,0,1,0,0,1
-0.21318856822864335,-0.39869069487513986,-0.187535596217774,0.6784710600318581,-0.17765874163127413,-0.24189820265179018,-0.3979001668268937,-0.1476355256136093,-0.5766411011768886,-0.5583876134771013,-0.2587825073400225,-0.17951478037435356,-0.14476817152791358,-0.1653805228952227,-0.36625816899683666,-1.426347618094297,-0.5901546359208569,0,0,0,0,1
-0.1687721801323305,-0.4957547715337253,-0.19157698503263862,-0.8767634615311403,-0.3426658215771857,-0.24189923407217187,-0.42339013519811286,-0.14967684311202195,-0.5766411011768886,-0.5583876134771013,-0.2562598804151722,-0.19647431281752978,-0.13714251752666023,-0.1653805228952227,-0.36625816899683666,1.5283222845272753,-0.5901546359208569,0,0,0,0,0
-0.17684788705893284,-0.30162661821655434,-0.1834942074029094,0.6784710600318581,-0.1456657257459012,-0.24189780393237326,-0.40492902207231457,-0.14967684311202195,-0.5766411011768886,-0.5583876134771013,-0.2602014849852508,-0.20744812792782025,-0.13335703493527373,-0.1653805228952227,-0.36625816899683666,0.2516130673451143,-0.5901546359208569,0,0,0,0,1
-0.2091507147653422,-0.4957547715337253,-0.19157698503263862,0.6784710600318581,-0.10135808719844307,-0.24189662301185855,-0.40831980859164235,-0.14612162888075383,-0.5766411011768886,-0.5583876134771013,-0.25499856695274703,-0.19697312259527025,-0.14379845166177438,-0.1653805228952227,-0.36625816899683666,-1.2074831808630695,-0.5901546359208569,0,0,0,0,0
9.34844843286852,-0.4957547715337253,9.366307562122183,0.6784710600318581,-0.3426153194659772,-0.24189814569653528,-0.40853565308618295,7.361125937135693,4.020524176062028,-0.5583876134771013,-0.26067447753366024,9.216565002923002,3.348223174363726,10.245032837828862,-0.36625816899683666,-0.11408486316295206,2.3862351990030843,0,0,0,2,0
-0.17281003359563168,-0.39869069487513986,-0.187535596217774,0.6784710600318581,-0.3265659558500235,-0.24189845749067387,-0.41354282376191087,-0.144867928449714,-0.5766411011768886,-0.5583876134771013,-0.26146279844767595,-0.2089445572610417,-0.12683597899866067,-0.1653805228952227,-0.36625816899683666,0.7622967542179788,-0.5901546359208569,0,0,0,0,1
-0.17684788705893284,-0.30162661821655434,-0.19157698503263862,0.6784710600318581,-0.2891199603488814,-0.24189776038680094,-0.4095540810337169,-0.14967684311202195,-0.5766411011768886,-0.5583876134771013,-0.2572058655119911,-0.21193741592748455,-0.1377640008990689,-0.1653805228952227,-0.36625816899683666,0.9811611914492063,-0.5901546359208569,0,0,0,0,0
-0.21318856822864335,-0.30162661821655434,-0.187535596217774,-0.8767634615311403,-0.3426658215771857,-0.24189923407217187,-0.42339013519811286,-0.14967684311202195,-0.5766411011768886,-0.5583876134771013,-0.2579941864260068,-0.19647431281752978,-0.1446470070298537,-0.1653805228952227,-0.36625816899683666,-1.426347618094297,-0.5901546359208569,0,1,0,0,0
-0.205112861302041,-0.4957547715337253,-0.19157698503263862,0.6784710600318581,-0.18428587607265404,-0.24189809503734716,-0.3972096528180598,-0.14742553687262727,-0.5766411011768886,-0.5583876134771013,-0.26130513426487284,-0.17951478037435356,-0.1420128412860001,-0.1653805228952227,-0.36625816899683666,-0.9339026343240351,-0.5901546359208569,0,0,0,0,0
-0.2091507147653422,-0.4957547715337253,-0.187535596217774,0.6784710600318581,-0.20519260125974959,-0.24189854547556824,-0.4072899003235172,-0.14812873723773695,-0.5766411011768886,-0.5583876134771013,-0.2595708282540382,-0.19846955192849167,-0.14379845166177438,-0.1653805228952227,-0.36625816899683666,-1.2074831808630695,-0.5901546359208569,0,0,0,0,1
-0.14454505935252351,-0.010434388240797931,-0.1673286521434509,0.6784710600318581,-0.34223561190522345,-0.24189922086236962,-0.4231157413322823,1.565000422356325,0.4461218392387589,0.8742948627130479,-0.26130513426487284,-0.1555719110428107,-0.11522868564938617,-0.15657786850677313,-0.11553900986793987,0.5434323169867512,0.6283135092227038,0,0,0,0,0
0.473246520532555,4.260384984736963,0.44696244771597093,-0.8767634615311403,-0.1557837237324543,-0.029253157010836438,2.6169668487650086,-0.1481551548328004,2.191878257213996,3.225098113420573,-0.2572058655119911,1.2470811839634093,-0.016320679299621273,0.26087458762472227,5.151319148312307,-0.06587546814462941,2.6713699851597754,0,1,0,0,1
-0.1687721801323305,-0.4957547715337253,-0.19965976266236785,-0.8767634615311403,-0.17509721341673815,-0.2418986099814057,-0.4135456089280804,-0.1392924630953184,-0.5766411011768886,-0.5583876134771013,-0.2633547686413137,-0.20694931815007978,-0.08736129269339668,-0.1653805228952227,-0.36625816899683666,4.26412774991762,-0.5901546359208569,0,0,0,0,1
-0.1687721801323305,-0.4957547715337253,-0.19157698503263862,-0.8767634615311403,-0.20315799062846915,-0.2418982962378871,-0.39272411980116834,-0.14761466322965733,-0.5766411011768886,-0.5583876134771013,-0.2595708282540382,-0.20495407903911786,-0.1324859506136987,-0.1653805228952227,-0.36625816899683666,1.5283222845272753,-0.5901546359208569,0,1,0,0,1
0.46517081360595264,4.260384984736963,0.44696244771597093,-0.8767634615311403,-0.05992277880005833,0.106102016748129,3.6277106405246164,-0.14765852190233816,2.1344234254561676,3.418827081997962,-0.2595708282540382,1.2470811839634093,0.045120315841089956,0.2520285538823135,5.4338402518357425,-0.07938561859100154,2.7093936207661327,0,0,0,0,0
-0.205112861302041,-0.39869069487513986,-0.1834942074029094,0.6784710600318581,-0.24540023314468945,-0.24189727302497155,-0.3974448243462746,-0.14561895403486058,-0.5766411011768886,-0.5583876134771013,-0.2597284924368414,-0.18849335637368214,-0.14262821533853579,-0.1653805228952227,-0.36625816899683666,-1.0250961498370466,-0.5901546359208569,0,1,0,0,1
-0.14858291281582467,-0.20456254155796888,-0.1390389304393986,-0.8767634615311403,-0.33582078839563134,-0.2418648276266631,-0.4148419517770023,-0.08422813874733813,1.045447727678869,0.23443440798317577,-0.2639854253725263,-0.1685409652640631,0.10876949529175065,-0.1405611517001658,-0.27376236765315226,-0.24190478131353613,0.7678924878889366,0,1,0,1,1
-0.205112861302041,-0.39869069487513986,-0.1834942074029094,0.6784710600318581,-0.18833197755298287,-0.24189725477856633,-0.4112030338740333,-0.14311769313048464,-0.5766411011768886,-0.5583876134771013,-0.2565752087807785,-0.20545288881685833,-0.14310570040752124,-0.1653805228952227,-0.36625816899683666,-1.0250961498370466,-0.5901546359208569,0,0,0,0,0
-0.20107500783873986,-0.4957547715337253,-0.1834942074029094,0.6784710600318581,-0.15729699911208814,-0.24189684012946788,-0.41000762274756336,-0.14517463247702866,-0.5766411011768886,-0.5583876134771013,-0.2557868878667628,-0.1790159705966131,-0.14254119683995492,-0.1653805228952227,-0.36625816899683666,-0.8427091188110237,-0.5901546359208569,0,0,0,0,0
-0.16473432666902935,-0.30162661821655434,-0.1834942074029094,0.6784710600318581,6.144055152692468,-0.24189923407217187,0.22615703527478181,-0.14953696650260082,-0.136834591435074,0.013050439031796418,-0.25862484315721934,-0.19048859548464406,-0.13342769931270324,-0.16327757837218282,-0.3162573940867267,0.7987741604231833,-0.08352492197308314,0,1,0,0,1
-0.18492359398553518,-0.4957547715337253,-0.19157698503263862,0.6784710600318581,-0.25245577195529395,-0.2418975398418807,-0.40450519867092777,-0.14710482353500431,-0.5766411011768886,-0.5583876134771013,-0.262566447727298,-0.17352906304146784,-0.1253048228682031,-0.1653805228952227,-0.36625816899683666,0.43400009837113734,-0.5901546359208569,0,1,0,0,0
-0.21318856822864335,-0.4957547715337253,-0.187535596217774,-0.8767634615311403,-0.2424300479495216,-0.24189679388293098,-0.4186204736042545,-0.14967684311202195,-0.5766411011768886,-0.5583876134771013,-0.25925549988843194,-0.18849335637368214,-0.1448590354404097,-0.1653805228952227,-0.36625816899683666,-1.426347618094297,-0.5901546359208569,0,0,0,0,0
-0.17281003359563168,-0.4957547715337253,-0.1834942074029094,0.6784710600318581,-0.30626145133065796,-0.24189677717326538,-0.414625944698369,-0.14967684311202195,-0.5766411011768886,-0.5583876134771013,-0.2608321417164634,-0.20994217681652264,-0.12991773027734901,-0.1653805228952227,-0.36625816899683666,0.43400009837113734,-0.5901546359208569,0,0,0,0,1
-0.156658619742427,-0.010434388240797931,-0.1673286521434509,0.6784710600318581,-0.3423752228008758,-0.24189922292883892,-0.42322702545720614,1.700573148317759,0.36248967075437255,0.6838669821855811,-0.2572058655119911,-0.1555719110428107,-0.13399246917237798,-0.15729766881027793,-0.14886385251381848,0.2151356611399098,0.5002262365444798,0,0,0,0,0
-0.18492359398553518,-0.39869069487513986,-0.19965976266236785,0.6784710600318581,-0.16046105997750626,-0.24189815884860624,-0.40379689527595103,-0.14967684311202195,-0.5766411011768886,-0.5583876134771013,-0.26288177609290425,-0.21393265503844644,-0.12120272406001724,-0.1653805228952227,-0.36625816899683666,2.075483377605344,-0.5901546359208569,0,1,0,0,1
-0.20107500783873986,-0.30162661821655434,-0.1834942074029094,-0.8767634615311403,-0.27191165659204675,-0.2418981392263354,-0.4164423328107768,-0.14344474688596204,-0.5766411011768886,-0.5583876134771013,-0.2605168133508571,-0.19447907370656786,-0.1409707189223456,-0.1653805228952227,-0.36625816899683666,-0.8427091188110237,-0.5901546359208569,0,1,0,0,0
-0.2091507147653422,-0.30162661821655434,-0.19965976266236785,-0.8767634615311403,-0.25703147005511334,-0.24189796298784552,-0.3948115380401593,-0.1430453063474372,-0.5766411011768886,-0.5583876134771013,-0.2638277611897231,-0.21243622570522502,-0.14379845166177438,-0.1653805228952227,-0.36625816899683666,-1.2074831808630695,-0.5901546359208569,0,0,0,0,0
-0.18088574052223402,-0.4957547715337253,-0.187535596217774,0.6784710600318581,-0.30805603349285643,-0.24189851991647,-0.40415779588629264,-0.14967684311202195,-0.5766411011768886,-0.5583876134771013,-0.25531389531835336,-0.2104409865942631,-0.1396295916584686,-0.1653805228952227,-0.36625816899683666,0.3245678797555234,-0.5901546359208569,0,1,0,0,1
-0.20107500783873986,-0.30162661821655434,-0.187535596217774,-0.8767634615311403,-0.28418262708021064,-0.24189863098945108,-0.3996104794632758,-0.14967684311202195,-0.5766411011768886,-0.5583876134771013,-0.2559445520495659,-0.19198502481786547,-0.14251748250820104,-0.1653805228952227,-0.36625816899683666,-0.7697543064006144,-0.5901546359208569,0,0,0,0,0
-0.18896144744883633,-0.39869069487513986,-0.19157698503263862,-0.8767634615311403,-0.23920092856842917,-0.24189765218913792,-0.3984096399152063,-0.1413235019312105,-0.5766411011768886,-0.5583876134771013,-0.25641754459797533,-0.21243622570522502,-0.14040394743192028,-0.1653805228952227,-0.36625816899683666,0.16041955183210285,-0.5901546359208569,0,0,0,0,0
0.45305725321604917,4.066256831419792,0.4590866141605648,0.6784710600318581,-0.06263455823146903,0.06854410977247803,3.4231430569554058,-0.14754067621000916,1.960541229386639,2.6811865223104725,-0.2595708282540382,1.2470811839634093,0.041726565526667245,0.23253573578847664,4.169140660869679,-0.11979325038060525,2.3103999385312646,0,0,0,0,0
-0.17281003359563168,-0.4957547715337253,-0.19157698503263862,0.6784710600318581,-0.3426658215771857,-0.24189923407217187,-0.42339013519811286,-0.14967684311202195,-0.5766411011768886,-0.5583876134771013,-0.25783652224320364,-0.19647431281752978,-0.13634764591255621,-0.1653805228952227,-0.36625816899683666,1.2547417379882408,-0.5901546359208569,0,1,0,0,0
-0.1687721801323305,-0.4957547715337253,-0.1834942074029094,-0.8767634615311403,-0.16501285492743858,-0.2418967728785627,-0.39849302513939405,-0.14631998927400178,-0.5766411011768886,-0.5583876134771013,-0.2633547686413137,-0.21393265503844644,-0.08736129269339668,-0.1653805228952227,-0.36625816899683666,0.6163871293971604,-0.5901546359208569,0,1,0,0,1
-0.17281003359563168,-0.30162661821655434,-0.187535596217774,0.6784710600318581,-0.26231876065267223,-0.24189841963196118,-0.41796991974203224,-0.14515016946764675,-0.5766411011768886,-0.5583876134771013,-0.25610221623236906,-0.19447907370656786,-0.13792327288932135,-0.1653805228952227,-0.36625816899683666,0.7622967542179788,-0.5901546359208569,0,1,0,0,1
-0.205112861302041,-0.39869069487513986,-0.1834942074029094,0.6784710600318581,-0.15064384169329884,-0.24189690927331997,-0.3955105187128668,-0.1461637056300733,-0.5766411011768886,-0.5583876134771013,-0.26367009700691996,-0.21393265503844644,-0.13534458677066055,-0.1653805228952227,-0.36625816899683666,-1.0250961498370466,-0.5901546359208569,0,0,0,0,0
-0.15262076627912585,-0.20456254155796888,-0.15116309688399246,-0.8767634615311403,-0.3341278687658869,-0.2418717306433323,-0.41569983777937586,-0.09119147299393458,1.1049099337116455,0.32588345248569595,-0.2633547686413137,-0.1685409652640631,-0.06478642910604561,-0.14447555219145183,-0.26309332412961955,-0.11316099470693164,0.8418990781891945,0,0,0,0,1
-0.20107500783873986,-0.4957547715337253,-0.1834942074029094,0.6784710600318581,-0.22311332859200897,-0.24189735236592816,-0.40268022877476606,-0.1460502659500642,-0.5766411011768886,-0.5583876134771013,-0.26146279844767595,-0.2169255137048893,-0.14002901329219355,-0.1653805228952227,-0.36625816899683666,-0.8427091188110237,-0.5901546359208569,0,0,0,0,0
-0.16473432666902935,-0.4957547715337253,-0.19965976266236785,0.6784710600318581,-0.18208137612211264,-0.2418965443779781,-0.41092200190568634,-0.14659225019202968,-0.5766411011768886,-0.5583876134771013,-0.26004382080244764,-0.1790159705966131,-0.12997291444626372,-0.1653805228952227,-0.36625816899683666,4.8112888429956895,-0.5901546359208569,0,0,0,0,0
-0.18896144744883633,-0.10749846489938342,-0.17945281858804477,0.6784710600318581,-0.18416065678990265,-0.23338472371129806,-0.3299060773828823,-0.14705930679805143,0.478738170764453,0.26768546559534945,-0.25547155950115646,-0.21343384526070597,-0.1407675361027764,-0.15932493978629123,-0.24578931005211918,-0.42582447646582816,0.4138928241420747,0,1,0,0,1
-0.13646935242592118,0.08662968841778755,-0.13499754162453398,0.6784710600318581,1.5918907429027083,3.3272128592405172,2.5940796222360913,-0.1494761908668525,0.8027828104175958,1.0076374226274252,-0.25862484315721934,-0.17951478037435356,-0.12682812963602158,-0.1429549870175506,-0.04652840713813249,-0.11316099470693164,0.9110051990948287,0,1,0,0,1
-0.17281003359563168,-0.39869069487513986,-0.187535596217774,0.6784710600318581,-0.3426658215771857,-0.24189923407217187,-0.42339013519811286,-0.14967684311202195,-0.5766411011768886,-0.5583876134771013,-0.25752119387759737,-0.21143860614974405,-0.136694060747855,-0.1653805228952227,-0.36625816899683666,0.7622967542179788,-0.5901546359208569,0,1,0,0,0
-0.21318856822864335,-0.4957547715337253,-0.19561837384750325,0.6784710600318581,-0.271137902738893,-0.24189719571478932,-0.41695906981245906,-0.14967684311202195,-0.5766411011768886,-0.5583876134771013,-0.2556292236839596,-0.21243622570522502,-0.14441565294585754,-0.1653805228952227,-0.36625816899683666,-1.5722572429151156,-0.5901546359208569,0,1,0,0,1
0.15021824346846166,1.4455267616379843,0.17214800830517696,0.6784710600318581,0.13199320611321502,0.3124177078639792,3.1238383694800254,-0.14865998333748312,2.2326189137393735,1.7543096372257436,-0.2590978357056288,0.18112468893201095,-0.052265413777119796,0.08446469690550372,1.0502673478451792,-0.1713696216301305,2.1266608559206266,0,1,0,0,0
-0.16473432666902935,-0.39869069487513986,-0.187535596217774,0.6784710600318581,-0.3148247943129538,-0.24189827279969847,-0.40711292391683035,-0.14435807157727834,-0.5766411011768886,-0.5583876134771013,-0.25752119387759737,-0.2089445572610417,-0.13511530721142848,-0.1653805228952227,-0.36625816899683666,1.200025628680434,-0.5901546359208569,0,0,0,0,0
-0.2091507147653422,-0.39869069487513986,-0.19561837384750325,0.6784710600318581,-0.21442254329170668,-0.24189838019864673,-0.40923957882230555,-0.14967684311202195,-0.5766411011768886,-0.5583876134771013,-0.25925549988843194,-0.19846955192849167,-0.14379845166177438,-0.1653805228952227,-0.36625816899683666,-1.2074831808630695,-0.5901546359208569,0,1,0,0,0
0.473246520532555,4.1633209080783775,0.46312800297542944,-0.8767634615311403,-0.05841563675497357,0.10572098082808094,2.271910728659221,-0.147701231880336,1.8233611816287498,3.0586571733098253,-0.26367009700691996,1.2470811839634093,1.2849047149364643,0.21331638348477325,4.803096018544534,-0.09338408772820625,2.3681505452831524,0,1,0,1,1
0.07753688112904066,2.3191034515652533,0.10344439845247845,0.6784710600318581,-0.24700960294642654,-0.23000966389002395,0.17085374368468242,-0.14523602756498072,1.7761789689155834,2.6069849029378784,-0.2572058655119911,-0.002936119054224889,-0.09024270114276331,0.005620404902911249,2.4034397537268046,-0.1984328533684489,2.1622249559470217,0,1,0,0,1
0.07349902766573949,2.027911221589497,0.0670718991186969,-0.8767634615311403,0.011211809881915506,0.6071443387345618,2.112721344542939,-0.14863441777802702,1.7192470991469935,2.2783085755378605,-0.26035914916805397,0.016018652499913216,-0.048783994158049904,-0.018277466240803567,1.8676376367044432,-0.08097504805528064,1.9977446234867933,0,1,0,0,0
-0.13243149896262002,-0.30162661821655434,-0.13499754162453398,-0.8767634615311403,-0.332578426723783,-0.2418750866357054,-0.41233528578451906,-0.10419169778448023,1.0240307715134813,0.4816347725883194,-0.2559445520495659,-0.1685409652640631,-0.13162924470282744,-0.1393581202040107,-0.27525630974224513,-0.05236531769825728,0.8500106780856819,0,1,0,0,1
0.44094369282614565,4.066256831419792,0.4510038365308356,0.6784710600318581,-0.08944259829297205,0.060036745963296174,3.787063580155122,-0.14722199130112448,1.948616753240362,3.129507188055474,-0.2556292236839596,1.2470811839634093,-0.04442904492438933,0.22583574297000433,4.796788906471732,-0.12658826079473706,2.4767560980133907,0,1,0,0,0
-0.21318856822864335,-0.30162661821655434,-0.19157698503263862,-0.8767634615311403,-0.2964553275797245,-0.24189867864707967,-0.3979099898713066,-0.14967684311202195,-0.5766411011768886,-0.5583876134771013,-0.2594131640712351,-0.19198502481786547,-0.1448932294364968,-0.1653805228952227,-0.36625816899683666,-1.4810637274021041,-0.5901546359208569,0,0,0,0,0
-0.19299930091213752,-0.39869069487513986,-0.17137004095831554,-0.8767634615311403,-0.33739796485888024,-0.24189885341973075,-0.4211309023977797,-0.01387372039115202,0.6065129259261288,-0.5583876134771013,-0.2594131640712351,-0.19647431281752978,-0.13941934056288469,-0.15632887958900785,-0.36625816899683666,-0.721117764793675,0.17586690279871584,0,0,0,0,0
-0.19703715437543867,-0.4957547715337253,-0.187535596217774,-0.8767634615311403,-0.16195155824804197,-0.24189874548078408,-0.41971433925132506,-0.1474030522101257,-0.5766411011768886,-0.5583876134771013,-0.25641754459797533,-0.21991837237133216,-0.1417617491238619,-0.1653805228952227,-0.36625816899683666,-0.5508898691693869,-0.5901546359208569,0,0,0,0,1
-0.18896144744883633,-0.30162661821655434,-0.19561837384750325,0.6784710600318581,-0.23826978466682,-0.24189805183818164,-0.40977444075198555,-0.14781466452113914,-0.5766411011768886,-0.5583876134771013,-0.26225111936169165,-0.2144314648161869,-0.1307550365608881,-0.1653805228952227,-0.36625816899683666,0.6163871293971604,-0.5901546359208569,0,0,0,0,1
-0.18088574052223402,-0.10749846489938342,-0.15520448569885706,0.6784710600318581,-0.3423048761883313,-0.2418992196694087,-0.4231815768870583,1.6970730403700256,0.6065334209281613,0.8596977837525611,-0.262566447727298,-0.1555719110428107,-0.1222225514026079,-0.1518028227423706,-0.15945427474301999,-0.6182327729328415,0.7265025853413262,0,0,0,0,0
-0.17684788705893284,-0.39869069487513986,-0.19157698503263862,-0.8767634615311403,-0.2624725260672379,-0.2418985464830659,-0.3945171881987813,-0.14967684311202195,-0.5766411011768886,-0.5583876134771013,-0.25925549988843194,-0.17951478037435356,-0.13531378143269188,-0.1653805228952227,-0.36625816899683666,0.9811611914492063,-0.5901546359208569,0,1,0,0,0
-0.17281003359563168,-0.4957547715337253,-0.187535596217774,-0.8767634615311403,-0.2564576254700203,-0.24189684121757807,-0.3987980123040036,-0.14748266350812048,-0.5766411011768886,-0.5583876134771013,-0.25925549988843194,-0.20545288881685833,-0.13425319765405658,-0.1653805228952227,-0.36625816899683666,0.7622967542179788,-0.5901546359208569,0,0,0,0,1
0.085612588055643,2.222039374906668,0.09132023200788461,2.2337055815948563,-0.27034987423974954,-0.2242751478796262,0.14227030232837135,-0.14389790553084195,1.883449920146394,3.0355899116059506,-0.2587825073400225,-0.002936119054224889,-0.07300890143361362,0.006358977187718855,2.6736444963145733,-0.12794913235769023,2.3980977231450114,0,1,0,0,1
-0.17684788705893284,-0.4957547715337253,-0.187535596217774,-0.8767634615311403,-0.2196114345254158,-0.24189827333604508,-0.40955419147268457,-0.14967684311202195,-0.5766411011768886,-0.5583876134771013,-0.26067447753366024,-0.19846955192849167,-0.13199609720118965,-0.1653805228952227,-0.36625816899683666,0.5434323169867512,-0.5901546359208569,0,0,0,0,1
-0.18896144744883633,-0.39869069487513986,-0.19157698503263862,0.6784710600318581,-0.1549805880394237,-0.24189639958449066,-0.41068779625073926,-0.14967684311202195,-0.5766411011768886,-0.5583876134771013,-0.25988615661964454,-0.20495407903911786,-0.13773842358694263,-0.1653805228952227,-0.36625816899683666,0.16041955183210285,-0.5901546359208569,0,0,0,0,1
-0.18492359398553518,-0.4957547715337253,-0.1834942074029094,0.6784710600318581,-0.20799053734003173,-0.24189691855102413,-0.4071205332251847,-0.14967684311202195,-0.5766411011768886,-0.5583876134771013,-0.25610221623236906,-0.21343384526070597,-0.1398816658134724,-0.1653805228952227,-0.36625816899683666,-0.11316099470693164,-0.5901546359208569,0,0,0,0,0
-0.21318856822864335,-0.4957547715337253,-0.19561837384750325,0.6784710600318581,-0.2935955837457746,-0.24189730605743465,-0.4091247111348588,-0.14967684311202195,-0.5766411011768886,-0.5583876134771013,-0.26130513426487284,-0.201961220372675,-0.14558406203754864,-0.1653805228952227,-0.36625816899683666,-1.5722572429151156,-0.5901546359208569,0,0,0,0,0
-0.16473432666902935,-0.39869069487513986,-0.1834942074029094,0.6784710600318581,-0.3329050762606121,-0.24189923407217187,-0.42272785151040043,-0.04671081427977806,-0.18411496495637503,-0.5583876134771013,-0.2617781268132823,-0.19697312259527025,-0.12047774840855607,-0.16350365052059704,-0.36625816899683666,0.7987741604231833,-0.33601741627962606,0,1,0,0,0
-0.18896144744883633,-0.30162661821655434,-0.1834942074029094,0.6784710600318581,-0.32046170473074703,-0.24189803986726538,-0.4065381373752875,-0.14967684311202195,-0.5766411011768886,-0.5583876134771013,-0.2557868878667628,-0.20794693770556072,-0.14065531460722575,-0.1653805228952227,-0.36625816899683666,-0.2955480257329546,-0.5901546359208569,0,0,0,0,0
-0.18492359398553518,-0.4957547715337253,-0.1834942074029094,0.6784710600318581,-0.2537362224196828,-0.24189836174395746,-0.40632478009231143,-0.14967684311202195,-0.5766411011768886,-0.5583876134771013,-0.26130513426487284,-0.19846955192849167,-0.13308478940712878,-0.1653805228952227,-0.36625816899683666,-0.11316099470693164,-0.5901546359208569,0,0,0,0,1
-0.17684788705893284,-0.39869069487513986,-0.1834942074029094,0.6784710600318581,-0.16026038261312212,-0.24189872579283977,-0.4181317882666789,-0.14748007853575887,-0.5766411011768886,-0.5583876134771013,-0.25547155950115646,-0.21991837237133216,-0.13894898676737763,-0.1653805228952227,-0.36625816899683666,0.2516130673451143,-0.5901546359208569,0,1,0,0,1
-0.18088574052223402,-0.39869069487513986,-0.19157698503263862,-0.8767634615311403,-0.2591560263420167,-0.2418984093942126,-0.3951319378158793,-0.14751906113423854,-0.5766411011768886,-0.5583876134771013,-0.2556292236839596,-0.20545288881685833,-0.13947804267319242,-0.1653805228952227,-0.36625816899683666,0.7075806449101718,-0.5901546359208569,0,0,0,0,0
0.39652730472983283,0.8631423016864713,0.38230022667813707,0.6784710600318581,-0.2990062963801687,-0.23721848520923264,-0.0449089260011126,-0.1411351142832971,1.9195346261198956,1.760464911412973,-0.2602014849852508,0.13323895026892518,0.05197811196011239,0.18074953607779834,0.6482387011163361,-0.08317956494922911,1.9263474920928307,0,1,0,0,1
-0.15262076627912585,0.2807578417349585,-0.1632872633285863,-0.8767634615311403,0.07845980480240188,-0.1380953580762529,0.07764595859935365,-0.1486915495982844,0.5295182535108216,1.2595745411203976,-0.25925549988843194,-0.16754334570858212,-0.12895027876088,-0.1548022722098682,0.11095637466909815,0.1852905106083787,0.8319063300262265,0,0,0,0,0
-0.19299930091213752,-0.30162661821655434,-0.187535596217774,0.6784710600318581,-0.271591501785573,-0.24189764186136697,-0.40349858552661966,-0.14846582987265947,-0.5766411011768886,-0.5583876134771013,-0.2616204626304791,-0.18998978570690359,-0.13581654592716738,-0.1653805228952227,-0.36625816899683666,-0.3320254319381592,-0.5901546359208569,0,0,0,0,1
1.5311641279174606,2.7073597581995954,1.534096038914553,2.2337055815948563,-0.3394266020620447,-0.24182660078238144,-0.32275902335905726,0.028446942227069363,2.1269062137054604,2.7905989704347993,-0.26130513426487284,2.1668864141168482,0.6257996202969334,0.9463475911055946,2.954816561217942,-0.11316099470693164,2.460594624720132,0,0,0,1,1
-0.17281003359563168,-0.39869069487513986,-0.187535596217774,0.6784710600318581,-0.1356631465346526,-0.2418987574240962,-0.41142122369054634,-0.1380061519605096,-0.5766411011768886,-0.5583876134771013,-0.25704820132918793,-0.20694931815007978,-0.13715722277773748,-0.1653805228952227,-0.36625816899683666,0.7622967542179788,-0.5901546359208569,0,0,0,0,0
-0.18088574052223402,-0.30162661821655434,-0.187535596217774,0.6784710600318581,-0.3086169637959003,-0.2418985309158096,-0.4047506886124616,-0.14833184196416746,-0.5766411011768886,-0.5583876134771013,-0.2638277611897231,-0.18998978570690359,-0.06500469436172442,-0.1653805228952227,-0.36625816899683666,0.3245678797555234,-0.5901546359208569,0,0,0,0,0
-0.17281003359563168,-0.39869069487513986,-0.1834942074029094,-0.8767634615311403,-0.22561784799245363,-0.24189747414088295,-0.3981795390597441,-0.1449107633037282,-0.5766411011768886,-0.5583876134771013,-0.2556292236839596,-0.18849335637368214,-0.13824364010502616,-0.1653805228952227,-0.36625816899683666,0.43400009837113734,-0.5901546359208569,0,0,0,0,0
-0.156658619742427,0.18369376507637303,-0.15924587451372169,0.6784710600318581,0.2866322939148032,-0.09006811756377063,0.07859518738845406,-0.14884520041783506,0.8307863400795743,1.5168933038891586,-0.25531389531835336,-0.16754334570858212,-0.1360562830842065,-0.15057530314531856,0.11797351546493565,-0.02196747919392022,1.1268726351159588,0,1,0,0,1
-0.18492359398553518,-0.30162661821655434,-0.1834942074029094,-0.8767634615311403,-0.2848627075078739,-0.24189858202312667,-0.40252085066067594,-0.14773244661369683,-0.5766411011768886,-0.5583876134771013,-0.2597284924368414,-0.20545288881685833,-0.13677703372234268,-0.1653805228952227,-0.36625816899683666,-0.11316099470693164,-0.5901546359208569,0,1,0,0,1
-0.2091507147653422,-0.4957547715337253,-0.1834942074029094,0.6784710600318581,-0.06287357966637573,-0.2418977803515181,-0.41150223799803903,-0.1455332220167008,-0.5766411011768886,-0.5583876134771013,-0.2605168133508571,-0.20545288881685833,-0.14379845166177438,-0.1653805228952227,-0.36625816899683666,-1.2074831808630695,-0.5901546359208569,0,1,0,0,0
1.5432776883073642,2.9014879115167664,1.5300546500996886,0.6784710600318581,-0.34002203569174916,-0.24182637202811308,-0.32475782349639554,0.009899444249684562,3.2551143797692643,2.597099459716589,-0.2608321417164634,2.1668864141168482,0.5255607795427379,1.4066147573970498,2.946999634241165,-0.10298125344036295,3.115908890451278,0,0,0,1,0
-0.19299930091213752,-0.4957547715337253,-0.19965976266236785,-0.8767634615311403,-0.258718632958078,-0.2418969013472912,-0.41075800143030755,-0.14967684311202195,-0.5766411011768886,-0.5583876134771013,-0.25610221623236906,-0.201961220372675,-0.1411872610962397,-0.1653805228952227,-0.36625816899683666,0.9811611914492063,-0.5901546359208569,0,0,0,0,0
-0.1687721801323305,-0.30162661821655434,-0.17945281858804477,-0.8767634615311403,-0.33685377565227625,-0.24189870233947833,-0.42110516834731565,-0.012339139343179189,0.5063175423580165,-0.5583876134771013,-0.26067447753366024,-0.19647431281752978,-0.1290455085860435,-0.15916669413828854,-0.36625816899683666,0.3558342279314132,0.1109963786444162,0,0,0,0,1
-0.19299930091213752,-0.4957547715337253,-0.19965976266236785,-0.8767634615311403,-0.23063252965737616,-0.2418978945320516,-0.39457458215091695,-0.14562979818587427,-0.5766411011768886,-0.5583876134771013,-0.25862484315721934,-0.18849335637368214,-0.1400272689893849,-0.1653805228952227,-0.36625816899683666,0.9811611914492063,-0.5901546359208569,0,0,0,0,0
-0.17281003359563168,-0.39869069487513986,-0.19157698503263862,-0.8767634615311403,-0.2544060134389199,-0.24189778329867823,-0.40220543268551145,-0.14299706831067513,-0.5766411011768886,-0.5583876134771013,-0.2627241119101011,-0.21243622570522502,-0.11328857986672294,-0.1653805228952227,-0.36625816899683666,1.2547417379882408,-0.5901546359208569,0,0,0,0,0
-0.18896144744883633,-0.4957547715337253,-0.1834942074029094,0.6784710600318581,-0.1653403121724616,-0.24189818979145775,-0.40531134433522903,-0.14782221535781448,-0.5766411011768886,-0.5583876134771013,-0.2565752087807785,-0.17951478037435356,-0.14033469539050877,-0.1653805228952227,-0.36625816899683666,-0.2955480257329546,-0.5901546359208569,0,0,0,0,0
-0.1687721801323305,-0.4957547715337253,-0.1834942074029094,0.6784710600318581,-0.2524553898717028,-0.24189749444456263,-0.4038709827361253,-0.14668454057741304,-0.5766411011768886,-0.5583876134771013,-0.2627241119101011,-0.2169255137048893,-0.10989859411171723,-0.1653805228952227,-0.36625816899683666,0.6163871293971604,-0.5901546359208569,0,1,0,0,1
-0.20107500783873986,-0.30162661821655434,-0.19157698503263862,0.6784710600318581,-0.3110514606326879,-0.24189847266298525,-0.40080653705137503,-0.14967684311202195,-0.5766411011768886,-0.5583876134771013,-0.26225111936169165,-0.2104409865942631,-0.13858108562141988,-0.1653805228952227,-0.36625816899683666,-0.6603220877850006,-0.5901546359208569,0,1,0,0,0
-0.19299930091213752,-0.39869069487513986,-0.19561837384750325,0.6784710600318581,-0.29474381498562147,-0.24189868485446658,-0.4017181638960768,-0.14967684311202195,-0.5766411011768886,-0.5583876134771013,-0.2624087835444948,-0.19198502481786547,-0.13249536462289263,-0.1653805228952227,-0.36625816899683666,0.2516130673451143,-0.5901546359208569,0,0,0,0,0
-0.156658619742427,0.18369376507637303,-0.15924587451372169,0.6784710600318581,-0.3197863222445205,-0.2418538521236857,-0.39446358439817136,-0.13056767311399392,0.5133540820945658,1.6411953334726912,-0.25862484315721934,-0.17352906304146784,-0.13154210797650845,-0.1539144836937529,0.14697729064715992,-0.02196747919392022,0.9696189268992156,0,0,0,0,0
-0.19703715437543867,-0.39869069487513986,-0.1834942074029094,0.6784710600318581,-0.31498126149831207,-0.2418984879984152,-0.4004606118799992,-0.14967684311202195,-0.5766411011768886,-0.5583876134771013,-0.2556292236839596,-0.20794693770556072,-0.14194684780952496,-0.1653805228952227,-0.36625816899683666,-0.6603220877850006,-0.5901546359208569,0,1,0,0,1
-0.19299930091213752,-0.39869069487513986,-0.187535596217774,0.6784710600318581,-0.3171535807376313,-0.2418981049814845,-0.40602776054197515,-0.14967684311202195,-0.5766411011768886,-0.5583876134771013,-0.2551562311355502,-0.20794693770556072,-0.14145730665889195,-0.1653805228952227,-0.36625816899683666,-0.3320254319381592,-0.5901546359208569,0,0,0,0,1
-0.21318856822864335,-0.30162661821655434,-0.19561837384750325,0.6784710600318581,-0.21539829367487215,-0.24189839596646698,-0.404094861922586,-0.14787546799431933,-0.5766411011768886,-0.5583876134771013,-0.25752119387759737,-0.17951478037435356,-0.14458782842998763,-0.1653805228952227,-0.36625816899683666,-1.5722572429151156,-0.5901546359208569,0,0,0,0,1
-0.17281003359563168,-0.39869069487513986,-0.187535596217774,-0.8767634615311403,-0.22183094358276179,-0.2418977642276235,-0.3927998035448994,-0.1463017985778292,-0.5766411011768886,-0.5583876134771013,-0.2587825073400225,-0.20744812792782025,-0.1350709728665217,-0.1653805228952227,-0.36625816899683666,0.7622967542179788,-0.5901546359208569,0,1,0,0,1
-0.14858291281582467,0.2807578417349585,-0.1430803192542632,-0.8767634615311403,2.8012499376499123,5.6075500276882355,1.7615688753392644,-0.14950717083232531,0.9390079312276018,1.061920683373735,-0.262566447727298,-0.13362428082222974,-0.0975643796778462,-0.14363919510030101,0.05907229375473582,-0.18155613134169027,1.0202802442800019,0,1,0,0,0
-0.17281003359563168,-0.4957547715337253,-0.1834942074029094,-0.8767634615311403,-0.3029309679562308,-0.24189883098638634,-0.40431835340938116,-0.14967684311202195,-0.5766411011768886,-0.5583876134771013,-0.25610221623236906,-0.19198502481786547,-0.13792327288932135,-0.1653805228952227,-0.36625816899683666,0.43400009837113734,-0.5901546359208569,0,0,0,0,1
-0.156658619742427,-0.20456254155796888,-0.15116309688399246,-0.8767634615311403,-0.33310322448237356,-0.2418701169109658,-0.4156785467590237,-0.09912093549274849,0.6234012636476722,0.5857000331272211,-0.2627241119101011,-0.1685409652640631,-0.09972863684670008,-0.15046164742879697,-0.2327814228727018,-0.19132686514665576,0.6310340717134798,0,0,0,0,0
-0.18492359398553518,-0.39869069487513986,-0.1834942074029094,0.6784710600318581,-0.3426658215771857,-0.24189923407217187,-0.42339013519811286,-0.14967684311202195,-0.5766411011768886,-0.5583876134771013,-0.25783652224320364,-0.2089445572610417,-0.13883124782896228,-0.1653805228952227,-0.36625816899683666,-0.11316099470693164,-0.5901546359208569,0,0,0,0,0
-0.17684788705893284,-0.30162661821655434,-0.187535596217774,0.6784710600318581,-0.3357992755587139,-0.24189923407217187,-0.42246797647866324,-0.06862100361688142,-0.13345032943025267,-0.5583876134771013,-0.25689053714638477,-0.19697312259527025,-0.13802069501162642,-0.16368522173807787,-0.36625816899683666,0.5434323169867512,-0.3032150920045574,0,0,0,0,1
-0.205112861302041,-0.30162661821655434,-0.19561837384750325,0.6784710600318581,-0.2599184064522095,-0.24189768903497397,-0.41466680993933025,-0.14967684311202195,-0.5766411011768886,-0.5583876134771013,-0.2581518506088099,-0.201961220372675,-0.14292814775799034,-0.1653805228952227,-0.36625816899683666,-0.8427091188110237,-0.5901546359208569,0,1,0,0,1
-0.19299930091213752,-0.39869069487513986,-0.19561837384750325,-0.8767634615311403,-0.2342757021550961,-0.2418978173458131,-0.40278835812101943,-0.14967684311202195,-0.5766411011768886,-0.5583876134771013,-0.25673287296358166,-0.21343384526070597,-0.14096973741150234,-0.1653805228952227,-0.36625816899683666,0.2516130673451143,-0.5901546359208569,0,0,0,0,1
0.43286798589954334,4.260384984736963,0.4510038365308356,-0.8767634615311403,-0.05427270994847712,0.011713176862519192,3.303421910527077,-0.14744266847943438,2.081001007101896,2.307178698034975,-0.25531389531835336,1.2470811839634093,-0.049105774443829,0.2463448855767562,3.812688131564131,-0.14001552688254235,2.243168522389328,0,1,0,0,1
-0.13243149896262002,0.2807578417349585,-0.1430803192542632,-0.8767634615311403,2.39092198944587,3.2805493403287964,1.787686131145512,-0.14953045606109278,0.7471892401609445,1.500952197246069,-0.25531389531835336,-0.13362428082222974,-0.13248297450994442,-0.1463907510017731,0.17431794010535362,0.09202441519734422,1.066558802634968,0,1,0,0,0
-0.2091507147653422,-0.30162661821655434,-0.1834942074029094,0.6784710600318581,-0.2967698849065816,-0.24189923407217187,-0.41718569960708163,-0.13468352585931187,-0.12763928205831596,-0.5583876134771013,-0.26209345517888855,-0.21742432348262977,-0.14379845166177438,-0.1632336107976627,-0.36625816899683666,-1.2074831808630695,-0.299452786043158,0,1,0,0,1
-0.15262076627912585,-0.20456254155796888,-0.1673286521434509,-0.8767634615311403,-0.34259419632045046,-0.24189923377175684,-0.4233603762820136,9.185033242148249,0.5050487422630121,0.5622923138217856,-0.2627241119101011,-0.2084457474833012,-0.09633865109169436,-0.1560706999919525,-0.23551232047163123,0.3245678797555234,0.5453190008607963,0,1,0,0,0
-0.18896144744883633,-0.39869069487513986,-0.19561837384750325,0.6784710600318581,-0.2493972347854754,-0.24189756887007344,-0.39962820801987115,-0.14843401489469074,-0.5766411011768886,-0.5583876134771013,-0.25862484315721934,-0.18998978570690359,-0.13908447332128748,-0.1653805228952227,-0.36625816899683666,0.6163871293971604,-0.5901546359208569,0,1,0,0,0
-0.19299930091213752,-0.30162661821655434,-0.17945281858804477,0.6784710600318581,-0.09380386751669449,-0.2087352232592932,-0.2515648257873859,-0.14829482020362866,0.4978492307609577,0.08249492753498001,-0.2590978357056288,-0.2024600301504155,-0.13968460726246407,-0.15921528384061803,-0.3101810079882679,-0.5821562173452766,0.3543592386385969,0,1,0,0,1
-0.2091507147653422,-0.30162661821655434,-0.19157698503263862,-0.8767634615311403,-0.27477550491064867,-0.24189723531613236,-0.420202135193378,-0.1468107146642472,-0.5766411011768886,-0.5583876134771013,-0.25547155950115646,-0.17951478037435356,-0.14379845166177438,-0.1653805228952227,-0.36625816899683666,-1.2074831808630695,-0.5901546359208569,0,0,0,0,1
-0.18492359398553518,-0.39869069487513986,-0.19965976266236785,0.6784710600318581,-0.27763814107758594,-0.24189703960409684,-0.4132411071543208,-0.14967684311202195,-0.5766411011768886,-0.5583876134771013,-0.2627241119101011,-0.201961220372675,-0.1234585371317401,-0.1653805228952227,-0.36625816899683666,2.075483377605344,-0.5901546359208569,0,1,0,0,0
-0.13646935242592118,0.18369376507637303,-0.1430803192542632,-0.8767634615311403,1.6927146016564092,2.890853481384506,2.120146469497815,-0.14946574131333226,0.7771043660913871,1.034112477295222,-0.2616204626304791,-0.17951478037435356,-0.10787987585604292,-0.14596163149918726,0.005324779127054135,0.023629278562585607,0.9046598282898691,0,0,0,0,1
0.19059677810147332,3.289744218151108,0.17618939712004159,2.2337055815948563,0.18367208281555966,0.709707990401708,2.8561661327011283,-0.1488111092681639,1.4179761550585355,2.9274686598775026,-0.2605168133508571,0.10331036360449661,-0.003825681060049826,0.013920837187060879,3.7005697021434467,-0.06708427107930488,2.0547493264697456,0,0,0,0,1
-0.11224223164611417,0.571950071710715,-0.10670781992048166,3.7889401031578553,-0.1425012551220809,-0.1543348428686117,0.1027619193333316,-0.1479892377894155,1.3782605495346156,1.737430661444991,-0.2551562311355502,-0.10968141149068686,-0.1297515816444798,-0.12051297724447262,0.43727734842206356,-0.1569338821531772,1.566960996783174,0,0,0,0,0
-0.2091507147653422,-0.4957547715337253,-0.19561837384750325,0.6784710600318581,-0.1447329765045134,-0.2418962230862781,-0.409864651451313,-0.1460080316015121,-0.5766411011768886,-0.5583876134771013,-0.25499856695274703,-0.19697312259527025,-0.14379845166177438,-0.1653805228952227,-0.36625816899683666,-1.2074831808630695,-0.5901546359208569,0,1,0,0,0
-0.17281003359563168,-0.30162661821655434,-0.19965976266236785,-0.8767634615311403,-0.22695154165329767,-0.24189754882082662,-0.3882783655143549,-0.1479802585713904,-0.5766411011768886,-0.5583876134771013,-0.25894017152282567,-0.1954766932620488,-0.13481440808077197,-0.1653805228952227,-0.36625816899683666,3.7169666568395514,-0.5901546359208569,0,0,0,0,1
-0.19703715437543867,-0.30162661821655434,-0.1834942074029094,-0.8767634615311403,-0.3426658215771857,-0.24189923407217187,-0.42339013519811286,-0.14967684311202195,-0.5766411011768886,-0.5583876134771013,-0.2619357909960854,-0.21143860614974405,-0.13701471768144663,-0.1653805228952227,-0.36625816899683666,-0.6603220877850006,-0.5901546359208569,0,0,0,0,1
-0.17281003359563168,-0.30162661821655434,-0.187535596217774,0.6784710600318581,-0.23999850924910263,-0.2418980828612789,-0.4113361745663622,-0.14967684311202195,-0.5766411011768886,-0.5583876134771013,-0.2633547686413137,-0.19846955192849167,-0.09300500859023446,-0.1653805228952227,-0.36625816899683666,0.7622967542179788,-0.5901546359208569,0,0,0,0,1
-0.1687721801323305,0.571950071710715,-0.15520448569885706,0.6784710600318581,3.024093916791099,4.582844588673141,2.592471587139888,-0.14946122636536308,0.9982247955641731,1.5550467430055863,-0.26004382080244764,-0.19647431281752978,-0.13122978146585562,-0.14730790847747907,0.3734430467820235,-0.3656968838198865,1.250093468910919,0,0,0,0,0
-0.2091507147653422,-0.39869069487513986,-0.19965976266236785,0.6784710600318581,-0.16905910089285536,-0.24189810952552251,-0.3967880182544169,-0.1471806700687974,-0.5766411011768886,-0.5583876134771013,-0.25531389531835336,-0.17951478037435356,-0.14379845166177438,-0.1653805228952227,-0.36625816899683666,-1.2074831808630695,-0.5901546359208569,0,0,0,0,0
-0.19703715437543867,-0.4957547715337253,-0.187535596217774,-0.8767634615311403,-0.3426658215771857,-0.24189923407217187,-0.42339013519811286,-0.14967684311202195,-0.5766411011768886,-0.5583876134771013,-0.25846717897441623,-0.2089445572610417,-0.14104647313125873,-0.1653805228952227,-0.36625816899683666,-0.5508898691693869,-0.5901546359208569,0,0,0,0,1
-0.18088574052223402,-0.30162661821655434,-0.19965976266236785,-0.8767634615311403,-0.24481104962081054,-0.2418984573884109,-0.40124291386725647,-0.14802224139604828,-0.5766411011768886,-0.5583876134771013,-0.2609898058992665,-0.19846955192849167,-0.13248864193036358,-0.1653805228952227,-0.36625816899683666,2.6226444706834133,-0.5901546359208569,0,0,0,0,0
-0.19299930091213752,-0.30162661821655434,-0.17945281858804477,0.6784710600318581,5.151269832817205,-0.24189923407217187,0.24494231251497928,-0.14954732430749565,-0.22402855396304988,0.003917577035053274,-0.2597284924368414,-0.19048859548464406,-0.13911750636881992,-0.16335729329267645,-0.31705651863746204,-0.5821562173452766,-0.14352396340730333,0,0,0,0,0
-0.156658619742427,0.571950071710715,-0.15520448569885706,2.2337055815948563,1.8696289593744175,4.892665573728871,1.4469855217343637,-0.1494668473921869,0.667065984915853,1.3126988133022854,-0.2572058655119911,-0.19647431281752978,-0.13399246917237798,-0.15110817204802848,0.2886213641529183,-0.11316099470693164,0.9415876677512567,0,1,0,0,1
0.16636965732166634,1.5425908382965698,0.15598245304571848,0.6784710600318581,-0.03556220796278524,0.14770390707670414,2.187234348827896,-0.14881604030472245,2.347910798778437,1.6905837921372286,-0.25767885806040053,0.18112468893201095,-0.06863919985513636,0.0835312842324601,1.0768302380078079,-0.07668358850172692,2.176561622450651,0,0,0,0,0
-0.19703715437543867,-0.39869069487513986,-0.19157698503263862,0.6784710600318581,-0.20260285653408025,-0.24189788949700725,-0.39807156283985917,-0.14967684311202195,-0.5766411011768886,-0.5583876134771013,-0.2556292236839596,-0.20744812792782025,-0.14194684780952496,-0.1653805228952227,-0.36625816899683666,-0.3867415412459661,-0.5901546359208569,0,0,0,0,0
-0.2091507147653422,-0.30162661821655434,-0.19157698503263862,-0.8767634615311403,-0.14963705423504808,-0.24189764549713297,-0.41195759100187473,-0.14639022422013512,-0.5766411011768886,-0.5583876134771013,-0.2639854253725263,-0.19846955192849167,-0.14379845166177438,-0.1653805228952227,-0.36625816899683666,-1.2074831808630695,-0.5901546359208569,0,0,0,0,1
-0.17281003359563168,-0.20456254155796888,-0.1632872633285863,-0.8767634615311403,0.030498499360171162,-0.19800096037290918,-0.30079397165354455,-0.1476175318391638,0.42461944621439834,-0.020180522892105077,-0.25641754459797533,-0.2024600301504155,-0.137688344048037,-0.15580542412959278,-0.3034674104343786,-0.3121286649171385,0.26707990993893654,0,1,0,0,1
-0.14454505935252351,0.08662968841778755,-0.1390389304393986,2.2337055815948563,-0.09234691376956115,-0.17872013972518072,-0.21622310557428331,-0.1477073724686879,1.0053468401888266,1.4059250819961129,-0.2579941864260068,-0.17552430215242976,-0.13022156577250535,-0.14117473018869323,0.03478856771558969,-0.1775328880102339,1.1968027448362943,0,0,0,0,0
-0.1687721801323305,-0.4957547715337253,-0.1834942074029094,-0.8767634615311403,-0.2396589177110152,-0.24189759318714635,-0.40043768100385824,-0.14569482673672304,-0.5766411011768886,-0.5583876134771013,-0.25846717897441623,-0.19198502481786547,-0.1346251898933888,-0.1653805228952227,-0.36625816899683666,0.6163871293971604,-0.5901546359208569,0,0,0,0,0
-0.17684788705893284,-0.30162661821655434,-0.1834942074029094,-0.8767634615311403,-0.2905070743769594,-0.24189757806574833,-0.4122397760286269,-0.14640291851738133,-0.5766411011768886,-0.5583876134771013,-0.26225111936169165,-0.21542908437166788,-0.12292898750035636,-0.1653805228952227,-0.36625816899683666,0.2516130673451143,-0.5901546359208569,0,0,0,0,1
-0.1687721801323305,-0.39869069487513986,-0.19561837384750325,0.6784710600318581,5.455546952761382,-0.24189923407217187,0.1377878225614306,-0.14956505758785624,-0.18615412170782838,0.08957354919887729,-0.26035914916805397,-0.19048859548464406,-0.1302249577326709,-0.16463367405455873,-0.3284604758456614,2.4402574396573904,-0.08574353443961073,0,0,0,0,1
-0.18896144744883633,-0.39869069487513986,-0.1834942074029094,0.6784710600318581,-0.2718969560884622,-0.2418975418776955,-0.40881453046323785,-0.1484730723103126,-0.5766411011768886,-0.5583876134771013,-0.2638277611897231,-0.2144314648161869,-0.08751719644745297,-0.1653805228952227,-0.36625816899683666,-0.2955480257329546,-0.5901546359208569,0,0,0,0,0
1.5352019813807618,2.7073597581995954,1.5421788165442822,2.2337055815948563,-0.34022282666472176,-0.2418283583474529,-0.3350538214305882,0.042523477508077626,3.07060625067738,2.523760325979938,-0.2630394402757074,2.1668864141168482,1.6860326949986082,1.3413830864086564,2.6902018615350727,-0.1156882976772691,2.96797435757,0,1,0,1,1
-0.19703715437543867,-0.30162661821655434,-0.1834942074029094,0.6784710600318581,-0.28006018392118887,-0.24189775746398123,-0.4118297541217062,-0.14967684311202195,-0.5766411011768886,-0.5583876134771013,-0.2562598804151722,-0.201961220372675,-0.14180167142124014,-0.1653805228952227,-0.36625816899683666,-0.6603220877850006,-0.5901546359208569,0,0,0,0,1
0.43286798589954334,4.1633209080783775,0.46312800297542944,-0.8767634615311403,-0.10511200197835317,-0.03023455621472228,2.291413057723943,-0.147749595674933,2.6023596901584662,2.3603425600222376,-0.26130513426487284,1.2470811839634093,0.14011359808633356,0.3362347354248264,3.8050891418792894,-0.15930711099062417,2.601359890641211,0,0,0,1,1
0.19059677810147332,3.289744218151108,0.16406523067544773,0.6784710600318581,0.015943539117844383,0.6977139488582448,2.0311795513400903,-0.14868096824323368,1.723629534215852,3.1763001556315644,-0.2557868878667628,0.10331036360449661,-0.08156433798171112,0.03479754171387233,3.9908727963603208,-0.02989735010809517,2.3492593612832544,0,0,0,0,0
0.45305725321604917,4.1633209080783775,0.46312800297542944,0.6784710600318581,-0.16868002253639727,0.004318810135772498,3.340217419036291,-0.14779197769902003,2.1200651858712294,2.153418802968538,-0.2562598804151722,1.2470811839634093,-0.03464113184590266,0.2601333758360608,3.509360929186206,-0.12634559935941528,2.2087574612309635,0,1,0,0,0
-0.2091507147653422,-0.30162661821655434,-0.1834942074029094,-0.8767634615311403,-0.18927093706644407,-0.24189686424076928,-0.4178881625891422,-0.1481659940065436,-0.5766411011768886,-0.5583876134771013,-0.2602014849852508,-0.18998978570690359,-0.14379845166177438,-0.1653805228952227,-0.36625816899683666,-1.2074831808630695,-0.5901546359208569,0,1,0,0,1
-0.19299930091213752,-0.30162661821655434,-0.187535596217774,-0.8767634615311403,-0.21182506128198078,-0.24189857210084365,-0.4075099404656972,-0.148327346467658,-0.5766411011768886,-0.5583876134771013,-0.25894017152282567,-0.19846955192849167,-0.13980554340355109,-0.1653805228952227,-0.36625816899683666,-0.3320254319381592,-0.5901546359208569,0,0,0,0,1
-0.19703715437543867,-0.4957547715337253,-0.19561837384750325,0.6784710600318581,-0.25665786928752743,-0.24189753491458157,-0.39185776002745526,-0.14845433745183215,-0.5766411011768886,-0.5583876134771013,-0.2551562311355502,-0.18998978570690359,-0.14204259290961258,-0.1653805228952227,-0.36625816899683666,-0.11316099470693164,-0.5901546359208569,0,0,0,0,1
-0.14454505935252351,0.08662968841778755,-0.15116309688399246,-0.8767634615311403,3.060120808044246,5.711554211778212,2.5236257566753837,-0.14952561721167315,0.6624755770685002,0.8029853218317818,-0.2562598804151722,-0.1745266825969488,-0.1331489570455918,-0.14997587723188677,-0.08831149868693654,0.04317074617251657,0.7407011456207403,0,1,0,0,1
-0.205112861302041,-0.20456254155796888,-0.19561837384750325,0.6784710600318581,7.6566501640388,-0.24189923407217187,0.2171532179022314,-0.14953070792495582,-0.1694347020091917,-0.0056986987637753245,-0.262566447727298,-0.19048859548464406,-0.14071618019617918,-0.16460169634499341,-0.3017778661338798,-0.8427091188110237,-0.1119115695431465,0,0,0,0,0
0.15021824346846166,1.4455267616379843,0.16810661949031233,-0.8767634615311403,-0.03888342738989807,0.32249310236741036,2.794642356998722,-0.14853569418686946,2.084986510288844,1.5262131388717877,-0.2639854253725263,0.18112468893201095,1.3547713669291408,0.06878948947200156,0.91055839539907,-0.16022861561687302,1.9425110659856624,0,1,0,1,0
-0.11628008510941534,0.9602063783450568,-0.11074920873534627,0.6784710600318581,0.020701941362644735,-0.1868348030946769,0.10356412570314677,-0.14786135260709074,0.9242571293675137,2.2306405075938844,-0.26367009700691996,-0.1426028568215583,0.05064044083384389,-0.13236826418419106,0.9352868640403494,-0.15875775246343735,1.4645272853875098,0,1,0,0,1
0.14618039000516048,1.3484626849793988,0.15598245304571848,0.6784710600318581,-0.01976814259233078,0.40901571312601714,2.833761764271922,-0.1487223310037256,2.083967224992006,1.630792830159489,-0.25894017152282567,0.18112468893201095,-0.05595446998086194,0.061066758322722306,0.9107623598169828,-0.1374792655104014,1.982457948040235,0,1,0,0,1
-0.18896144744883633,-0.39869069487513986,-0.187535596217774,-0.8767634615311403,-0.32126592142493154,-0.24189835533175458,-0.4092564034258992,-0.14392785014507214,-0.5766411011768886,-0.5583876134771013,-0.26367009700691996,-0.2089445572610417,-0.1015291272062052,-0.1653805228952227,-0.36625816899683666,-0.11316099470693164,-0.5901546359208569,0,0,0,0,1
-0.18492359398553518,-0.30162661821655434,-0.19157698503263862,-0.8767634615311403,-0.11581257721546744,-0.24189862707517115,-0.4140041841568094,-0.13956127404128957,-0.5766411011768886,-0.5583876134771013,-0.2602014849852508,-0.20694931815007978,-0.13596738911689893,-0.1653805228952227,-0.36625816899683666,0.43400009837113734,-0.5901546359208569,0,0,0,0,0
0.26731599390419547,0.8631423016864713,0.25701717341733393,0.6784710600318581,-0.08683353801198815,0.0173449432128819,2.732399723308054,-0.14862983832122784,2.2445648366260054,1.0982537123657674,-0.25673287296358166,0.29535212803458005,-0.06035138127874927,0.14218368845665008,0.3585216183884776,-0.08461345941590187,1.8796579320655333,0,1,0,0,0
-0.2091507147653422,-0.30162661821655434,-0.19157698503263862,-0.8767634615311403,-0.25106197023633836,-0.24189811855707719,-0.3965430939265832,-0.14803453363535093,-0.5766411011768886,-0.5583876134771013,-0.25846717897441623,-0.18998978570690359,-0.14379845166177438,-0.1653805228952227,-0.36625816899683666,-1.2074831808630695,-0.5901546359208569,0,0,0,0,0
-0.156658619742427,-0.10749846489938342,-0.1673286521434509,2.2337055815948563,-0.24513065438350773,-0.24123367010068955,-0.3984840453562776,-0.1428541998157551,0.23643779010728838,0.38343798065615486,-0.2616204626304791,-0.18001359015209403,-0.11785725802430165,-0.158382564533914,-0.22890875340086744,0.2151356611399098,0.30196286231381153,0,1,0,0,0
-0.19703715437543867,-0.30162661821655434,-0.19157698503263862,-0.8767634615311403,-0.1741899829647896,-0.24189840005184896,-0.40565400857529976,-0.14967684311202195,-0.5766411011768886,-0.5583876134771013,-0.2557868878667628,-0.21393265503844644,-0.1419125694290452,-0.1653805228952227,-0.36625816899683666,-0.3867415412459661,-0.5901546359208569,0,0,0,0,0
